item_id,judge_model,run_idx,judge_score,raw_response,collected_at
appstore_835599320_14428760384,thinkingmachines/inkling,0,1.0,1,2026-08-16T02:31:49.806636+00:00
appstore_835599320_14428810253,thinkingmachines/inkling,0,5.0,5,2026-08-16T02:31:50.456734+00:00
appstore_835599320_14428765041,thinkingmachines/inkling,0,4.0,4,2026-08-16T02:31:50.855215+00:00
appstore_835599320_14428819095,thinkingmachines/inkling,0,4.0,4,2026-08-16T02:31:52.004740+00:00
appstore_835599320_14428744196,thinkingmachines/inkling,0,5.0,5,2026-08-16T02:31:52.465749+00:00
appstore_835599320_14428686470,thinkingmachines/inkling,0,5.0,5,2026-08-16T02:31:53.572669+00:00
appstore_835599320_14428723654,thinkingmachines/inkling,0,5.0,5,2026-08-16T02:31:53.611102+00:00
appstore_835599320_14428646778,thinkingmachines/inkling,0,5.0,5,2026-08-16T02:31:54.640734+00:00
appstore_835599320_14428629157,thinkingmachines/inkling,0,1.0,1,2026-08-16T02:31:55.012683+00:00
appstore_835599320_14428619843,thinkingmachines/inkling,0,1.0,1,2026-08-16T02:31:55.251572+00:00
appstore_835599320_14428594451,thinkingmachines/inkling,0,5.0,5,2026-08-16T02:31:56.339416+00:00
appstore_835599320_14428739444,thinkingmachines/inkling,0,4.0,4,2026-08-16T02:31:56.425840+00:00
appstore_835599320_14428571539,thinkingmachines/inkling,0,3.0,3,2026-08-16T02:31:56.887582+00:00
appstore_835599320_14428564204,thinkingmachines/inkling,0,5.0,5,2026-08-16T02:31:57.380457+00:00
appstore_835599320_14428553408,thinkingmachines/inkling,0,1.0,1,2026-08-16T02:31:57.413605+00:00
appstore_835599320_14428514180,thinkingmachines/inkling,0,1.0,1,2026-08-16T02:31:58.034736+00:00
appstore_835599320_14428449077,thinkingmachines/inkling,0,3.0,3,2026-08-16T02:31:59.044204+00:00
appstore_835599320_14428438964,thinkingmachines/inkling,0,1.0,1,2026-08-16T02:31:59.523514+00:00
appstore_835599320_14428511012,thinkingmachines/inkling,0,5.0,5,2026-08-16T02:31:59.683138+00:00
appstore_835599320_14428700403,thinkingmachines/inkling,0,3.0,3,2026-08-16T02:32:00.057450+00:00
appstore_835599320_14428374927,thinkingmachines/inkling,0,1.0,1,2026-08-16T02:32:00.348460+00:00
appstore_835599320_14428517333,thinkingmachines/inkling,0,5.0,5,2026-08-16T02:32:00.541097+00:00
appstore_835599320_14428351905,thinkingmachines/inkling,0,1.0,1,2026-08-16T02:32:01.715534+00:00
appstore_835599320_14428244899,thinkingmachines/inkling,0,5.0,5,2026-08-16T02:32:03.506268+00:00
appstore_835599320_14428356558,thinkingmachines/inkling,0,1.0,1,2026-08-16T02:32:03.684865+00:00
appstore_835599320_14428236483,thinkingmachines/inkling,0,1.0,1,2026-08-16T02:32:04.230159+00:00
appstore_835599320_14428237025,thinkingmachines/inkling,0,1.0,1,2026-08-16T02:32:04.290925+00:00
appstore_835599320_14428197349,thinkingmachines/inkling,0,1.0,1,2026-08-16T02:32:04.741075+00:00
appstore_835599320_14428171225,thinkingmachines/inkling,0,5.0,5,2026-08-16T02:32:05.190596+00:00
appstore_835599320_14428089882,thinkingmachines/inkling,0,1.0,1,2026-08-16T02:32:05.233409+00:00
appstore_835599320_14428341371,thinkingmachines/inkling,0,3.0,3,2026-08-16T02:32:06.232063+00:00
appstore_835599320_14428055987,thinkingmachines/inkling,0,1.0,1,2026-08-16T02:32:06.607214+00:00
appstore_835599320_14428412194,thinkingmachines/inkling,0,4.0,4,2026-08-16T02:32:07.487310+00:00
appstore_835599320_14427952281,thinkingmachines/inkling,0,1.0,1,2026-08-16T02:32:07.675491+00:00
appstore_835599320_14428076460,thinkingmachines/inkling,0,3.0,3,2026-08-16T02:32:08.129470+00:00
appstore_835599320_14427946980,thinkingmachines/inkling,0,1.0,1,2026-08-16T02:32:08.248261+00:00
appstore_835599320_14427854895,thinkingmachines/inkling,0,1.0,1,2026-08-16T02:32:08.266040+00:00
appstore_835599320_14427843102,thinkingmachines/inkling,0,1.0,1,2026-08-16T02:32:09.206798+00:00
appstore_835599320_14427759908,thinkingmachines/inkling,0,1.0,1,2026-08-16T02:32:09.488696+00:00
appstore_835599320_14427750804,thinkingmachines/inkling,0,1.0,1,2026-08-16T02:32:09.850052+00:00
appstore_835599320_14427956422,thinkingmachines/inkling,0,2.0,2,2026-08-16T02:32:10.185880+00:00
appstore_835599320_14427823603,thinkingmachines/inkling,0,2.0,2,2026-08-16T02:32:10.322678+00:00
appstore_835599320_14427744046,thinkingmachines/inkling,0,1.0,1,2026-08-16T02:32:10.540625+00:00
appstore_835599320_14427442367,thinkingmachines/inkling,0,1.0,1,2026-08-16T02:32:11.043045+00:00
appstore_835599320_14427688392,thinkingmachines/inkling,0,1.0,1,2026-08-16T02:32:11.056797+00:00
appstore_835599320_14427599023,thinkingmachines/inkling,0,4.0,4,2026-08-16T02:32:11.933550+00:00
appstore_835599320_14427430674,thinkingmachines/inkling,0,1.0,1,2026-08-16T02:32:12.302217+00:00
appstore_835599320_14427373316,thinkingmachines/inkling,0,5.0,5,2026-08-16T02:32:12.759803+00:00
appstore_835599320_14427299765,thinkingmachines/inkling,0,5.0,5,2026-08-16T02:32:12.886963+00:00
appstore_835599320_14427135556,thinkingmachines/inkling,0,1.0,1,2026-08-16T02:32:13.259286+00:00
appstore_835599320_14427039669,thinkingmachines/inkling,0,1.0,1,2026-08-16T02:32:14.267674+00:00
appstore_835599320_14426920889,thinkingmachines/inkling,0,1.0,1,2026-08-16T02:32:14.346828+00:00
appstore_835599320_14426784062,thinkingmachines/inkling,0,5.0,5,2026-08-16T02:32:15.265166+00:00
appstore_835599320_14426853328,thinkingmachines/inkling,0,1.0,1,2026-08-16T02:32:15.496836+00:00
appstore_835599320_14427310968,thinkingmachines/inkling,0,1.0,1,2026-08-16T02:32:15.916952+00:00
appstore_835599320_14426749546,thinkingmachines/inkling,0,1.0,1,2026-08-16T02:32:16.135727+00:00
appstore_835599320_14426595494,thinkingmachines/inkling,0,1.0,1,2026-08-16T02:32:16.780962+00:00
appstore_835599320_14426516911,thinkingmachines/inkling,0,1.0,1,2026-08-16T02:32:17.439344+00:00
appstore_835599320_14426691551,thinkingmachines/inkling,0,2.0,2,2026-08-16T02:32:17.515489+00:00
appstore_835599320_14426359554,thinkingmachines/inkling,0,1.0,1,2026-08-16T02:32:18.120195+00:00
appstore_835599320_14426524724,thinkingmachines/inkling,0,2.0,2,2026-08-16T02:32:18.655568+00:00
appstore_835599320_14426268353,thinkingmachines/inkling,0,1.0,1,2026-08-16T02:32:19.045886+00:00
appstore_835599320_14426229267,thinkingmachines/inkling,0,1.0,1,2026-08-16T02:32:19.380359+00:00
appstore_835599320_14426131465,thinkingmachines/inkling,0,1.0,1,2026-08-16T02:32:21.803829+00:00
appstore_835599320_14426201968,thinkingmachines/inkling,0,5.0,5,2026-08-16T02:32:21.846134+00:00
appstore_835599320_14427042880,thinkingmachines/inkling,0,2.0,2,2026-08-16T02:32:22.019618+00:00
appstore_835599320_14425864961,thinkingmachines/inkling,0,1.0,1,2026-08-16T02:32:22.880246+00:00
appstore_835599320_14425823475,thinkingmachines/inkling,0,1.0,1,2026-08-16T02:32:23.410220+00:00
appstore_835599320_14426288395,thinkingmachines/inkling,0,2.0,2,2026-08-16T02:32:23.457364+00:00
appstore_835599320_14426070358,thinkingmachines/inkling,0,1.0,1,2026-08-16T02:32:23.472286+00:00
appstore_835599320_14425711947,thinkingmachines/inkling,0,1.0,1,2026-08-16T02:32:24.115054+00:00
appstore_835599320_14425781642,thinkingmachines/inkling,0,1.0,1,2026-08-16T02:32:24.327787+00:00
appstore_835599320_14425825228,thinkingmachines/inkling,0,2.0,2,2026-08-16T02:32:24.366342+00:00
appstore_835599320_14425753190,thinkingmachines/inkling,0,4.0,4,2026-08-16T02:32:24.866672+00:00
appstore_835599320_14425588479,thinkingmachines/inkling,0,1.0,1,2026-08-16T02:32:24.954045+00:00
appstore_835599320_14425575325,thinkingmachines/inkling,0,1.0,1,2026-08-16T02:32:25.332270+00:00
appstore_835599320_14425626926,thinkingmachines/inkling,0,1.0,1,2026-08-16T02:32:25.541533+00:00
appstore_835599320_14425609339,thinkingmachines/inkling,0,1.0,1,2026-08-16T02:32:25.963942+00:00
appstore_835599320_14425510800,thinkingmachines/inkling,0,1.0,1,2026-08-16T02:32:25.976152+00:00
appstore_835599320_14425509750,thinkingmachines/inkling,0,5.0,5,2026-08-16T02:32:26.093084+00:00
appstore_835599320_14425397014,thinkingmachines/inkling,0,5.0,5,2026-08-16T02:32:26.960709+00:00
appstore_835599320_14425418666,thinkingmachines/inkling,0,4.0,4,2026-08-16T02:32:26.982945+00:00
appstore_835599320_14425355178,thinkingmachines/inkling,0,1.0,1,2026-08-16T02:32:27.584590+00:00
appstore_835599320_14425465104,thinkingmachines/inkling,0,5.0,5,2026-08-16T02:32:28.190926+00:00
appstore_835599320_14425343863,thinkingmachines/inkling,0,1.0,1,2026-08-16T02:32:28.249901+00:00
appstore_835599320_14425241436,thinkingmachines/inkling,0,1.0,1,2026-08-16T02:32:28.693436+00:00
appstore_835599320_14425359945,thinkingmachines/inkling,0,1.0,1,2026-08-16T02:32:28.985672+00:00
appstore_835599320_14425255827,thinkingmachines/inkling,0,2.0,2,2026-08-16T02:32:29.341794+00:00
appstore_835599320_14425233620,thinkingmachines/inkling,0,2.0,2,2026-08-16T02:32:30.172694+00:00
appstore_835599320_14425215600,thinkingmachines/inkling,0,1.0,1,2026-08-16T02:32:30.389832+00:00
appstore_835599320_14425190973,thinkingmachines/inkling,0,4.0,4,2026-08-16T02:32:31.494878+00:00
appstore_835599320_14425143997,thinkingmachines/inkling,0,1.0,1,2026-08-16T02:32:32.699197+00:00
appstore_835599320_14425236429,thinkingmachines/inkling,0,2.0,2,2026-08-16T02:32:33.892681+00:00
appstore_835599320_14425185918,thinkingmachines/inkling,0,4.0,4,2026-08-16T02:32:34.248234+00:00
appstore_835599320_14425119595,thinkingmachines/inkling,0,5.0,5,2026-08-16T02:32:34.391646+00:00
appstore_835599320_14425090768,thinkingmachines/inkling,0,1.0,1,2026-08-16T02:32:34.721350+00:00
appstore_835599320_14425088431,thinkingmachines/inkling,0,1.0,1,2026-08-16T02:32:34.941588+00:00
appstore_835599320_14425110794,thinkingmachines/inkling,0,3.0,3,2026-08-16T02:32:35.468937+00:00
appstore_835599320_14425075207,thinkingmachines/inkling,0,1.0,1,2026-08-16T02:32:35.786130+00:00
appstore_835599320_14425076450,thinkingmachines/inkling,0,1.0,1,2026-08-16T02:32:36.169601+00:00
appstore_835599320_14425461325,thinkingmachines/inkling,0,5.0,5,2026-08-16T02:32:36.367999+00:00
appstore_835599320_14425074031,thinkingmachines/inkling,0,5.0,5,2026-08-16T02:32:36.799700+00:00
appstore_835599320_14425070967,thinkingmachines/inkling,0,5.0,5,2026-08-16T02:32:37.225181+00:00
appstore_835599320_14424873583,thinkingmachines/inkling,0,1.0,1,2026-08-16T02:32:37.747296+00:00
appstore_835599320_14424885040,thinkingmachines/inkling,0,1.0,1,2026-08-16T02:32:37.779251+00:00
appstore_835599320_14425048133,thinkingmachines/inkling,0,4.0,4,2026-08-16T02:32:37.862161+00:00
appstore_835599320_14424896709,thinkingmachines/inkling,0,5.0,5,2026-08-16T02:32:38.091156+00:00
appstore_835599320_14424783041,thinkingmachines/inkling,0,5.0,5,2026-08-16T02:32:39.001157+00:00
appstore_835599320_14424713228,thinkingmachines/inkling,0,1.0,1,2026-08-16T02:32:39.434537+00:00
appstore_835599320_14424705101,thinkingmachines/inkling,0,1.0,1,2026-08-16T02:32:39.851996+00:00
appstore_835599320_14424714637,thinkingmachines/inkling,0,1.0,1,2026-08-16T02:32:40.207326+00:00
appstore_835599320_14424668096,thinkingmachines/inkling,0,1.0,1,2026-08-16T02:32:41.024142+00:00
appstore_835599320_14424837099,thinkingmachines/inkling,0,3.0,3,2026-08-16T02:32:41.695751+00:00
appstore_835599320_14424670827,thinkingmachines/inkling,0,1.0,1,2026-08-16T02:32:42.036243+00:00
appstore_835599320_14424660911,thinkingmachines/inkling,0,1.0,1,2026-08-16T02:32:42.115118+00:00
appstore_835599320_14424477481,thinkingmachines/inkling,0,5.0,5,2026-08-16T02:32:42.971423+00:00
appstore_835599320_14424628502,thinkingmachines/inkling,0,1.0,1,2026-08-16T02:32:43.864129+00:00
appstore_835599320_14424462025,thinkingmachines/inkling,0,4.0,4,2026-08-16T02:32:44.500753+00:00
appstore_835599320_14424724139,thinkingmachines/inkling,0,4.0,4,2026-08-16T02:32:44.860825+00:00
appstore_835599320_14424423682,thinkingmachines/inkling,0,1.0,1,2026-08-16T02:32:45.200297+00:00
appstore_835599320_14424417041,thinkingmachines/inkling,0,5.0,5,2026-08-16T02:32:45.852635+00:00
appstore_835599320_14424301407,thinkingmachines/inkling,0,1.0,1,2026-08-16T02:32:46.646905+00:00
appstore_835599320_14424336545,thinkingmachines/inkling,0,1.0,1,2026-08-16T02:32:46.833646+00:00
appstore_835599320_14424255248,thinkingmachines/inkling,0,1.0,1,2026-08-16T02:32:47.392985+00:00
appstore_835599320_14424246562,thinkingmachines/inkling,0,1.0,1,2026-08-16T02:32:48.096253+00:00
appstore_835599320_14424499985,thinkingmachines/inkling,0,5.0,5,2026-08-16T02:32:48.422387+00:00
appstore_835599320_14424265133,thinkingmachines/inkling,0,3.0,3,2026-08-16T02:32:48.905229+00:00
appstore_835599320_14424115363,thinkingmachines/inkling,0,1.0,1,2026-08-16T02:32:49.421154+00:00
appstore_835599320_14424137144,thinkingmachines/inkling,0,4.0,4,2026-08-16T02:32:49.714914+00:00
appstore_835599320_14424110210,thinkingmachines/inkling,0,5.0,5,2026-08-16T02:32:49.974974+00:00
appstore_835599320_14424066342,thinkingmachines/inkling,0,1.0,1,2026-08-16T02:32:50.296455+00:00
appstore_835599320_14424055385,thinkingmachines/inkling,0,4.0,4,2026-08-16T02:32:50.484786+00:00
appstore_835599320_14424426839,thinkingmachines/inkling,0,4.0,4,2026-08-16T02:32:51.213431+00:00
appstore_835599320_14424073346,thinkingmachines/inkling,0,1.0,1,2026-08-16T02:32:51.634471+00:00
appstore_835599320_14424041218,thinkingmachines/inkling,0,1.0,1,2026-08-16T02:32:51.753210+00:00
appstore_835599320_14423927558,thinkingmachines/inkling,0,1.0,1,2026-08-16T02:32:52.048753+00:00
appstore_835599320_14423869603,thinkingmachines/inkling,0,1.0,1,2026-08-16T02:32:52.581365+00:00
appstore_835599320_14423978517,thinkingmachines/inkling,0,5.0,5,2026-08-16T02:32:52.594095+00:00
appstore_835599320_14423899578,thinkingmachines/inkling,0,5.0,5,2026-08-16T02:32:52.671293+00:00
appstore_835599320_14423815178,thinkingmachines/inkling,0,1.0,1,2026-08-16T02:32:53.364872+00:00
appstore_835599320_14423865744,thinkingmachines/inkling,0,1.0,1,2026-08-16T02:32:53.715224+00:00
appstore_835599320_14423956060,thinkingmachines/inkling,0,2.0,2,2026-08-16T02:32:53.766718+00:00
appstore_835599320_14423726911,thinkingmachines/inkling,0,1.0,1,2026-08-16T02:32:54.179355+00:00
appstore_835599320_14423734403,thinkingmachines/inkling,0,5.0,5,2026-08-16T02:32:54.429701+00:00
appstore_835599320_14423861158,thinkingmachines/inkling,0,1.0,1,2026-08-16T02:32:54.746752+00:00
appstore_835599320_14423684339,thinkingmachines/inkling,0,1.0,1,2026-08-16T02:32:55.202564+00:00
appstore_835599320_14423676209,thinkingmachines/inkling,0,1.0,1,2026-08-16T02:32:55.288344+00:00
appstore_835599320_14423668591,thinkingmachines/inkling,0,5.0,5,2026-08-16T02:32:55.913837+00:00
appstore_835599320_14423559474,thinkingmachines/inkling,0,5.0,5,2026-08-16T02:32:56.029113+00:00
appstore_835599320_14423337079,thinkingmachines/inkling,0,5.0,5,2026-08-16T02:32:56.352324+00:00
appstore_835599320_14423504404,thinkingmachines/inkling,0,5.0,5,2026-08-16T02:32:56.636453+00:00
appstore_835599320_14423249687,thinkingmachines/inkling,0,1.0,1,2026-08-16T02:32:56.794126+00:00
appstore_835599320_14423580837,thinkingmachines/inkling,0,5.0,5,2026-08-16T02:32:56.863197+00:00
appstore_835599320_14423189646,thinkingmachines/inkling,0,1.0,1,2026-08-16T02:32:57.509049+00:00
appstore_835599320_14422962173,thinkingmachines/inkling,0,3.0,3,2026-08-16T02:32:57.996348+00:00
appstore_835599320_14423074485,thinkingmachines/inkling,0,1.0,1,2026-08-16T02:32:58.163542+00:00
appstore_835599320_14422921009,thinkingmachines/inkling,0,1.0,1,2026-08-16T02:32:58.440739+00:00
appstore_835599320_14422927247,thinkingmachines/inkling,0,5.0,5,2026-08-16T02:32:58.994932+00:00
appstore_835599320_14422612416,thinkingmachines/inkling,0,5.0,5,2026-08-16T02:32:59.417796+00:00
appstore_835599320_14422803127,thinkingmachines/inkling,0,1.0,1,2026-08-16T02:32:59.772403+00:00
appstore_835599320_14422713991,thinkingmachines/inkling,0,1.0,1,2026-08-16T02:33:00.377066+00:00
appstore_835599320_14422506310,thinkingmachines/inkling,0,1.0,1,2026-08-16T02:33:00.831735+00:00
appstore_835599320_14422526387,thinkingmachines/inkling,0,1.0,1,2026-08-16T02:33:01.177297+00:00
appstore_835599320_14423331010,thinkingmachines/inkling,0,4.0,4,2026-08-16T02:33:01.631391+00:00
appstore_835599320_14422365944,thinkingmachines/inkling,0,5.0,5,2026-08-16T02:33:01.808444+00:00
appstore_835599320_14422492914,thinkingmachines/inkling,0,1.0,1,2026-08-16T02:33:02.197679+00:00
appstore_835599320_14422279375,thinkingmachines/inkling,0,1.0,1,2026-08-16T02:33:02.581235+00:00
appstore_835599320_14422302036,thinkingmachines/inkling,0,1.0,1,2026-08-16T02:33:02.697202+00:00
appstore_835599320_14422219017,thinkingmachines/inkling,0,5.0,5,2026-08-16T02:33:02.888699+00:00
appstore_835599320_14422141773,thinkingmachines/inkling,0,3.0,3,2026-08-16T02:33:03.417175+00:00
appstore_835599320_14421841695,thinkingmachines/inkling,0,1.0,1,2026-08-16T02:33:03.710694+00:00
appstore_835599320_14422149520,thinkingmachines/inkling,0,1.0,1,2026-08-16T02:33:04.149051+00:00
appstore_835599320_14422081415,thinkingmachines/inkling,0,5.0,5,2026-08-16T02:33:04.866205+00:00
appstore_835599320_14421835901,thinkingmachines/inkling,0,1.0,1,2026-08-16T02:33:05.330452+00:00
appstore_835599320_14421652191,thinkingmachines/inkling,0,1.0,1,2026-08-16T02:33:06.221136+00:00
appstore_835599320_14421601206,thinkingmachines/inkling,0,1.0,1,2026-08-16T02:33:06.302801+00:00
appstore_835599320_14421554714,thinkingmachines/inkling,0,1.0,1,2026-08-16T02:33:07.154200+00:00
appstore_835599320_14421790290,thinkingmachines/inkling,0,4.0,4,2026-08-16T02:33:07.171939+00:00
appstore_835599320_14421482014,thinkingmachines/inkling,0,1.0,1,2026-08-16T02:33:07.330213+00:00
appstore_835599320_14421383900,thinkingmachines/inkling,0,2.0,2,2026-08-16T02:33:08.385848+00:00
appstore_835599320_14421382125,thinkingmachines/inkling,0,1.0,1,2026-08-16T02:33:08.418828+00:00
appstore_835599320_14421399995,thinkingmachines/inkling,0,1.0,1,2026-08-16T02:33:08.736257+00:00
appstore_835599320_14421601859,thinkingmachines/inkling,0,2.0,2,2026-08-16T02:33:08.784459+00:00
appstore_835599320_14421289461,thinkingmachines/inkling,0,1.0,1,2026-08-16T02:33:08.936899+00:00
appstore_835599320_14421270657,thinkingmachines/inkling,0,1.0,1,2026-08-16T02:33:09.254172+00:00
appstore_835599320_14421225884,thinkingmachines/inkling,0,4.0,4,2026-08-16T02:33:09.766269+00:00
appstore_835599320_14421311082,thinkingmachines/inkling,0,5.0,5,2026-08-16T02:33:10.014291+00:00
appstore_835599320_14421217190,thinkingmachines/inkling,0,5.0,5,2026-08-16T02:33:10.120643+00:00
appstore_835599320_14421202898,thinkingmachines/inkling,0,1.0,1,2026-08-16T02:33:10.856267+00:00
appstore_835599320_14421112045,thinkingmachines/inkling,0,5.0,5,2026-08-16T02:33:10.943920+00:00
appstore_835599320_14421124846,thinkingmachines/inkling,0,1.0,1,2026-08-16T02:33:11.381239+00:00
appstore_835599320_14421105426,thinkingmachines/inkling,0,1.0,1,2026-08-16T02:33:11.848405+00:00
appstore_835599320_14421263552,thinkingmachines/inkling,0,3.0,3,2026-08-16T02:33:11.942653+00:00
appstore_835599320_14421010180,thinkingmachines/inkling,0,1.0,1,2026-08-16T02:33:12.582718+00:00
appstore_835599320_14421017445,thinkingmachines/inkling,0,1.0,1,2026-08-16T02:33:13.061827+00:00
appstore_835599320_14421040710,thinkingmachines/inkling,0,2.0,2,2026-08-16T02:33:13.304522+00:00
appstore_835599320_14420932538,thinkingmachines/inkling,0,1.0,1,2026-08-16T02:33:13.577161+00:00
appstore_835599320_14420914725,thinkingmachines/inkling,0,1.0,1,2026-08-16T02:33:14.372068+00:00
appstore_835599320_14420884194,thinkingmachines/inkling,0,1.0,1,2026-08-16T02:33:15.024649+00:00
appstore_835599320_14420882224,thinkingmachines/inkling,0,1.0,1,2026-08-16T02:33:15.523732+00:00
appstore_835599320_14420958576,thinkingmachines/inkling,0,3.0,3,2026-08-16T02:33:16.726144+00:00
appstore_835599320_14420880461,thinkingmachines/inkling,0,1.0,1,2026-08-16T02:33:16.830498+00:00
appstore_835599320_14421047904,thinkingmachines/inkling,0,4.0,4,2026-08-16T02:33:18.378982+00:00
appstore_835599320_14420841153,thinkingmachines/inkling,0,1.0,1,2026-08-16T02:33:18.543032+00:00
appstore_835599320_14420750046,thinkingmachines/inkling,0,1.0,1,2026-08-16T02:33:18.838430+00:00
appstore_835599320_14420896448,thinkingmachines/inkling,0,2.0,2,2026-08-16T02:33:19.670105+00:00
appstore_835599320_14420800108,thinkingmachines/inkling,0,1.0,1,2026-08-16T02:33:19.835375+00:00
appstore_835599320_14420691497,thinkingmachines/inkling,0,5.0,5,2026-08-16T02:33:20.035179+00:00
appstore_835599320_14420697889,thinkingmachines/inkling,0,1.0,1,2026-08-16T02:33:20.518844+00:00
appstore_835599320_14420649357,thinkingmachines/inkling,0,1.0,1,2026-08-16T02:33:20.806082+00:00
appstore_835599320_14420620609,thinkingmachines/inkling,0,1.0,1,2026-08-16T02:33:20.885426+00:00
appstore_835599320_14420610187,thinkingmachines/inkling,0,1.0,1,2026-08-16T02:33:20.955862+00:00
appstore_835599320_14420566934,thinkingmachines/inkling,0,1.0,1,2026-08-16T02:33:21.529080+00:00
appstore_835599320_14420482131,thinkingmachines/inkling,0,1.0,1,2026-08-16T02:33:21.706701+00:00
appstore_835599320_14420541644,thinkingmachines/inkling,0,1.0,1,2026-08-16T02:33:21.866501+00:00
appstore_835599320_14420475555,thinkingmachines/inkling,0,5.0,5,2026-08-16T02:33:22.859395+00:00
appstore_835599320_14420455029,thinkingmachines/inkling,0,1.0,1,2026-08-16T02:33:23.804701+00:00
appstore_835599320_14420457785,thinkingmachines/inkling,0,4.0,4,2026-08-16T02:33:23.818526+00:00
appstore_835599320_14420439313,thinkingmachines/inkling,0,5.0,5,2026-08-16T02:33:24.450929+00:00
appstore_835599320_14420384156,thinkingmachines/inkling,0,1.0,1,2026-08-16T02:33:24.531253+00:00
appstore_835599320_14420533330,thinkingmachines/inkling,0,4.0,4,2026-08-16T02:33:24.747091+00:00
appstore_835599320_14420458498,thinkingmachines/inkling,0,3.0,3,2026-08-16T02:33:26.114957+00:00
appstore_835599320_14420381152,thinkingmachines/inkling,0,1.0,1,2026-08-16T02:33:26.155349+00:00
appstore_835599320_14420363729,thinkingmachines/inkling,0,3.0,3,2026-08-16T02:33:26.376653+00:00
appstore_835599320_14420333816,thinkingmachines/inkling,0,1.0,1,2026-08-16T02:33:26.628244+00:00
appstore_835599320_14420271820,thinkingmachines/inkling,0,4.0,4,2026-08-16T02:33:26.873326+00:00
appstore_835599320_14420202745,thinkingmachines/inkling,0,1.0,1,2026-08-16T02:33:26.943139+00:00
appstore_835599320_14420109552,thinkingmachines/inkling,0,1.0,1,2026-08-16T02:33:27.390365+00:00
appstore_835599320_14420140692,thinkingmachines/inkling,0,1.0,1,2026-08-16T02:33:27.574192+00:00
appstore_835599320_14420049416,thinkingmachines/inkling,0,1.0,1,2026-08-16T02:33:28.282676+00:00
appstore_835599320_14420021596,thinkingmachines/inkling,0,1.0,1,2026-08-16T02:33:29.148301+00:00
appstore_835599320_14419991510,thinkingmachines/inkling,0,2.0,2,2026-08-16T02:33:29.997551+00:00
appstore_835599320_14420159427,thinkingmachines/inkling,0,1.0,1,2026-08-16T02:33:30.043021+00:00
appstore_835599320_14420114856,thinkingmachines/inkling,0,5.0,5,2026-08-16T02:33:30.113854+00:00
appstore_835599320_14419932398,thinkingmachines/inkling,0,1.0,1,2026-08-16T02:33:30.892132+00:00
appstore_835599320_14419969293,thinkingmachines/inkling,0,1.0,1,2026-08-16T02:33:31.283054+00:00
appstore_835599320_14419924321,thinkingmachines/inkling,0,1.0,1,2026-08-16T02:33:31.888123+00:00
appstore_835599320_14419900675,thinkingmachines/inkling,0,1.0,1,2026-08-16T02:33:32.050595+00:00
appstore_835599320_14419871522,thinkingmachines/inkling,0,1.0,1,2026-08-16T02:33:33.144387+00:00
appstore_835599320_14419869794,thinkingmachines/inkling,0,1.0,1,2026-08-16T02:33:33.873712+00:00
appstore_835599320_14420072866,thinkingmachines/inkling,0,2.0,2,2026-08-16T02:33:34.391622+00:00
appstore_835599320_14419800887,thinkingmachines/inkling,0,1.0,1,2026-08-16T02:33:34.848642+00:00
appstore_835599320_14419772472,thinkingmachines/inkling,0,1.0,1,2026-08-16T02:33:34.949608+00:00
appstore_835599320_14419856386,thinkingmachines/inkling,0,4.0,4,2026-08-16T02:33:35.852352+00:00
appstore_835599320_14419747573,thinkingmachines/inkling,0,1.0,1,2026-08-16T02:33:36.145528+00:00
appstore_835599320_14419737568,thinkingmachines/inkling,0,5.0,5,2026-08-16T02:33:36.855734+00:00
appstore_835599320_14419751232,thinkingmachines/inkling,0,3.0,3,2026-08-16T02:33:37.097264+00:00
appstore_835599320_14419732196,thinkingmachines/inkling,0,1.0,1,2026-08-16T02:33:37.538169+00:00
appstore_835599320_14419743970,thinkingmachines/inkling,0,1.0,1,2026-08-16T02:33:37.846469+00:00
appstore_835599320_14419721669,thinkingmachines/inkling,0,3.0,3,2026-08-16T02:33:38.323825+00:00
appstore_835599320_14419944782,thinkingmachines/inkling,0,5.0,5,2026-08-16T02:33:38.847873+00:00
appstore_835599320_14419667565,thinkingmachines/inkling,0,1.0,1,2026-08-16T02:33:39.323963+00:00
appstore_835599320_14419664869,thinkingmachines/inkling,0,5.0,5,2026-08-16T02:33:39.460336+00:00
appstore_835599320_14419685031,thinkingmachines/inkling,0,1.0,1,2026-08-16T02:33:40.562319+00:00
appstore_835599320_14419648864,thinkingmachines/inkling,0,4.0,4,2026-08-16T02:33:41.055450+00:00
appstore_835599320_14419633686,thinkingmachines/inkling,0,1.0,1,2026-08-16T02:33:41.197657+00:00
appstore_835599320_14419573591,thinkingmachines/inkling,0,5.0,5,2026-08-16T02:33:42.580558+00:00
appstore_835599320_14419574151,thinkingmachines/inkling,0,2.0,2,2026-08-16T02:33:42.933320+00:00
appstore_835599320_14419551408,thinkingmachines/inkling,0,1.0,1,2026-08-16T02:33:43.173147+00:00
appstore_835599320_14419499758,thinkingmachines/inkling,0,1.0,1,2026-08-16T02:33:43.842293+00:00
appstore_835599320_14419528612,thinkingmachines/inkling,0,1.0,1,2026-08-16T02:33:44.375375+00:00
appstore_835599320_14419467237,thinkingmachines/inkling,0,1.0,1,2026-08-16T02:33:44.905583+00:00
appstore_835599320_14419439371,thinkingmachines/inkling,0,4.0,4,2026-08-16T02:33:45.690275+00:00
appstore_835599320_14419650084,thinkingmachines/inkling,0,2.0,2,2026-08-16T02:33:45.998821+00:00
appstore_835599320_14419437559,thinkingmachines/inkling,0,5.0,5,2026-08-16T02:33:46.956238+00:00
appstore_835599320_14419341379,thinkingmachines/inkling,0,1.0,1,2026-08-16T02:33:47.009931+00:00
appstore_835599320_14419271983,thinkingmachines/inkling,0,3.0,3,2026-08-16T02:33:47.863155+00:00
appstore_835599320_14419458506,thinkingmachines/inkling,0,1.0,1,2026-08-16T02:33:48.165125+00:00
appstore_835599320_14419118612,thinkingmachines/inkling,0,1.0,1,2026-08-16T02:33:48.741353+00:00
appstore_835599320_14419297186,thinkingmachines/inkling,0,2.0,2,2026-08-16T02:33:49.488050+00:00
appstore_835599320_14419245908,thinkingmachines/inkling,0,5.0,5,2026-08-16T02:33:50.132302+00:00
appstore_835599320_14419025628,thinkingmachines/inkling,0,1.0,1,2026-08-16T02:33:50.193901+00:00
appstore_835599320_14419687564,thinkingmachines/inkling,0,4.0,4,2026-08-16T02:33:50.548798+00:00
appstore_835599320_14418862781,thinkingmachines/inkling,0,1.0,1,2026-08-16T02:33:51.374327+00:00
appstore_835599320_14418738452,thinkingmachines/inkling,0,1.0,1,2026-08-16T02:33:52.191437+00:00
appstore_835599320_14418896955,thinkingmachines/inkling,0,1.0,1,2026-08-16T02:33:52.309411+00:00
appstore_835599320_14418998683,thinkingmachines/inkling,0,4.0,4,2026-08-16T02:33:52.683001+00:00
appstore_835599320_14418730632,thinkingmachines/inkling,0,1.0,1,2026-08-16T02:33:53.275673+00:00
appstore_835599320_14419025859,thinkingmachines/inkling,0,4.0,4,2026-08-16T02:33:53.330723+00:00
appstore_835599320_14418557201,thinkingmachines/inkling,0,1.0,1,2026-08-16T02:33:53.463048+00:00
appstore_835599320_14418482050,thinkingmachines/inkling,0,1.0,1,2026-08-16T02:33:54.445166+00:00
appstore_835599320_14418519528,thinkingmachines/inkling,0,1.0,1,2026-08-16T02:33:54.591125+00:00
appstore_835599320_14418491190,thinkingmachines/inkling,0,1.0,1,2026-08-16T02:33:54.998965+00:00
appstore_835599320_14418392882,thinkingmachines/inkling,0,1.0,1,2026-08-16T02:33:55.472101+00:00
appstore_835599320_14417859649,thinkingmachines/inkling,0,5.0,5,2026-08-16T02:33:55.600350+00:00
appstore_835599320_14417740628,thinkingmachines/inkling,0,1.0,1,2026-08-16T02:33:56.377174+00:00
appstore_835599320_14418162100,thinkingmachines/inkling,0,1.0,1,2026-08-16T02:33:56.737737+00:00
appstore_835599320_14418544529,thinkingmachines/inkling,0,3.0,3,2026-08-16T02:33:57.800346+00:00
appstore_835599320_14417723558,thinkingmachines/inkling,0,3.0,3,2026-08-16T02:33:58.039840+00:00
appstore_835599320_14417762147,thinkingmachines/inkling,0,1.0,1,2026-08-16T02:33:58.226127+00:00
appstore_835599320_14417711071,thinkingmachines/inkling,0,2.0,2,2026-08-16T02:33:59.140086+00:00
appstore_835599320_14417660986,thinkingmachines/inkling,0,4.0,4,2026-08-16T02:33:59.190343+00:00
appstore_835599320_14417550565,thinkingmachines/inkling,0,1.0,1,2026-08-16T02:33:59.970854+00:00
appstore_835599320_14417691449,thinkingmachines/inkling,0,4.0,4,2026-08-16T02:34:00.400784+00:00
appstore_835599320_14417503820,thinkingmachines/inkling,0,1.0,1,2026-08-16T02:34:01.355525+00:00
appstore_835599320_14417510769,thinkingmachines/inkling,0,4.0,4,2026-08-16T02:34:02.174978+00:00
appstore_835599320_14417480058,thinkingmachines/inkling,0,1.0,1,2026-08-16T02:34:02.192832+00:00
appstore_835599320_14417440948,thinkingmachines/inkling,0,1.0,1,2026-08-16T02:34:02.331465+00:00
appstore_835599320_14417433483,thinkingmachines/inkling,0,5.0,5,2026-08-16T02:34:03.038961+00:00
appstore_585027354_14428689579,thinkingmachines/inkling,0,5.0,5,2026-08-16T02:34:03.092333+00:00
appstore_585027354_14428596464,thinkingmachines/inkling,0,1.0,1,2026-08-16T02:34:04.031456+00:00
appstore_585027354_14428833015,thinkingmachines/inkling,0,2.0,2,2026-08-16T02:34:05.979803+00:00
appstore_585027354_14428408914,thinkingmachines/inkling,0,1.0,1,2026-08-16T02:34:06.937810+00:00
appstore_585027354_14428453575,thinkingmachines/inkling,0,3.0,3,2026-08-16T02:34:06.975729+00:00
appstore_585027354_14428361942,thinkingmachines/inkling,0,5.0,5,2026-08-16T02:34:07.593012+00:00
appstore_585027354_14428366660,thinkingmachines/inkling,0,5.0,5,2026-08-16T02:34:07.608964+00:00
appstore_585027354_14428296472,thinkingmachines/inkling,0,1.0,1,2026-08-16T02:34:08.613616+00:00
appstore_585027354_14428273347,thinkingmachines/inkling,0,1.0,1,2026-08-16T02:34:08.901098+00:00
appstore_585027354_14428022000,thinkingmachines/inkling,0,1.0,1,2026-08-16T02:34:09.839533+00:00
appstore_585027354_14428191470,thinkingmachines/inkling,0,3.0,3,2026-08-16T02:34:09.957860+00:00
appstore_585027354_14428641457,thinkingmachines/inkling,0,1.0,1,2026-08-16T02:34:10.478247+00:00
appstore_585027354_14427691172,thinkingmachines/inkling,0,1.0,1,2026-08-16T02:34:10.883815+00:00
appstore_585027354_14427327680,thinkingmachines/inkling,0,1.0,1,2026-08-16T02:34:11.591472+00:00
appstore_585027354_14426891681,thinkingmachines/inkling,0,4.0,4,2026-08-16T02:34:11.905845+00:00
appstore_585027354_14427866888,thinkingmachines/inkling,0,2.0,2,2026-08-16T02:34:12.520958+00:00
appstore_585027354_14426067084,thinkingmachines/inkling,0,1.0,1,2026-08-16T02:34:12.688213+00:00
appstore_585027354_14425062580,thinkingmachines/inkling,0,4.0,4,2026-08-16T02:34:14.419837+00:00
appstore_585027354_14426259590,thinkingmachines/inkling,0,1.0,1,2026-08-16T02:34:14.512956+00:00
appstore_585027354_14425206743,thinkingmachines/inkling,0,2.0,2,2026-08-16T02:34:14.940914+00:00
appstore_585027354_14424910929,thinkingmachines/inkling,0,1.0,1,2026-08-16T02:34:14.959487+00:00
appstore_585027354_14424340877,thinkingmachines/inkling,0,5.0,5,2026-08-16T02:34:15.467391+00:00
appstore_835599320_14417684171,thinkingmachines/inkling,0,3.0,3,2026-08-16T02:34:15.528276+00:00
appstore_585027354_14424807185,thinkingmachines/inkling,0,1.0,1,2026-08-16T02:34:15.955605+00:00
appstore_585027354_14424948927,thinkingmachines/inkling,0,2.0,2,2026-08-16T02:34:16.665926+00:00
appstore_585027354_14424332252,thinkingmachines/inkling,0,1.0,1,2026-08-16T02:34:16.761635+00:00
appstore_585027354_14424234899,thinkingmachines/inkling,0,2.0,2,2026-08-16T02:34:17.413442+00:00
appstore_585027354_14424138502,thinkingmachines/inkling,0,1.0,1,2026-08-16T02:34:17.761354+00:00
appstore_585027354_14424105030,thinkingmachines/inkling,0,1.0,1,2026-08-16T02:34:18.166891+00:00
appstore_585027354_14424143402,thinkingmachines/inkling,0,3.0,3,2026-08-16T02:34:18.481207+00:00
appstore_585027354_14423940380,thinkingmachines/inkling,0,1.0,1,2026-08-16T02:34:18.917583+00:00
appstore_585027354_14423760643,thinkingmachines/inkling,0,5.0,5,2026-08-16T02:34:19.061119+00:00
appstore_585027354_14423631384,thinkingmachines/inkling,0,5.0,5,2026-08-16T02:34:19.269594+00:00
appstore_585027354_14423360316,thinkingmachines/inkling,0,5.0,5,2026-08-16T02:34:20.033543+00:00
appstore_585027354_14423143964,thinkingmachines/inkling,0,5.0,5,2026-08-16T02:34:20.080967+00:00
appstore_585027354_14424211835,thinkingmachines/inkling,0,1.0,1,2026-08-16T02:34:20.398027+00:00
appstore_585027354_14423134891,thinkingmachines/inkling,0,1.0,1,2026-08-16T02:34:20.900023+00:00
appstore_585027354_14423250040,thinkingmachines/inkling,0,5.0,5,2026-08-16T02:34:20.970025+00:00
appstore_585027354_14422714592,thinkingmachines/inkling,0,5.0,5,2026-08-16T02:34:21.026220+00:00
appstore_585027354_14421163326,thinkingmachines/inkling,0,5.0,5,2026-08-16T02:34:21.390708+00:00
appstore_585027354_14422698193,thinkingmachines/inkling,0,5.0,5,2026-08-16T02:34:21.683304+00:00
appstore_585027354_14421472470,thinkingmachines/inkling,0,1.0,1,2026-08-16T02:34:21.768859+00:00
appstore_585027354_14421142569,thinkingmachines/inkling,0,1.0,1,2026-08-16T02:34:21.908926+00:00
appstore_585027354_14421198547,thinkingmachines/inkling,0,5.0,5,2026-08-16T02:34:22.018463+00:00
appstore_585027354_14420812260,thinkingmachines/inkling,0,5.0,5,2026-08-16T02:34:22.513351+00:00
appstore_585027354_14420184963,thinkingmachines/inkling,0,1.0,1,2026-08-16T02:34:23.040435+00:00
appstore_585027354_14419895850,thinkingmachines/inkling,0,5.0,5,2026-08-16T02:34:23.574441+00:00
appstore_585027354_14420692095,thinkingmachines/inkling,0,5.0,5,2026-08-16T02:34:23.779931+00:00
appstore_585027354_14421131098,thinkingmachines/inkling,0,1.0,1,2026-08-16T02:34:23.821082+00:00
appstore_585027354_14419828497,thinkingmachines/inkling,0,5.0,5,2026-08-16T02:34:24.088801+00:00
appstore_585027354_14421090841,thinkingmachines/inkling,0,1.0,1,2026-08-16T02:34:24.324884+00:00
appstore_585027354_14419558958,thinkingmachines/inkling,0,5.0,5,2026-08-16T02:34:24.838059+00:00
appstore_585027354_14419335739,thinkingmachines/inkling,0,5.0,5,2026-08-16T02:34:24.872611+00:00
appstore_585027354_14419370318,thinkingmachines/inkling,0,5.0,5,2026-08-16T02:34:24.921180+00:00
appstore_585027354_14419722589,thinkingmachines/inkling,0,5.0,5,2026-08-16T02:34:25.123201+00:00
appstore_585027354_14419161386,thinkingmachines/inkling,0,1.0,1,2026-08-16T02:34:25.915824+00:00
appstore_585027354_14419149197,thinkingmachines/inkling,0,5.0,5,2026-08-16T02:34:25.927245+00:00
appstore_585027354_14418886368,thinkingmachines/inkling,0,1.0,1,2026-08-16T02:34:26.554016+00:00
appstore_585027354_14419232344,thinkingmachines/inkling,0,2.0,2,2026-08-16T02:34:27.095723+00:00
appstore_585027354_14418678018,thinkingmachines/inkling,0,1.0,1,2026-08-16T02:34:28.337647+00:00
appstore_585027354_14418829956,thinkingmachines/inkling,0,1.0,1,2026-08-16T02:34:28.788163+00:00
appstore_585027354_14419128261,thinkingmachines/inkling,0,4.0,4,2026-08-16T02:34:28.893767+00:00
appstore_585027354_14418556875,thinkingmachines/inkling,0,1.0,1,2026-08-16T02:34:29.180674+00:00
appstore_585027354_14418230266,thinkingmachines/inkling,0,5.0,5,2026-08-16T02:34:29.313199+00:00
appstore_585027354_14418376836,thinkingmachines/inkling,0,2.0,2,2026-08-16T02:34:30.833868+00:00
appstore_585027354_14416385800,thinkingmachines/inkling,0,1.0,1,2026-08-16T02:34:32.152337+00:00
appstore_585027354_14417211242,thinkingmachines/inkling,0,3.0,3,2026-08-16T02:34:32.315535+00:00
appstore_585027354_14416223053,thinkingmachines/inkling,0,5.0,5,2026-08-16T02:34:32.895000+00:00
appstore_585027354_14416214488,thinkingmachines/inkling,0,4.0,4,2026-08-16T02:34:33.188613+00:00
appstore_585027354_14416160147,thinkingmachines/inkling,0,5.0,5,2026-08-16T02:34:33.604585+00:00
appstore_585027354_14416120338,thinkingmachines/inkling,0,1.0,1,2026-08-16T02:34:33.779907+00:00
appstore_585027354_14416888008,thinkingmachines/inkling,0,5.0,5,2026-08-16T02:34:33.919602+00:00
appstore_585027354_14416083123,thinkingmachines/inkling,0,5.0,5,2026-08-16T02:34:34.733422+00:00
appstore_585027354_14415245116,thinkingmachines/inkling,0,5.0,5,2026-08-16T02:34:35.200651+00:00
appstore_585027354_14415345765,thinkingmachines/inkling,0,5.0,5,2026-08-16T02:34:35.357072+00:00
appstore_585027354_14415519492,thinkingmachines/inkling,0,5.0,5,2026-08-16T02:34:35.666488+00:00
appstore_585027354_14414687854,thinkingmachines/inkling,0,1.0,1,2026-08-16T02:34:35.891569+00:00
appstore_585027354_14414874036,thinkingmachines/inkling,0,1.0,1,2026-08-16T02:34:36.307483+00:00
appstore_585027354_14414479510,thinkingmachines/inkling,0,5.0,5,2026-08-16T02:34:36.414710+00:00
appstore_585027354_14414169755,thinkingmachines/inkling,0,1.0,1,2026-08-16T02:34:37.320913+00:00
appstore_585027354_14415690581,thinkingmachines/inkling,0,5.0,5,2026-08-16T02:34:38.009076+00:00
appstore_585027354_14414661974,thinkingmachines/inkling,0,3.0,3,2026-08-16T02:34:38.585265+00:00
appstore_585027354_14414296513,thinkingmachines/inkling,0,3.0,3,2026-08-16T02:34:39.325228+00:00
appstore_585027354_14413577188,thinkingmachines/inkling,0,1.0,1,2026-08-16T02:34:39.410747+00:00
appstore_585027354_14413800912,thinkingmachines/inkling,0,1.0,1,2026-08-16T02:34:39.541019+00:00
appstore_585027354_14413451551,thinkingmachines/inkling,0,1.0,1,2026-08-16T02:34:39.815506+00:00
appstore_585027354_14413012178,thinkingmachines/inkling,0,5.0,5,2026-08-16T02:34:40.189343+00:00
appstore_585027354_14412407625,thinkingmachines/inkling,0,5.0,5,2026-08-16T02:34:40.310122+00:00
appstore_585027354_14411904662,thinkingmachines/inkling,0,1.0,1,2026-08-16T02:34:40.659039+00:00
appstore_585027354_14411925996,thinkingmachines/inkling,0,1.0,1,2026-08-16T02:34:40.912920+00:00
appstore_585027354_14412316481,thinkingmachines/inkling,0,1.0,1,2026-08-16T02:34:41.047589+00:00
appstore_585027354_14411771958,thinkingmachines/inkling,0,5.0,5,2026-08-16T02:34:41.704004+00:00
appstore_585027354_14411762340,thinkingmachines/inkling,0,1.0,1,2026-08-16T02:34:41.945988+00:00
appstore_585027354_14411571901,thinkingmachines/inkling,0,5.0,5,2026-08-16T02:34:41.998479+00:00
appstore_585027354_14411277885,thinkingmachines/inkling,0,2.0,2,2026-08-16T02:34:42.880504+00:00
appstore_585027354_14411258267,thinkingmachines/inkling,0,1.0,1,2026-08-16T02:34:43.423890+00:00
appstore_585027354_14411046806,thinkingmachines/inkling,0,1.0,1,2026-08-16T02:34:43.759510+00:00
appstore_585027354_14411048229,thinkingmachines/inkling,0,5.0,5,2026-08-16T02:34:43.795309+00:00
appstore_585027354_14411903886,thinkingmachines/inkling,0,3.0,3,2026-08-16T02:34:44.120613+00:00
appstore_585027354_14410739861,thinkingmachines/inkling,0,5.0,5,2026-08-16T02:34:44.303400+00:00
appstore_585027354_14410566775,thinkingmachines/inkling,0,5.0,5,2026-08-16T02:34:44.491198+00:00
appstore_585027354_14411012450,thinkingmachines/inkling,0,1.0,1,2026-08-16T02:34:44.566816+00:00
appstore_585027354_14410068565,thinkingmachines/inkling,0,1.0,1,2026-08-16T02:34:45.293301+00:00
appstore_585027354_14410373832,thinkingmachines/inkling,0,5.0,5,2026-08-16T02:34:45.295851+00:00
appstore_585027354_14410219451,thinkingmachines/inkling,0,5.0,5,2026-08-16T02:34:45.376267+00:00
appstore_585027354_14409101618,thinkingmachines/inkling,0,5.0,5,2026-08-16T02:34:46.278566+00:00
appstore_585027354_14408742528,thinkingmachines/inkling,0,1.0,1,2026-08-16T02:34:46.624431+00:00
appstore_585027354_14410304123,thinkingmachines/inkling,0,1.0,1,2026-08-16T02:34:46.700313+00:00
appstore_585027354_14408550281,thinkingmachines/inkling,0,1.0,1,2026-08-16T02:34:47.182754+00:00
appstore_585027354_14408384137,thinkingmachines/inkling,0,5.0,5,2026-08-16T02:34:47.591033+00:00
appstore_585027354_14408339052,thinkingmachines/inkling,0,1.0,1,2026-08-16T02:34:48.064199+00:00
appstore_585027354_14408130336,thinkingmachines/inkling,0,1.0,1,2026-08-16T02:34:48.320519+00:00
appstore_585027354_14408234909,thinkingmachines/inkling,0,1.0,1,2026-08-16T02:34:48.503769+00:00
appstore_585027354_14408086321,thinkingmachines/inkling,0,1.0,1,2026-08-16T02:34:49.347600+00:00
appstore_585027354_14408263413,thinkingmachines/inkling,0,3.0,3,2026-08-16T02:34:49.371572+00:00
appstore_585027354_14407724020,thinkingmachines/inkling,0,5.0,5,2026-08-16T02:34:49.914310+00:00
appstore_585027354_14407252453,thinkingmachines/inkling,0,1.0,1,2026-08-16T02:34:50.113382+00:00
appstore_585027354_14407136325,thinkingmachines/inkling,0,1.0,1,2026-08-16T02:34:50.696906+00:00
appstore_585027354_14406513006,thinkingmachines/inkling,0,5.0,5,2026-08-16T02:34:51.526670+00:00
appstore_585027354_14406760375,thinkingmachines/inkling,0,1.0,1,2026-08-16T02:34:51.661461+00:00
appstore_585027354_14407690933,thinkingmachines/inkling,0,1.0,1,2026-08-16T02:34:51.777114+00:00
appstore_585027354_14405925245,thinkingmachines/inkling,0,1.0,1,2026-08-16T02:34:52.271653+00:00
appstore_585027354_14406229446,thinkingmachines/inkling,0,1.0,1,2026-08-16T02:34:52.320272+00:00
appstore_585027354_14406509677,thinkingmachines/inkling,0,1.0,1,2026-08-16T02:34:52.392530+00:00
appstore_585027354_14408061035,thinkingmachines/inkling,0,3.0,3,2026-08-16T02:34:53.939334+00:00
appstore_585027354_14404648893,thinkingmachines/inkling,0,5.0,5,2026-08-16T02:34:54.043083+00:00
appstore_585027354_14404669448,thinkingmachines/inkling,0,3.0,3,2026-08-16T02:34:54.084710+00:00
appstore_585027354_14405786151,thinkingmachines/inkling,0,3.0,3,2026-08-16T02:34:54.369328+00:00
appstore_585027354_14404396151,thinkingmachines/inkling,0,5.0,5,2026-08-16T02:34:54.489636+00:00
appstore_585027354_14404610654,thinkingmachines/inkling,0,5.0,5,2026-08-16T02:34:54.939409+00:00
appstore_585027354_14404367586,thinkingmachines/inkling,0,5.0,5,2026-08-16T02:34:55.267334+00:00
appstore_585027354_14403792095,thinkingmachines/inkling,0,5.0,5,2026-08-16T02:34:55.302511+00:00
appstore_585027354_14404545603,thinkingmachines/inkling,0,5.0,5,2026-08-16T02:34:56.176357+00:00
appstore_585027354_14403464518,thinkingmachines/inkling,0,5.0,5,2026-08-16T02:34:56.913839+00:00
appstore_585027354_14403471197,thinkingmachines/inkling,0,1.0,1,2026-08-16T02:34:57.476333+00:00
appstore_585027354_14402573207,thinkingmachines/inkling,0,1.0,1,2026-08-16T02:34:58.344373+00:00
appstore_585027354_14403746809,thinkingmachines/inkling,0,5.0,5,2026-08-16T02:34:58.365351+00:00
appstore_585027354_14404297608,thinkingmachines/inkling,0,3.0,3,2026-08-16T02:34:59.621528+00:00
appstore_585027354_14402044426,thinkingmachines/inkling,0,5.0,5,2026-08-16T02:34:59.871891+00:00
appstore_585027354_14402557431,thinkingmachines/inkling,0,3.0,3,2026-08-16T02:35:00.181223+00:00
appstore_585027354_14401101540,thinkingmachines/inkling,0,1.0,1,2026-08-16T02:35:00.780026+00:00
appstore_585027354_14401339961,thinkingmachines/inkling,0,3.0,3,2026-08-16T02:35:01.226177+00:00
appstore_585027354_14400980022,thinkingmachines/inkling,0,1.0,1,2026-08-16T02:35:01.600408+00:00
appstore_585027354_14401161394,thinkingmachines/inkling,0,1.0,1,2026-08-16T02:35:01.707312+00:00
appstore_585027354_14400635936,thinkingmachines/inkling,0,1.0,1,2026-08-16T02:35:01.846261+00:00
appstore_585027354_14400621433,thinkingmachines/inkling,0,5.0,5,2026-08-16T02:35:02.016031+00:00
appstore_585027354_14400753234,thinkingmachines/inkling,0,5.0,5,2026-08-16T02:35:02.194940+00:00
appstore_585027354_14400570238,thinkingmachines/inkling,0,1.0,1,2026-08-16T02:35:02.535469+00:00
appstore_585027354_14400581277,thinkingmachines/inkling,0,1.0,1,2026-08-16T02:35:02.676407+00:00
appstore_585027354_14400430543,thinkingmachines/inkling,0,5.0,5,2026-08-16T02:35:02.748440+00:00
appstore_585027354_14400356476,thinkingmachines/inkling,0,5.0,5,2026-08-16T02:35:03.469818+00:00
appstore_585027354_14400561038,thinkingmachines/inkling,0,1.0,1,2026-08-16T02:35:03.533880+00:00
appstore_585027354_14400342614,thinkingmachines/inkling,0,5.0,5,2026-08-16T02:35:03.549966+00:00
appstore_585027354_14400022103,thinkingmachines/inkling,0,5.0,5,2026-08-16T02:35:03.980303+00:00
appstore_585027354_14400327635,thinkingmachines/inkling,0,5.0,5,2026-08-16T02:35:04.385382+00:00
appstore_585027354_14399972092,thinkingmachines/inkling,0,1.0,1,2026-08-16T02:35:04.475488+00:00
appstore_585027354_14399946046,thinkingmachines/inkling,0,1.0,1,2026-08-16T02:35:04.538738+00:00
appstore_585027354_14400079189,thinkingmachines/inkling,0,1.0,1,2026-08-16T02:35:04.758180+00:00
appstore_585027354_14399872041,thinkingmachines/inkling,0,5.0,5,2026-08-16T02:35:05.142217+00:00
appstore_585027354_14399613415,thinkingmachines/inkling,0,1.0,1,2026-08-16T02:35:05.455216+00:00
appstore_585027354_14399871114,thinkingmachines/inkling,0,1.0,1,2026-08-16T02:35:05.469989+00:00
appstore_585027354_14399718563,thinkingmachines/inkling,0,2.0,2,2026-08-16T02:35:05.513035+00:00
appstore_585027354_14399550645,thinkingmachines/inkling,0,1.0,1,2026-08-16T02:35:06.018538+00:00
appstore_585027354_14399548321,thinkingmachines/inkling,0,5.0,5,2026-08-16T02:35:06.349947+00:00
appstore_585027354_14399284460,thinkingmachines/inkling,0,1.0,1,2026-08-16T02:35:06.396694+00:00
appstore_585027354_14399585623,thinkingmachines/inkling,0,5.0,5,2026-08-16T02:35:06.497347+00:00
appstore_585027354_14397514991,thinkingmachines/inkling,0,5.0,5,2026-08-16T02:35:07.015691+00:00
appstore_585027354_14398921727,thinkingmachines/inkling,0,5.0,5,2026-08-16T02:35:07.310882+00:00
appstore_585027354_14398536976,thinkingmachines/inkling,0,1.0,1,2026-08-16T02:35:07.340387+00:00
appstore_585027354_14398675616,thinkingmachines/inkling,0,5.0,5,2026-08-16T02:35:07.513519+00:00
appstore_585027354_14397464787,thinkingmachines/inkling,0,1.0,1,2026-08-16T02:35:07.865983+00:00
appstore_585027354_14396879252,thinkingmachines/inkling,0,5.0,5,2026-08-16T02:35:07.912579+00:00
appstore_585027354_14396671903,thinkingmachines/inkling,0,1.0,1,2026-08-16T02:35:08.448250+00:00
appstore_585027354_14396795877,thinkingmachines/inkling,0,5.0,5,2026-08-16T02:35:08.705448+00:00
appstore_585027354_14396591037,thinkingmachines/inkling,0,1.0,1,2026-08-16T02:35:09.576727+00:00
appstore_585027354_14396617897,thinkingmachines/inkling,0,1.0,1,2026-08-16T02:35:10.152343+00:00
appstore_585027354_14396863498,thinkingmachines/inkling,0,4.0,4,2026-08-16T02:35:10.206089+00:00
appstore_585027354_14396774475,thinkingmachines/inkling,0,2.0,2,2026-08-16T02:35:11.048058+00:00
appstore_585027354_14396541804,thinkingmachines/inkling,0,1.0,1,2026-08-16T02:35:11.256634+00:00
appstore_585027354_14396204911,thinkingmachines/inkling,0,1.0,1,2026-08-16T02:35:12.203074+00:00
appstore_585027354_14396172771,thinkingmachines/inkling,0,5.0,5,2026-08-16T02:35:13.305241+00:00
appstore_585027354_14396013369,thinkingmachines/inkling,0,1.0,1,2026-08-16T02:35:13.890287+00:00
appstore_585027354_14395706723,thinkingmachines/inkling,0,1.0,1,2026-08-16T02:35:14.382985+00:00
appstore_585027354_14396367317,thinkingmachines/inkling,0,4.0,4,2026-08-16T02:35:14.861004+00:00
appstore_585027354_14395652732,thinkingmachines/inkling,0,1.0,1,2026-08-16T02:35:14.911171+00:00
appstore_585027354_14395226116,thinkingmachines/inkling,0,5.0,5,2026-08-16T02:35:15.287972+00:00
appstore_585027354_14395537187,thinkingmachines/inkling,0,1.0,1,2026-08-16T02:35:15.290619+00:00
appstore_585027354_14395109976,thinkingmachines/inkling,0,1.0,1,2026-08-16T02:35:15.699126+00:00
appstore_585027354_14395077189,thinkingmachines/inkling,0,1.0,1,2026-08-16T02:35:16.869404+00:00
appstore_585027354_14395211022,thinkingmachines/inkling,0,2.0,2,2026-08-16T02:35:17.145382+00:00
appstore_585027354_14394818739,thinkingmachines/inkling,0,1.0,1,2026-08-16T02:35:18.103705+00:00
appstore_585027354_14394588227,thinkingmachines/inkling,0,5.0,5,2026-08-16T02:35:18.939762+00:00
appstore_585027354_14394444337,thinkingmachines/inkling,0,5.0,5,2026-08-16T02:35:19.744954+00:00
appstore_585027354_14394157208,thinkingmachines/inkling,0,1.0,1,2026-08-16T02:35:19.878988+00:00
appstore_585027354_14393214649,thinkingmachines/inkling,0,5.0,5,2026-08-16T02:35:20.296956+00:00
appstore_585027354_14394721767,thinkingmachines/inkling,0,5.0,5,2026-08-16T02:35:20.589841+00:00
appstore_585027354_14393085798,thinkingmachines/inkling,0,1.0,1,2026-08-16T02:35:21.074190+00:00
appstore_585027354_14393182435,thinkingmachines/inkling,0,5.0,5,2026-08-16T02:35:21.096392+00:00
appstore_585027354_14392506411,thinkingmachines/inkling,0,5.0,5,2026-08-16T02:35:21.498818+00:00
appstore_585027354_14392675330,thinkingmachines/inkling,0,1.0,1,2026-08-16T02:35:21.896446+00:00
appstore_585027354_14393165489,thinkingmachines/inkling,0,1.0,1,2026-08-16T02:35:21.898656+00:00
appstore_585027354_14392487257,thinkingmachines/inkling,0,1.0,1,2026-08-16T02:35:22.398874+00:00
appstore_585027354_14392450560,thinkingmachines/inkling,0,1.0,1,2026-08-16T02:35:22.819834+00:00
appstore_585027354_14392463243,thinkingmachines/inkling,0,1.0,1,2026-08-16T02:35:23.810258+00:00
appstore_585027354_14392429811,thinkingmachines/inkling,0,5.0,5,2026-08-16T02:35:24.558315+00:00
appstore_585027354_14392145096,thinkingmachines/inkling,0,4.0,4,2026-08-16T02:35:24.599778+00:00
appstore_585027354_14391993524,thinkingmachines/inkling,0,1.0,1,2026-08-16T02:35:25.242374+00:00
appstore_585027354_14392144215,thinkingmachines/inkling,0,2.0,2,2026-08-16T02:35:25.708089+00:00
appstore_585027354_14391903918,thinkingmachines/inkling,0,5.0,5,2026-08-16T02:35:25.836777+00:00
appstore_585027354_14391901668,thinkingmachines/inkling,0,5.0,5,2026-08-16T02:35:26.012304+00:00
appstore_585027354_14391660543,thinkingmachines/inkling,0,1.0,1,2026-08-16T02:35:26.446001+00:00
appstore_585027354_14391604469,thinkingmachines/inkling,0,1.0,1,2026-08-16T02:35:26.452950+00:00
appstore_585027354_14391378798,thinkingmachines/inkling,0,5.0,5,2026-08-16T02:35:27.589675+00:00
appstore_585027354_14391406631,thinkingmachines/inkling,0,1.0,1,2026-08-16T02:35:27.850930+00:00
appstore_585027354_14390953554,thinkingmachines/inkling,0,5.0,5,2026-08-16T02:35:28.232231+00:00
appstore_585027354_14391683854,thinkingmachines/inkling,0,2.0,2,2026-08-16T02:35:28.653620+00:00
appstore_585027354_14390890395,thinkingmachines/inkling,0,5.0,5,2026-08-16T02:35:28.838133+00:00
appstore_585027354_14390238090,thinkingmachines/inkling,0,1.0,1,2026-08-16T02:35:29.082263+00:00
appstore_585027354_14389061609,thinkingmachines/inkling,0,1.0,1,2026-08-16T02:35:29.636783+00:00
appstore_585027354_14396321680,thinkingmachines/inkling,0,1.0,1,2026-08-16T02:35:29.980908+00:00
appstore_585027354_14388962921,thinkingmachines/inkling,0,5.0,5,2026-08-16T02:35:30.039974+00:00
appstore_585027354_14389940259,thinkingmachines/inkling,0,4.0,4,2026-08-16T02:35:30.153329+00:00
appstore_585027354_14389467296,thinkingmachines/inkling,0,1.0,1,2026-08-16T02:35:30.415421+00:00
appstore_585027354_14388856368,thinkingmachines/inkling,0,1.0,1,2026-08-16T02:35:30.584213+00:00
appstore_585027354_14388892863,thinkingmachines/inkling,0,5.0,5,2026-08-16T02:35:30.813261+00:00
appstore_585027354_14388770805,thinkingmachines/inkling,0,1.0,1,2026-08-16T02:35:30.905821+00:00
appstore_585027354_14388647979,thinkingmachines/inkling,0,1.0,1,2026-08-16T02:35:31.006348+00:00
appstore_585027354_14388555298,thinkingmachines/inkling,0,5.0,5,2026-08-16T02:35:31.214232+00:00
appstore_585027354_14387891476,thinkingmachines/inkling,0,5.0,5,2026-08-16T02:35:31.736442+00:00
appstore_585027354_14387888026,thinkingmachines/inkling,0,1.0,1,2026-08-16T02:35:31.790009+00:00
appstore_585027354_14387835912,thinkingmachines/inkling,0,1.0,1,2026-08-16T02:35:32.004257+00:00
appstore_585027354_14387672514,thinkingmachines/inkling,0,5.0,5,2026-08-16T02:35:32.542532+00:00
appstore_585027354_14387806463,thinkingmachines/inkling,0,5.0,5,2026-08-16T02:35:32.897243+00:00
appstore_585027354_14387811107,thinkingmachines/inkling,0,2.0,2,2026-08-16T02:35:33.101546+00:00
appstore_585027354_14387315079,thinkingmachines/inkling,0,1.0,1,2026-08-16T02:35:33.362823+00:00
appstore_585027354_14387393260,thinkingmachines/inkling,0,5.0,5,2026-08-16T02:35:33.524295+00:00
appstore_585027354_14388203470,thinkingmachines/inkling,0,3.0,3,2026-08-16T02:35:33.818486+00:00
appstore_585027354_14385366616,thinkingmachines/inkling,0,5.0,5,2026-08-16T02:35:34.493934+00:00
appstore_585027354_14385476576,thinkingmachines/inkling,0,1.0,1,2026-08-16T02:35:34.899042+00:00
appstore_585027354_14384873197,thinkingmachines/inkling,0,1.0,1,2026-08-16T02:35:35.318868+00:00
appstore_585027354_14384678192,thinkingmachines/inkling,0,5.0,5,2026-08-16T02:35:35.363574+00:00
appstore_585027354_14387221179,thinkingmachines/inkling,0,1.0,1,2026-08-16T02:35:35.604775+00:00
appstore_585027354_14384196415,thinkingmachines/inkling,0,1.0,1,2026-08-16T02:35:36.340818+00:00
appstore_585027354_14384220458,thinkingmachines/inkling,0,5.0,5,2026-08-16T02:35:36.357354+00:00
appstore_585027354_14384426297,thinkingmachines/inkling,0,4.0,4,2026-08-16T02:35:36.617834+00:00
appstore_585027354_14384093627,thinkingmachines/inkling,0,1.0,1,2026-08-16T02:35:37.322646+00:00
appstore_585027354_14384000755,thinkingmachines/inkling,0,5.0,5,2026-08-16T02:35:37.479529+00:00
appstore_585027354_14383351426,thinkingmachines/inkling,0,1.0,1,2026-08-16T02:35:38.289693+00:00
appstore_585027354_14383979860,thinkingmachines/inkling,0,4.0,4,2026-08-16T02:35:38.450350+00:00
appstore_585027354_14383975438,thinkingmachines/inkling,0,1.0,1,2026-08-16T02:35:38.913919+00:00
appstore_585027354_14383197447,thinkingmachines/inkling,0,1.0,1,2026-08-16T02:35:39.002115+00:00
appstore_585027354_14383104814,thinkingmachines/inkling,0,5.0,5,2026-08-16T02:35:39.245930+00:00
appstore_585027354_14384741751,thinkingmachines/inkling,0,5.0,5,2026-08-16T02:35:39.592197+00:00
appstore_585027354_14382939509,thinkingmachines/inkling,0,1.0,1,2026-08-16T02:35:40.025493+00:00
appstore_585027354_14382611261,thinkingmachines/inkling,0,5.0,5,2026-08-16T02:35:40.141354+00:00
appstore_585027354_14383080156,thinkingmachines/inkling,0,5.0,5,2026-08-16T02:35:40.437977+00:00
appstore_585027354_14382888107,thinkingmachines/inkling,0,5.0,5,2026-08-16T02:35:40.494719+00:00
appstore_585027354_14382554353,thinkingmachines/inkling,0,5.0,5,2026-08-16T02:35:41.183923+00:00
appstore_585027354_14381739053,thinkingmachines/inkling,0,1.0,1,2026-08-16T02:35:41.282063+00:00
appstore_585027354_14381600359,thinkingmachines/inkling,0,5.0,5,2026-08-16T02:35:41.490891+00:00
appstore_585027354_14380891787,thinkingmachines/inkling,0,1.0,1,2026-08-16T02:35:41.699476+00:00
appstore_585027354_14381070377,thinkingmachines/inkling,0,5.0,5,2026-08-16T02:35:41.750891+00:00
appstore_585027354_14380706960,thinkingmachines/inkling,0,1.0,1,2026-08-16T02:35:42.569122+00:00
appstore_585027354_14380783082,thinkingmachines/inkling,0,1.0,1,2026-08-16T02:35:42.745079+00:00
appstore_585027354_14381592395,thinkingmachines/inkling,0,4.0,4,2026-08-16T02:35:43.152421+00:00
appstore_585027354_14380599480,thinkingmachines/inkling,0,1.0,1,2026-08-16T02:35:43.347147+00:00
appstore_585027354_14380289026,thinkingmachines/inkling,0,5.0,5,2026-08-16T02:35:44.136395+00:00
appstore_585027354_14380407720,thinkingmachines/inkling,0,5.0,5,2026-08-16T02:35:44.222997+00:00
appstore_585027354_14380538564,thinkingmachines/inkling,0,1.0,1,2026-08-16T02:35:44.822075+00:00
appstore_585027354_14380258220,thinkingmachines/inkling,0,5.0,5,2026-08-16T02:35:44.839993+00:00
appstore_585027354_14380181116,thinkingmachines/inkling,0,1.0,1,2026-08-16T02:35:45.517927+00:00
appstore_585027354_14380063874,thinkingmachines/inkling,0,1.0,1,2026-08-16T02:35:46.239426+00:00
appstore_585027354_14380157430,thinkingmachines/inkling,0,2.0,2,2026-08-16T02:35:46.611399+00:00
appstore_585027354_14380060602,thinkingmachines/inkling,0,1.0,1,2026-08-16T02:35:47.125474+00:00
appstore_585027354_14380013742,thinkingmachines/inkling,0,5.0,5,2026-08-16T02:35:47.239306+00:00
appstore_585027354_14379916944,thinkingmachines/inkling,0,1.0,1,2026-08-16T02:35:47.635326+00:00
appstore_585027354_14380073667,thinkingmachines/inkling,0,1.0,1,2026-08-16T02:35:48.004236+00:00
appstore_585027354_14379943260,thinkingmachines/inkling,0,5.0,5,2026-08-16T02:35:48.180140+00:00
appstore_585027354_14379862799,thinkingmachines/inkling,0,1.0,1,2026-08-16T02:35:48.712412+00:00
appstore_585027354_14379882870,thinkingmachines/inkling,0,1.0,1,2026-08-16T02:35:48.816878+00:00
appstore_585027354_14379896664,thinkingmachines/inkling,0,1.0,1,2026-08-16T02:35:49.026081+00:00
appstore_585027354_14379450729,thinkingmachines/inkling,0,5.0,5,2026-08-16T02:35:49.568882+00:00
appstore_585027354_14379695967,thinkingmachines/inkling,0,1.0,1,2026-08-16T02:35:50.493516+00:00
appstore_585027354_14379379302,thinkingmachines/inkling,0,5.0,5,2026-08-16T02:35:50.593243+00:00
appstore_585027354_14378621830,thinkingmachines/inkling,0,1.0,1,2026-08-16T02:35:51.203620+00:00
appstore_585027354_14378610558,thinkingmachines/inkling,0,5.0,5,2026-08-16T02:35:51.573337+00:00
appstore_585027354_14379433500,thinkingmachines/inkling,0,2.0,2,2026-08-16T02:35:51.817078+00:00
appstore_585027354_14378378297,thinkingmachines/inkling,0,1.0,1,2026-08-16T02:35:52.237655+00:00
appstore_585027354_14378453151,thinkingmachines/inkling,0,1.0,1,2026-08-16T02:35:52.590638+00:00
appstore_585027354_14378208641,thinkingmachines/inkling,0,1.0,1,2026-08-16T02:35:52.982029+00:00
appstore_585027354_14380740581,thinkingmachines/inkling,0,1.0,1,2026-08-16T02:35:53.160714+00:00
appstore_585027354_14377843913,thinkingmachines/inkling,0,5.0,5,2026-08-16T02:35:53.269926+00:00
appstore_585027354_14377304136,thinkingmachines/inkling,0,1.0,1,2026-08-16T02:35:53.711038+00:00
appstore_585027354_14378069602,thinkingmachines/inkling,0,1.0,1,2026-08-16T02:35:53.974896+00:00
appstore_585027354_14377042680,thinkingmachines/inkling,0,1.0,1,2026-08-16T02:35:54.187612+00:00
appstore_585027354_14377135151,thinkingmachines/inkling,0,1.0,1,2026-08-16T02:35:54.221651+00:00
appstore_585027354_14376614482,thinkingmachines/inkling,0,3.0,3,2026-08-16T02:35:54.687203+00:00
appstore_389801252_14428763014,thinkingmachines/inkling,0,1.0,1,2026-08-16T02:35:55.649561+00:00
appstore_585027354_14377045004,thinkingmachines/inkling,0,1.0,1,2026-08-16T02:35:55.725615+00:00
appstore_389801252_14428768707,thinkingmachines/inkling,0,4.0,4,2026-08-16T02:35:56.062408+00:00
appstore_389801252_14428757988,thinkingmachines/inkling,0,1.0,1,2026-08-16T02:35:56.362582+00:00
appstore_389801252_14428756666,thinkingmachines/inkling,0,1.0,1,2026-08-16T02:35:56.539838+00:00
appstore_389801252_14428750627,thinkingmachines/inkling,0,1.0,1,2026-08-16T02:35:56.999943+00:00
appstore_389801252_14428711704,thinkingmachines/inkling,0,1.0,1,2026-08-16T02:35:57.016077+00:00
appstore_389801252_14428658339,thinkingmachines/inkling,0,1.0,1,2026-08-16T02:35:57.538825+00:00
appstore_389801252_14428746676,thinkingmachines/inkling,0,5.0,5,2026-08-16T02:35:57.549497+00:00
appstore_389801252_14428599575,thinkingmachines/inkling,0,2.0,2,2026-08-16T02:35:58.676775+00:00
appstore_389801252_14428613836,thinkingmachines/inkling,0,3.0,3,2026-08-16T02:35:58.682385+00:00
appstore_389801252_14428558882,thinkingmachines/inkling,0,1.0,1,2026-08-16T02:35:58.899939+00:00
appstore_389801252_14428488282,thinkingmachines/inkling,0,5.0,5,2026-08-16T02:35:59.367901+00:00
appstore_389801252_14428554670,thinkingmachines/inkling,0,5.0,5,2026-08-16T02:36:00.181792+00:00
appstore_389801252_14428474765,thinkingmachines/inkling,0,1.0,1,2026-08-16T02:36:00.239889+00:00
appstore_389801252_14428494583,thinkingmachines/inkling,0,5.0,5,2026-08-16T02:36:00.614405+00:00
appstore_389801252_14428448454,thinkingmachines/inkling,0,1.0,1,2026-08-16T02:36:00.727986+00:00
appstore_389801252_14428405644,thinkingmachines/inkling,0,1.0,1,2026-08-16T02:36:01.107609+00:00
appstore_389801252_14428468272,thinkingmachines/inkling,0,1.0,1,2026-08-16T02:36:01.832936+00:00
appstore_389801252_14428342618,thinkingmachines/inkling,0,5.0,5,2026-08-16T02:36:02.018372+00:00
appstore_389801252_14428232629,thinkingmachines/inkling,0,1.0,1,2026-08-16T02:36:02.830090+00:00
appstore_389801252_14428231959,thinkingmachines/inkling,0,5.0,5,2026-08-16T02:36:03.073596+00:00
appstore_389801252_14428143802,thinkingmachines/inkling,0,5.0,5,2026-08-16T02:36:03.926760+00:00
appstore_389801252_14428379222,thinkingmachines/inkling,0,5.0,5,2026-08-16T02:36:04.059078+00:00
appstore_389801252_14428196596,thinkingmachines/inkling,0,5.0,5,2026-08-16T02:36:04.118752+00:00
appstore_389801252_14428087642,thinkingmachines/inkling,0,1.0,1,2026-08-16T02:36:04.588347+00:00
appstore_389801252_14428035633,thinkingmachines/inkling,0,1.0,1,2026-08-16T02:36:05.193065+00:00
appstore_585027354_14376923056,thinkingmachines/inkling,0,5.0,5,2026-08-16T02:36:05.281344+00:00
appstore_389801252_14428037732,thinkingmachines/inkling,0,5.0,5,2026-08-16T02:36:05.422493+00:00
appstore_389801252_14428081414,thinkingmachines/inkling,0,1.0,1,2026-08-16T02:36:05.886160+00:00
appstore_389801252_14427905789,thinkingmachines/inkling,0,5.0,5,2026-08-16T02:36:06.203701+00:00
appstore_389801252_14428028302,thinkingmachines/inkling,0,1.0,1,2026-08-16T02:36:06.284626+00:00
appstore_389801252_14427928458,thinkingmachines/inkling,0,5.0,5,2026-08-16T02:36:06.595161+00:00
appstore_389801252_14427873998,thinkingmachines/inkling,0,1.0,1,2026-08-16T02:36:07.597856+00:00
appstore_389801252_14427830104,thinkingmachines/inkling,0,5.0,5,2026-08-16T02:36:08.305636+00:00
appstore_389801252_14427823131,thinkingmachines/inkling,0,1.0,1,2026-08-16T02:36:08.881573+00:00
appstore_389801252_14427886251,thinkingmachines/inkling,0,2.0,2,2026-08-16T02:36:09.370463+00:00
appstore_389801252_14427808904,thinkingmachines/inkling,0,1.0,1,2026-08-16T02:36:09.739202+00:00
appstore_389801252_14427839502,thinkingmachines/inkling,0,3.0,3,2026-08-16T02:36:10.971382+00:00
appstore_389801252_14427641891,thinkingmachines/inkling,0,5.0,5,2026-08-16T02:36:11.295811+00:00
appstore_389801252_14427594275,thinkingmachines/inkling,0,1.0,1,2026-08-16T02:36:11.539440+00:00
appstore_389801252_14427571120,thinkingmachines/inkling,0,5.0,5,2026-08-16T02:36:11.947980+00:00
appstore_389801252_14427749342,thinkingmachines/inkling,0,1.0,1,2026-08-16T02:36:12.146864+00:00
appstore_389801252_14427529423,thinkingmachines/inkling,0,1.0,1,2026-08-16T02:36:12.863934+00:00
appstore_389801252_14427476262,thinkingmachines/inkling,0,1.0,1,2026-08-16T02:36:12.959044+00:00
appstore_389801252_14427429397,thinkingmachines/inkling,0,1.0,1,2026-08-16T02:36:13.268539+00:00
appstore_389801252_14427353293,thinkingmachines/inkling,0,1.0,1,2026-08-16T02:36:13.838055+00:00
appstore_389801252_14427341451,thinkingmachines/inkling,0,1.0,1,2026-08-16T02:36:13.967012+00:00
appstore_389801252_14427369033,thinkingmachines/inkling,0,4.0,4,2026-08-16T02:36:14.610089+00:00
appstore_389801252_14427294989,thinkingmachines/inkling,0,5.0,5,2026-08-16T02:36:15.025171+00:00
appstore_389801252_14427235680,thinkingmachines/inkling,0,1.0,1,2026-08-16T02:36:15.490266+00:00
appstore_389801252_14427012731,thinkingmachines/inkling,0,1.0,1,2026-08-16T02:36:16.478907+00:00
appstore_389801252_14427321592,thinkingmachines/inkling,0,2.0,2,2026-08-16T02:36:17.716431+00:00
appstore_389801252_14426959261,thinkingmachines/inkling,0,1.0,1,2026-08-16T02:36:17.720409+00:00
appstore_389801252_14426927238,thinkingmachines/inkling,0,5.0,5,2026-08-16T02:36:18.635511+00:00
appstore_389801252_14426868030,thinkingmachines/inkling,0,3.0,3,2026-08-16T02:36:21.385905+00:00
appstore_389801252_14426898781,thinkingmachines/inkling,0,1.0,1,2026-08-16T02:36:21.614200+00:00
appstore_389801252_14427862071,thinkingmachines/inkling,0,3.0,3,2026-08-16T02:36:22.055429+00:00
appstore_389801252_14426823711,thinkingmachines/inkling,0,1.0,1,2026-08-16T02:36:22.081170+00:00
appstore_389801252_14426656339,thinkingmachines/inkling,0,1.0,1,2026-08-16T02:36:22.574841+00:00
appstore_389801252_14426768248,thinkingmachines/inkling,0,5.0,5,2026-08-16T02:36:22.740025+00:00
appstore_389801252_14426797157,thinkingmachines/inkling,0,5.0,5,2026-08-16T02:36:23.231341+00:00
appstore_389801252_14426635523,thinkingmachines/inkling,0,5.0,5,2026-08-16T02:36:23.503457+00:00
appstore_389801252_14426580630,thinkingmachines/inkling,0,1.0,1,2026-08-16T02:36:23.930169+00:00
appstore_389801252_14426638799,thinkingmachines/inkling,0,4.0,4,2026-08-16T02:36:23.946497+00:00
appstore_389801252_14426578171,thinkingmachines/inkling,0,1.0,1,2026-08-16T02:36:23.972933+00:00
appstore_389801252_14426495651,thinkingmachines/inkling,0,1.0,1,2026-08-16T02:36:24.716378+00:00
appstore_389801252_14426426883,thinkingmachines/inkling,0,1.0,1,2026-08-16T02:36:25.498853+00:00
appstore_389801252_14426551614,thinkingmachines/inkling,0,1.0,1,2026-08-16T02:36:25.709894+00:00
appstore_389801252_14427021697,thinkingmachines/inkling,0,1.0,1,2026-08-16T02:36:26.010088+00:00
appstore_389801252_14426399573,thinkingmachines/inkling,0,5.0,5,2026-08-16T02:36:26.140230+00:00
appstore_389801252_14426323402,thinkingmachines/inkling,0,1.0,1,2026-08-16T02:36:26.514403+00:00
appstore_389801252_14426542809,thinkingmachines/inkling,0,4.0,4,2026-08-16T02:36:26.671182+00:00
appstore_389801252_14426276191,thinkingmachines/inkling,0,1.0,1,2026-08-16T02:36:27.399541+00:00
appstore_389801252_14426389048,thinkingmachines/inkling,0,1.0,1,2026-08-16T02:36:27.439239+00:00
appstore_389801252_14426106170,thinkingmachines/inkling,0,5.0,5,2026-08-16T02:36:27.940123+00:00
appstore_389801252_14425810402,thinkingmachines/inkling,0,1.0,1,2026-08-16T02:36:27.983049+00:00
appstore_389801252_14425740857,thinkingmachines/inkling,0,5.0,5,2026-08-16T02:36:28.379401+00:00
appstore_389801252_14426217942,thinkingmachines/inkling,0,5.0,5,2026-08-16T02:36:28.604788+00:00
appstore_389801252_14425574385,thinkingmachines/inkling,0,1.0,1,2026-08-16T02:36:28.812115+00:00
appstore_389801252_14425692858,thinkingmachines/inkling,0,1.0,1,2026-08-16T02:36:28.886600+00:00
appstore_389801252_14425527612,thinkingmachines/inkling,0,1.0,1,2026-08-16T02:36:29.149512+00:00
appstore_389801252_14425535846,thinkingmachines/inkling,0,1.0,1,2026-08-16T02:36:29.377200+00:00
appstore_389801252_14425517755,thinkingmachines/inkling,0,1.0,1,2026-08-16T02:36:29.454812+00:00
appstore_389801252_14425463023,thinkingmachines/inkling,0,1.0,1,2026-08-16T02:36:29.670759+00:00
appstore_389801252_14425464434,thinkingmachines/inkling,0,1.0,1,2026-08-16T02:36:29.696006+00:00
appstore_389801252_14425334399,thinkingmachines/inkling,0,1.0,1,2026-08-16T02:36:30.147593+00:00
appstore_389801252_14425278404,thinkingmachines/inkling,0,5.0,5,2026-08-16T02:36:30.204473+00:00
appstore_389801252_14425298401,thinkingmachines/inkling,0,1.0,1,2026-08-16T02:36:30.357060+00:00
appstore_389801252_14425273116,thinkingmachines/inkling,0,5.0,5,2026-08-16T02:36:30.441123+00:00
appstore_389801252_14425268425,thinkingmachines/inkling,0,1.0,1,2026-08-16T02:36:31.049503+00:00
appstore_389801252_14425265208,thinkingmachines/inkling,0,1.0,1,2026-08-16T02:36:31.117021+00:00
appstore_389801252_14425220865,thinkingmachines/inkling,0,1.0,1,2026-08-16T02:36:31.421110+00:00
appstore_389801252_14425250078,thinkingmachines/inkling,0,5.0,5,2026-08-16T02:36:31.516946+00:00
appstore_389801252_14425208673,thinkingmachines/inkling,0,1.0,1,2026-08-16T02:36:31.905394+00:00
appstore_389801252_14425217799,thinkingmachines/inkling,0,1.0,1,2026-08-16T02:36:32.051176+00:00
appstore_389801252_14425204254,thinkingmachines/inkling,0,1.0,1,2026-08-16T02:36:32.311945+00:00
appstore_389801252_14425198635,thinkingmachines/inkling,0,5.0,5,2026-08-16T02:36:32.511376+00:00
appstore_389801252_14425171225,thinkingmachines/inkling,0,1.0,1,2026-08-16T02:36:32.817567+00:00
appstore_389801252_14425198986,thinkingmachines/inkling,0,1.0,1,2026-08-16T02:36:33.063056+00:00
appstore_389801252_14425154867,thinkingmachines/inkling,0,4.0,4,2026-08-16T02:36:33.228961+00:00
appstore_389801252_14425151380,thinkingmachines/inkling,0,1.0,1,2026-08-16T02:36:33.856371+00:00
appstore_389801252_14425147593,thinkingmachines/inkling,0,1.0,1,2026-08-16T02:36:33.987453+00:00
appstore_389801252_14425153309,thinkingmachines/inkling,0,1.0,1,2026-08-16T02:36:34.511385+00:00
appstore_389801252_14425138055,thinkingmachines/inkling,0,1.0,1,2026-08-16T02:36:34.769744+00:00
appstore_389801252_14425060953,thinkingmachines/inkling,0,1.0,1,2026-08-16T02:36:35.191033+00:00
appstore_389801252_14425134153,thinkingmachines/inkling,0,1.0,1,2026-08-16T02:36:35.367076+00:00
appstore_389801252_14425047812,thinkingmachines/inkling,0,1.0,1,2026-08-16T02:36:35.980750+00:00
appstore_389801252_14425167507,thinkingmachines/inkling,0,4.0,4,2026-08-16T02:36:36.066375+00:00
appstore_389801252_14424961657,thinkingmachines/inkling,0,5.0,5,2026-08-16T02:36:36.966544+00:00
appstore_389801252_14424920022,thinkingmachines/inkling,0,1.0,1,2026-08-16T02:36:37.397468+00:00
appstore_389801252_14424822255,thinkingmachines/inkling,0,3.0,3,2026-08-16T02:36:39.726557+00:00
appstore_389801252_14424820065,thinkingmachines/inkling,0,5.0,5,2026-08-16T02:36:40.074963+00:00
appstore_389801252_14424762914,thinkingmachines/inkling,0,1.0,1,2026-08-16T02:36:40.911963+00:00
appstore_389801252_14425036985,thinkingmachines/inkling,0,3.0,3,2026-08-16T02:36:41.109060+00:00
appstore_389801252_14424715021,thinkingmachines/inkling,0,5.0,5,2026-08-16T02:36:41.731052+00:00
appstore_389801252_14424703330,thinkingmachines/inkling,0,1.0,1,2026-08-16T02:36:42.455213+00:00
appstore_389801252_14424722100,thinkingmachines/inkling,0,4.0,4,2026-08-16T02:36:42.479284+00:00
appstore_389801252_14424605514,thinkingmachines/inkling,0,1.0,1,2026-08-16T02:36:43.478571+00:00
appstore_389801252_14424573717,thinkingmachines/inkling,0,1.0,1,2026-08-16T02:36:43.675723+00:00
appstore_389801252_14424488016,thinkingmachines/inkling,0,5.0,5,2026-08-16T02:36:44.223451+00:00
appstore_389801252_14424493666,thinkingmachines/inkling,0,1.0,1,2026-08-16T02:36:46.088242+00:00
appstore_389801252_14425102746,thinkingmachines/inkling,0,5.0,5,2026-08-16T02:36:46.199713+00:00
appstore_389801252_14424972767,thinkingmachines/inkling,0,1.0,1,2026-08-16T02:36:47.110397+00:00
appstore_389801252_14424290142,thinkingmachines/inkling,0,5.0,5,2026-08-16T02:36:47.135685+00:00
appstore_389801252_14424486255,thinkingmachines/inkling,0,1.0,1,2026-08-16T02:36:47.480567+00:00
appstore_389801252_14424197463,thinkingmachines/inkling,0,1.0,1,2026-08-16T02:36:47.595696+00:00
appstore_389801252_14424093809,thinkingmachines/inkling,0,1.0,1,2026-08-16T02:36:48.256677+00:00
appstore_389801252_14424051023,thinkingmachines/inkling,0,1.0,1,2026-08-16T02:36:48.626219+00:00
appstore_389801252_14424083664,thinkingmachines/inkling,0,1.0,1,2026-08-16T02:36:49.421170+00:00
appstore_389801252_14424238234,thinkingmachines/inkling,0,3.0,3,2026-08-16T02:36:49.467919+00:00
appstore_389801252_14423905840,thinkingmachines/inkling,0,1.0,1,2026-08-16T02:36:50.026853+00:00
appstore_389801252_14423859226,thinkingmachines/inkling,0,1.0,1,2026-08-16T02:36:50.154578+00:00
appstore_389801252_14423968861,thinkingmachines/inkling,0,1.0,1,2026-08-16T02:36:50.170009+00:00
appstore_389801252_14423838365,thinkingmachines/inkling,0,5.0,5,2026-08-16T02:36:51.144196+00:00
appstore_389801252_14423831588,thinkingmachines/inkling,0,1.0,1,2026-08-16T02:36:51.256068+00:00
appstore_389801252_14423942005,thinkingmachines/inkling,0,1.0,1,2026-08-16T02:36:51.729076+00:00
appstore_389801252_14423801304,thinkingmachines/inkling,0,2.0,2,2026-08-16T02:36:51.784252+00:00
appstore_389801252_14423680782,thinkingmachines/inkling,0,1.0,1,2026-08-16T02:36:51.861717+00:00
appstore_389801252_14423640201,thinkingmachines/inkling,0,5.0,5,2026-08-16T02:36:52.689305+00:00
appstore_389801252_14423603375,thinkingmachines/inkling,0,1.0,1,2026-08-16T02:36:52.761550+00:00
appstore_389801252_14423631654,thinkingmachines/inkling,0,1.0,1,2026-08-16T02:36:53.233730+00:00
appstore_389801252_14423469816,thinkingmachines/inkling,0,5.0,5,2026-08-16T02:36:53.374166+00:00
appstore_389801252_14423773631,thinkingmachines/inkling,0,3.0,3,2026-08-16T02:36:53.453441+00:00
appstore_389801252_14423330453,thinkingmachines/inkling,0,4.0,4,2026-08-16T02:36:55.437607+00:00
appstore_389801252_14423375502,thinkingmachines/inkling,0,2.0,2,2026-08-16T02:36:55.442340+00:00
appstore_389801252_14423303545,thinkingmachines/inkling,0,1.0,1,2026-08-16T02:36:56.501295+00:00
appstore_389801252_14423298319,thinkingmachines/inkling,0,1.0,1,2026-08-16T02:36:57.044029+00:00
appstore_389801252_14423277803,thinkingmachines/inkling,0,5.0,5,2026-08-16T02:36:57.656531+00:00
appstore_389801252_14423282109,thinkingmachines/inkling,0,1.0,1,2026-08-16T02:36:59.642509+00:00
appstore_389801252_14423258408,thinkingmachines/inkling,0,5.0,5,2026-08-16T02:37:00.625793+00:00
appstore_389801252_14423272396,thinkingmachines/inkling,0,4.0,4,2026-08-16T02:37:01.192627+00:00
appstore_389801252_14423249082,thinkingmachines/inkling,0,5.0,5,2026-08-16T02:37:01.929628+00:00
appstore_389801252_14423218894,thinkingmachines/inkling,0,1.0,1,2026-08-16T02:37:02.614942+00:00
appstore_389801252_14423249148,thinkingmachines/inkling,0,2.0,2,2026-08-16T02:37:02.719929+00:00
appstore_389801252_14423466662,thinkingmachines/inkling,0,1.0,1,2026-08-16T02:37:04.231587+00:00
appstore_389801252_14423500560,thinkingmachines/inkling,0,1.0,1,2026-08-16T02:37:04.647598+00:00
appstore_389801252_14423187855,thinkingmachines/inkling,0,1.0,1,2026-08-16T02:37:04.847033+00:00
appstore_389801252_14423125641,thinkingmachines/inkling,0,1.0,1,2026-08-16T02:37:04.913456+00:00
appstore_389801252_14423074542,thinkingmachines/inkling,0,5.0,5,2026-08-16T02:37:05.474088+00:00
appstore_389801252_14423047102,thinkingmachines/inkling,0,1.0,1,2026-08-16T02:37:05.750567+00:00
appstore_389801252_14422999796,thinkingmachines/inkling,0,1.0,1,2026-08-16T02:37:05.949402+00:00
appstore_389801252_14423010641,thinkingmachines/inkling,0,4.0,4,2026-08-16T02:37:06.739262+00:00
appstore_389801252_14423179092,thinkingmachines/inkling,0,4.0,4,2026-08-16T02:37:06.815317+00:00
appstore_389801252_14422948852,thinkingmachines/inkling,0,2.0,2,2026-08-16T02:37:07.700328+00:00
appstore_389801252_14422866182,thinkingmachines/inkling,0,1.0,1,2026-08-16T02:37:07.745881+00:00
appstore_389801252_14422981199,thinkingmachines/inkling,0,1.0,1,2026-08-16T02:37:07.871101+00:00
appstore_389801252_14422806221,thinkingmachines/inkling,0,1.0,1,2026-08-16T02:37:08.107336+00:00
appstore_389801252_14422936864,thinkingmachines/inkling,0,5.0,5,2026-08-16T02:37:08.123194+00:00
appstore_389801252_14422445670,thinkingmachines/inkling,0,5.0,5,2026-08-16T02:37:08.670534+00:00
appstore_389801252_14422655104,thinkingmachines/inkling,0,5.0,5,2026-08-16T02:37:09.185738+00:00
appstore_389801252_14422750479,thinkingmachines/inkling,0,3.0,3,2026-08-16T02:37:09.704227+00:00
appstore_389801252_14422367861,thinkingmachines/inkling,0,5.0,5,2026-08-16T02:37:09.761389+00:00
appstore_389801252_14422335423,thinkingmachines/inkling,0,1.0,1,2026-08-16T02:37:10.688816+00:00
appstore_389801252_14422163758,thinkingmachines/inkling,0,5.0,5,2026-08-16T02:37:10.749058+00:00
appstore_389801252_14422094220,thinkingmachines/inkling,0,1.0,1,2026-08-16T02:37:10.780521+00:00
appstore_389801252_14421701068,thinkingmachines/inkling,0,1.0,1,2026-08-16T02:37:11.229050+00:00
appstore_389801252_14421638012,thinkingmachines/inkling,0,5.0,5,2026-08-16T02:37:11.828224+00:00
appstore_389801252_14421575734,thinkingmachines/inkling,0,5.0,5,2026-08-16T02:37:12.354604+00:00
appstore_389801252_14422222049,thinkingmachines/inkling,0,4.0,4,2026-08-16T02:37:12.558338+00:00
appstore_389801252_14421542644,thinkingmachines/inkling,0,1.0,1,2026-08-16T02:37:12.863990+00:00
appstore_389801252_14421481491,thinkingmachines/inkling,0,1.0,1,2026-08-16T02:37:12.938626+00:00
appstore_389801252_14421471029,thinkingmachines/inkling,0,5.0,5,2026-08-16T02:37:13.054293+00:00
appstore_389801252_14421912425,thinkingmachines/inkling,0,2.0,2,2026-08-16T02:37:13.271317+00:00
appstore_389801252_14421343524,thinkingmachines/inkling,0,1.0,1,2026-08-16T02:37:13.388398+00:00
appstore_389801252_14421258838,thinkingmachines/inkling,0,5.0,5,2026-08-16T02:37:13.623679+00:00
appstore_389801252_14421228497,thinkingmachines/inkling,0,5.0,5,2026-08-16T02:37:13.777288+00:00
appstore_389801252_14421220050,thinkingmachines/inkling,0,5.0,5,2026-08-16T02:37:14.154986+00:00
appstore_389801252_14421152674,thinkingmachines/inkling,0,5.0,5,2026-08-16T02:37:14.209152+00:00
appstore_389801252_14421096393,thinkingmachines/inkling,0,5.0,5,2026-08-16T02:37:14.833606+00:00
appstore_389801252_14421134324,thinkingmachines/inkling,0,1.0,1,2026-08-16T02:37:14.980172+00:00
appstore_389801252_14421176404,thinkingmachines/inkling,0,1.0,1,2026-08-16T02:37:15.475822+00:00
appstore_389801252_14421026999,thinkingmachines/inkling,0,1.0,1,2026-08-16T02:37:15.665665+00:00
appstore_389801252_14421087304,thinkingmachines/inkling,0,1.0,1,2026-08-16T02:37:15.675102+00:00
appstore_389801252_14421221257,thinkingmachines/inkling,0,1.0,1,2026-08-16T02:37:16.064247+00:00
appstore_389801252_14420968084,thinkingmachines/inkling,0,5.0,5,2026-08-16T02:37:16.363185+00:00
appstore_389801252_14420945118,thinkingmachines/inkling,0,1.0,1,2026-08-16T02:37:16.601084+00:00
appstore_389801252_14420986853,thinkingmachines/inkling,0,1.0,1,2026-08-16T02:37:17.001946+00:00
appstore_389801252_14421024755,thinkingmachines/inkling,0,5.0,5,2026-08-16T02:37:17.028001+00:00
appstore_389801252_14420925124,thinkingmachines/inkling,0,1.0,1,2026-08-16T02:37:17.041352+00:00
appstore_389801252_14420805205,thinkingmachines/inkling,0,1.0,1,2026-08-16T02:37:17.794938+00:00
appstore_389801252_14420804725,thinkingmachines/inkling,0,1.0,1,2026-08-16T02:37:17.968171+00:00
appstore_389801252_14420845887,thinkingmachines/inkling,0,1.0,1,2026-08-16T02:37:17.997954+00:00
appstore_389801252_14420787819,thinkingmachines/inkling,0,1.0,1,2026-08-16T02:37:18.222914+00:00
appstore_389801252_14420878860,thinkingmachines/inkling,0,3.0,3,2026-08-16T02:37:18.632328+00:00
appstore_389801252_14420670955,thinkingmachines/inkling,0,1.0,1,2026-08-16T02:37:18.816434+00:00
appstore_389801252_14420666865,thinkingmachines/inkling,0,1.0,1,2026-08-16T02:37:18.863741+00:00
appstore_389801252_14420697811,thinkingmachines/inkling,0,1.0,1,2026-08-16T02:37:19.195508+00:00
appstore_389801252_14420548238,thinkingmachines/inkling,0,5.0,5,2026-08-16T02:37:19.348293+00:00
appstore_389801252_14420557105,thinkingmachines/inkling,0,1.0,1,2026-08-16T02:37:19.756565+00:00
appstore_389801252_14420608883,thinkingmachines/inkling,0,1.0,1,2026-08-16T02:37:19.758861+00:00
appstore_389801252_14420492885,thinkingmachines/inkling,0,5.0,5,2026-08-16T02:37:19.877090+00:00
appstore_389801252_14420517710,thinkingmachines/inkling,0,5.0,5,2026-08-16T02:37:20.634386+00:00
appstore_389801252_14420476732,thinkingmachines/inkling,0,1.0,1,2026-08-16T02:37:20.672777+00:00
appstore_389801252_14420400432,thinkingmachines/inkling,0,5.0,5,2026-08-16T02:37:21.035956+00:00
appstore_389801252_14420434453,thinkingmachines/inkling,0,1.0,1,2026-08-16T02:37:21.103695+00:00
appstore_389801252_14420394091,thinkingmachines/inkling,0,5.0,5,2026-08-16T02:37:21.165180+00:00
appstore_389801252_14420373045,thinkingmachines/inkling,0,1.0,1,2026-08-16T02:37:21.525438+00:00
appstore_389801252_14420380622,thinkingmachines/inkling,0,5.0,5,2026-08-16T02:37:21.873668+00:00
appstore_389801252_14420300336,thinkingmachines/inkling,0,5.0,5,2026-08-16T02:37:21.920027+00:00
appstore_389801252_14420308467,thinkingmachines/inkling,0,5.0,5,2026-08-16T02:37:21.987656+00:00
appstore_389801252_14420299824,thinkingmachines/inkling,0,5.0,5,2026-08-16T02:37:22.283407+00:00
appstore_389801252_14420282770,thinkingmachines/inkling,0,1.0,1,2026-08-16T02:37:22.803114+00:00
appstore_389801252_14420246471,thinkingmachines/inkling,0,5.0,5,2026-08-16T02:37:23.479333+00:00
appstore_389801252_14420233542,thinkingmachines/inkling,0,1.0,1,2026-08-16T02:37:23.893741+00:00
appstore_389801252_14420208485,thinkingmachines/inkling,0,1.0,1,2026-08-16T02:37:24.062399+00:00
appstore_389801252_14420204716,thinkingmachines/inkling,0,1.0,1,2026-08-16T02:37:24.321755+00:00
appstore_389801252_14420174804,thinkingmachines/inkling,0,1.0,1,2026-08-16T02:37:24.847722+00:00
appstore_389801252_14419987135,thinkingmachines/inkling,0,5.0,5,2026-08-16T02:37:25.573619+00:00
appstore_389801252_14419868466,thinkingmachines/inkling,0,5.0,5,2026-08-16T02:37:25.678345+00:00
appstore_389801252_14420262302,thinkingmachines/inkling,0,2.0,2,2026-08-16T02:37:25.915794+00:00
appstore_389801252_14419748495,thinkingmachines/inkling,0,1.0,1,2026-08-16T02:37:26.326610+00:00
appstore_389801252_14419767103,thinkingmachines/inkling,0,1.0,1,2026-08-16T02:37:26.539597+00:00
appstore_389801252_14420437447,thinkingmachines/inkling,0,5.0,5,2026-08-16T02:37:26.543402+00:00
appstore_389801252_14419669101,thinkingmachines/inkling,0,5.0,5,2026-08-16T02:37:27.291530+00:00
appstore_389801252_14419673180,thinkingmachines/inkling,0,1.0,1,2026-08-16T02:37:27.718350+00:00
appstore_389801252_14419640684,thinkingmachines/inkling,0,1.0,1,2026-08-16T02:37:27.726615+00:00
appstore_389801252_14419836397,thinkingmachines/inkling,0,5.0,5,2026-08-16T02:37:27.769371+00:00
appstore_389801252_14419677424,thinkingmachines/inkling,0,1.0,1,2026-08-16T02:37:27.876685+00:00
appstore_389801252_14419610318,thinkingmachines/inkling,0,1.0,1,2026-08-16T02:37:28.525779+00:00
appstore_389801252_14419554865,thinkingmachines/inkling,0,1.0,1,2026-08-16T02:37:28.603819+00:00
appstore_389801252_14419542039,thinkingmachines/inkling,0,5.0,5,2026-08-16T02:37:28.750487+00:00
appstore_389801252_14419542194,thinkingmachines/inkling,0,1.0,1,2026-08-16T02:37:29.039467+00:00
appstore_389801252_14419487913,thinkingmachines/inkling,0,5.0,5,2026-08-16T02:37:29.111563+00:00
appstore_389801252_14419520531,thinkingmachines/inkling,0,1.0,1,2026-08-16T02:37:29.343628+00:00
appstore_389801252_14419447357,thinkingmachines/inkling,0,1.0,1,2026-08-16T02:37:30.045538+00:00
appstore_389801252_14419356447,thinkingmachines/inkling,0,1.0,1,2026-08-16T02:37:30.579014+00:00
appstore_389801252_14419304799,thinkingmachines/inkling,0,1.0,1,2026-08-16T02:37:31.166195+00:00
appstore_389801252_14419362300,thinkingmachines/inkling,0,5.0,5,2026-08-16T02:37:31.345496+00:00
appstore_389801252_14419172548,thinkingmachines/inkling,0,1.0,1,2026-08-16T02:37:31.504926+00:00
appstore_389801252_14419408513,thinkingmachines/inkling,0,2.0,2,2026-08-16T02:37:31.874673+00:00
appstore_389801252_14419116275,thinkingmachines/inkling,0,1.0,1,2026-08-16T02:37:32.143944+00:00
appstore_389801252_14419112453,thinkingmachines/inkling,0,1.0,1,2026-08-16T02:37:32.470126+00:00
appstore_389801252_14418975862,thinkingmachines/inkling,0,1.0,1,2026-08-16T02:37:33.175729+00:00
appstore_389801252_14419080557,thinkingmachines/inkling,0,5.0,5,2026-08-16T02:37:33.298023+00:00
appstore_389801252_14418898754,thinkingmachines/inkling,0,1.0,1,2026-08-16T02:37:33.388460+00:00
appstore_389801252_14418881846,thinkingmachines/inkling,0,5.0,5,2026-08-16T02:37:33.919550+00:00
appstore_389801252_14418798991,thinkingmachines/inkling,0,5.0,5,2026-08-16T02:37:34.097027+00:00
appstore_389801252_14418765569,thinkingmachines/inkling,0,1.0,1,2026-08-16T02:37:34.568471+00:00
appstore_389801252_14419065391,thinkingmachines/inkling,0,5.0,5,2026-08-16T02:37:34.603044+00:00
appstore_389801252_14418579850,thinkingmachines/inkling,0,1.0,1,2026-08-16T02:37:35.407412+00:00
appstore_389801252_14418683836,thinkingmachines/inkling,0,5.0,5,2026-08-16T02:37:35.447554+00:00
appstore_389801252_14418684513,thinkingmachines/inkling,0,5.0,5,2026-08-16T02:37:35.525984+00:00
appstore_389801252_14418719490,thinkingmachines/inkling,0,1.0,1,2026-08-16T02:37:35.972382+00:00
appstore_389801252_14418435862,thinkingmachines/inkling,0,1.0,1,2026-08-16T02:37:36.148323+00:00
appstore_389801252_14418278450,thinkingmachines/inkling,0,1.0,1,2026-08-16T02:37:36.655708+00:00
appstore_389801252_14418296342,thinkingmachines/inkling,0,1.0,1,2026-08-16T02:37:36.915510+00:00
appstore_389801252_14418133864,thinkingmachines/inkling,0,1.0,1,2026-08-16T02:37:37.488940+00:00
appstore_389801252_14418441479,thinkingmachines/inkling,0,2.0,2,2026-08-16T02:37:38.035094+00:00
appstore_389801252_14418204823,thinkingmachines/inkling,0,5.0,5,2026-08-16T02:37:38.109007+00:00
appstore_389801252_14418083582,thinkingmachines/inkling,0,1.0,1,2026-08-16T02:37:38.315316+00:00
appstore_389801252_14418082596,thinkingmachines/inkling,0,5.0,5,2026-08-16T02:37:39.126412+00:00
appstore_389801252_14418078540,thinkingmachines/inkling,0,1.0,1,2026-08-16T02:37:39.228315+00:00
appstore_389801252_14418050608,thinkingmachines/inkling,0,2.0,2,2026-08-16T02:37:39.828356+00:00
appstore_389801252_14417736332,thinkingmachines/inkling,0,5.0,5,2026-08-16T02:37:40.004204+00:00
appstore_389801252_14417810257,thinkingmachines/inkling,0,5.0,5,2026-08-16T02:37:40.352960+00:00
appstore_389801252_14417725563,thinkingmachines/inkling,0,1.0,1,2026-08-16T02:37:41.014110+00:00
appstore_389801252_14417814010,thinkingmachines/inkling,0,1.0,1,2026-08-16T02:37:41.159918+00:00
appstore_389801252_14417676728,thinkingmachines/inkling,0,1.0,1,2026-08-16T02:37:41.499411+00:00
appstore_389801252_14417679252,thinkingmachines/inkling,0,1.0,1,2026-08-16T02:37:41.503823+00:00
appstore_389801252_14417579476,thinkingmachines/inkling,0,1.0,1,2026-08-16T02:37:41.694872+00:00
appstore_389801252_14417447547,thinkingmachines/inkling,0,1.0,1,2026-08-16T02:37:41.958024+00:00
appstore_389801252_14417399099,thinkingmachines/inkling,0,1.0,1,2026-08-16T02:37:42.302479+00:00
appstore_389801252_14417353261,thinkingmachines/inkling,0,5.0,5,2026-08-16T02:37:42.478512+00:00
appstore_389801252_14417378704,thinkingmachines/inkling,0,1.0,1,2026-08-16T02:37:42.655200+00:00
appstore_389801252_14417347862,thinkingmachines/inkling,0,5.0,5,2026-08-16T02:37:42.839403+00:00
appstore_389801252_14417251046,thinkingmachines/inkling,0,1.0,1,2026-08-16T02:37:43.228047+00:00
appstore_389801252_14417628246,thinkingmachines/inkling,0,1.0,1,2026-08-16T02:37:43.636096+00:00
appstore_389801252_14417248764,thinkingmachines/inkling,0,1.0,1,2026-08-16T02:37:43.938844+00:00
appstore_389801252_14417289757,thinkingmachines/inkling,0,2.0,2,2026-08-16T02:37:44.085320+00:00
appstore_389801252_14417156729,thinkingmachines/inkling,0,1.0,1,2026-08-16T02:37:44.291986+00:00
appstore_389801252_14417197908,thinkingmachines/inkling,0,1.0,1,2026-08-16T02:37:44.336704+00:00
appstore_389801252_14417130659,thinkingmachines/inkling,0,5.0,5,2026-08-16T02:37:44.620939+00:00
appstore_389801252_14417027988,thinkingmachines/inkling,0,5.0,5,2026-08-16T02:37:45.457796+00:00
appstore_389801252_14417012856,thinkingmachines/inkling,0,1.0,1,2026-08-16T02:37:45.915899+00:00
appstore_389801252_14416966505,thinkingmachines/inkling,0,5.0,5,2026-08-16T02:37:46.014662+00:00
appstore_389801252_14416920987,thinkingmachines/inkling,0,1.0,1,2026-08-16T02:37:46.822058+00:00
appstore_389801252_14417022505,thinkingmachines/inkling,0,2.0,2,2026-08-16T02:37:46.838166+00:00
appstore_389801252_14416857407,thinkingmachines/inkling,0,1.0,1,2026-08-16T02:37:46.998888+00:00
appstore_389801252_14417110313,thinkingmachines/inkling,0,2.0,2,2026-08-16T02:37:47.160440+00:00
appstore_389801252_14416846978,thinkingmachines/inkling,0,1.0,1,2026-08-16T02:37:47.379594+00:00
appstore_389801252_14416832289,thinkingmachines/inkling,0,1.0,1,2026-08-16T02:37:47.862721+00:00
appstore_284882215_14428839648,thinkingmachines/inkling,0,1.0,1,2026-08-16T02:37:48.047447+00:00
appstore_284882215_14428782256,thinkingmachines/inkling,0,5.0,5,2026-08-16T02:37:48.250553+00:00
appstore_284882215_14428821148,thinkingmachines/inkling,0,1.0,1,2026-08-16T02:37:48.363392+00:00
appstore_284882215_14428808937,thinkingmachines/inkling,0,1.0,1,2026-08-16T02:37:48.460082+00:00
appstore_284882215_14428740212,thinkingmachines/inkling,0,1.0,1,2026-08-16T02:37:49.057594+00:00
appstore_284882215_14428760901,thinkingmachines/inkling,0,1.0,1,2026-08-16T02:37:49.996612+00:00
appstore_284882215_14428758899,thinkingmachines/inkling,0,1.0,1,2026-08-16T02:37:50.007822+00:00
appstore_284882215_14428731605,thinkingmachines/inkling,0,1.0,1,2026-08-16T02:37:50.362588+00:00
appstore_284882215_14428713395,thinkingmachines/inkling,0,5.0,5,2026-08-16T02:37:51.100282+00:00
appstore_284882215_14428692246,thinkingmachines/inkling,0,5.0,5,2026-08-16T02:37:51.471992+00:00
appstore_284882215_14428770904,thinkingmachines/inkling,0,1.0,1,2026-08-16T02:37:51.523312+00:00
appstore_284882215_14428677868,thinkingmachines/inkling,0,1.0,1,2026-08-16T02:37:52.230466+00:00
appstore_284882215_14428682603,thinkingmachines/inkling,0,1.0,1,2026-08-16T02:37:52.592823+00:00
appstore_284882215_14428615670,thinkingmachines/inkling,0,1.0,1,2026-08-16T02:37:52.713304+00:00
appstore_284882215_14428619037,thinkingmachines/inkling,0,2.0,2,2026-08-16T02:37:52.896184+00:00
appstore_284882215_14428603357,thinkingmachines/inkling,0,1.0,1,2026-08-16T02:37:53.421224+00:00
appstore_284882215_14428601768,thinkingmachines/inkling,0,5.0,5,2026-08-16T02:37:53.832754+00:00
appstore_284882215_14428570810,thinkingmachines/inkling,0,1.0,1,2026-08-16T02:37:53.994669+00:00
appstore_284882215_14428544471,thinkingmachines/inkling,0,5.0,5,2026-08-16T02:37:54.098715+00:00
appstore_284882215_14428523619,thinkingmachines/inkling,0,1.0,1,2026-08-16T02:37:54.896316+00:00
appstore_284882215_14428669442,thinkingmachines/inkling,0,4.0,4,2026-08-16T02:37:55.082445+00:00
appstore_284882215_14428501072,thinkingmachines/inkling,0,1.0,1,2026-08-16T02:37:55.407854+00:00
appstore_284882215_14428496868,thinkingmachines/inkling,0,5.0,5,2026-08-16T02:37:55.582470+00:00
appstore_284882215_14428499646,thinkingmachines/inkling,0,5.0,5,2026-08-16T02:37:55.802620+00:00
appstore_284882215_14428496539,thinkingmachines/inkling,0,1.0,1,2026-08-16T02:37:56.435670+00:00
appstore_284882215_14428481791,thinkingmachines/inkling,0,5.0,5,2026-08-16T02:37:56.895129+00:00
appstore_284882215_14428479886,thinkingmachines/inkling,0,1.0,1,2026-08-16T02:37:56.989601+00:00
appstore_284882215_14428458789,thinkingmachines/inkling,0,5.0,5,2026-08-16T02:37:57.640861+00:00
appstore_284882215_14428349692,thinkingmachines/inkling,0,5.0,5,2026-08-16T02:37:58.002826+00:00
appstore_284882215_14428333527,thinkingmachines/inkling,0,1.0,1,2026-08-16T02:37:58.238226+00:00
appstore_284882215_14428537498,thinkingmachines/inkling,0,3.0,3,2026-08-16T02:37:58.681640+00:00
appstore_284882215_14428433036,thinkingmachines/inkling,0,5.0,5,2026-08-16T02:37:58.687864+00:00
appstore_284882215_14428330404,thinkingmachines/inkling,0,1.0,1,2026-08-16T02:37:59.005258+00:00
appstore_284882215_14428324998,thinkingmachines/inkling,0,1.0,1,2026-08-16T02:37:59.071887+00:00
appstore_284882215_14428280973,thinkingmachines/inkling,0,1.0,1,2026-08-16T02:37:59.387569+00:00
appstore_284882215_14428252690,thinkingmachines/inkling,0,5.0,5,2026-08-16T02:37:59.444202+00:00
appstore_284882215_14428280284,thinkingmachines/inkling,0,5.0,5,2026-08-16T02:37:59.522561+00:00
appstore_284882215_14428230928,thinkingmachines/inkling,0,1.0,1,2026-08-16T02:38:00.180038+00:00
appstore_284882215_14428255978,thinkingmachines/inkling,0,4.0,4,2026-08-16T02:38:00.231891+00:00
appstore_284882215_14428147491,thinkingmachines/inkling,0,5.0,5,2026-08-16T02:38:01.045392+00:00
appstore_284882215_14428250205,thinkingmachines/inkling,0,5.0,5,2026-08-16T02:38:01.196245+00:00
appstore_284882215_14428179082,thinkingmachines/inkling,0,1.0,1,2026-08-16T02:38:01.714443+00:00
appstore_284882215_14428108520,thinkingmachines/inkling,0,5.0,5,2026-08-16T02:38:02.597291+00:00
appstore_284882215_14428117504,thinkingmachines/inkling,0,5.0,5,2026-08-16T02:38:02.768186+00:00
appstore_284882215_14428089406,thinkingmachines/inkling,0,1.0,1,2026-08-16T02:38:03.178567+00:00
appstore_284882215_14428245793,thinkingmachines/inkling,0,4.0,4,2026-08-16T02:38:03.777268+00:00
appstore_284882215_14428107407,thinkingmachines/inkling,0,5.0,5,2026-08-16T02:38:03.869630+00:00
appstore_284882215_14428044158,thinkingmachines/inkling,0,5.0,5,2026-08-16T02:38:03.915156+00:00
appstore_284882215_14428082991,thinkingmachines/inkling,0,5.0,5,2026-08-16T02:38:04.259298+00:00
appstore_284882215_14428031513,thinkingmachines/inkling,0,5.0,5,2026-08-16T02:38:04.756859+00:00
appstore_284882215_14427983497,thinkingmachines/inkling,0,1.0,1,2026-08-16T02:38:04.794347+00:00
appstore_284882215_14427979508,thinkingmachines/inkling,0,1.0,1,2026-08-16T02:38:05.790701+00:00
appstore_284882215_14427971682,thinkingmachines/inkling,0,1.0,1,2026-08-16T02:38:06.201627+00:00
appstore_284882215_14427980511,thinkingmachines/inkling,0,3.0,3,2026-08-16T02:38:06.256212+00:00
appstore_284882215_14427848697,thinkingmachines/inkling,0,5.0,5,2026-08-16T02:38:07.039804+00:00
appstore_284882215_14428042007,thinkingmachines/inkling,0,4.0,4,2026-08-16T02:38:07.260332+00:00
appstore_284882215_14427879531,thinkingmachines/inkling,0,5.0,5,2026-08-16T02:38:07.350951+00:00
appstore_284882215_14427847118,thinkingmachines/inkling,0,5.0,5,2026-08-16T02:38:07.487689+00:00
appstore_284882215_14427963376,thinkingmachines/inkling,0,4.0,4,2026-08-16T02:38:07.710523+00:00
appstore_284882215_14427805730,thinkingmachines/inkling,0,1.0,1,2026-08-16T02:38:08.429593+00:00
appstore_284882215_14427813618,thinkingmachines/inkling,0,5.0,5,2026-08-16T02:38:08.540456+00:00
appstore_284882215_14427819859,thinkingmachines/inkling,0,1.0,1,2026-08-16T02:38:08.646185+00:00
appstore_284882215_14427789380,thinkingmachines/inkling,0,1.0,1,2026-08-16T02:38:09.146916+00:00
appstore_284882215_14427789270,thinkingmachines/inkling,0,1.0,1,2026-08-16T02:38:09.245022+00:00
appstore_284882215_14427802433,thinkingmachines/inkling,0,1.0,1,2026-08-16T02:38:09.266610+00:00
appstore_284882215_14427822623,thinkingmachines/inkling,0,4.0,4,2026-08-16T02:38:09.301347+00:00
appstore_284882215_14427788565,thinkingmachines/inkling,0,5.0,5,2026-08-16T02:38:09.629439+00:00
appstore_284882215_14427743867,thinkingmachines/inkling,0,1.0,1,2026-08-16T02:38:09.913892+00:00
appstore_284882215_14427770540,thinkingmachines/inkling,0,5.0,5,2026-08-16T02:38:09.953201+00:00
appstore_284882215_14427740159,thinkingmachines/inkling,0,1.0,1,2026-08-16T02:38:10.276125+00:00
appstore_284882215_14427708197,thinkingmachines/inkling,0,1.0,1,2026-08-16T02:38:11.171566+00:00
appstore_284882215_14427768659,thinkingmachines/inkling,0,4.0,4,2026-08-16T02:38:11.729663+00:00
appstore_284882215_14427577893,thinkingmachines/inkling,0,1.0,1,2026-08-16T02:38:11.895815+00:00
appstore_284882215_14427633357,thinkingmachines/inkling,0,5.0,5,2026-08-16T02:38:12.752973+00:00
appstore_284882215_14427534705,thinkingmachines/inkling,0,5.0,5,2026-08-16T02:38:12.787894+00:00
appstore_284882215_14427540451,thinkingmachines/inkling,0,5.0,5,2026-08-16T02:38:12.921198+00:00
appstore_284882215_14427477377,thinkingmachines/inkling,0,5.0,5,2026-08-16T02:38:13.291713+00:00
appstore_284882215_14427691427,thinkingmachines/inkling,0,4.0,4,2026-08-16T02:38:13.606168+00:00
appstore_284882215_14427427936,thinkingmachines/inkling,0,1.0,1,2026-08-16T02:38:14.145202+00:00
appstore_284882215_14427457942,thinkingmachines/inkling,0,2.0,2,2026-08-16T02:38:14.160189+00:00
appstore_284882215_14427437925,thinkingmachines/inkling,0,1.0,1,2026-08-16T02:38:14.358489+00:00
appstore_284882215_14427352667,thinkingmachines/inkling,0,4.0,4,2026-08-16T02:38:14.858217+00:00
appstore_284882215_14427423582,thinkingmachines/inkling,0,1.0,1,2026-08-16T02:38:15.288261+00:00
appstore_284882215_14427436540,thinkingmachines/inkling,0,3.0,3,2026-08-16T02:38:15.814277+00:00
appstore_284882215_14427312285,thinkingmachines/inkling,0,1.0,1,2026-08-16T02:38:15.856461+00:00
appstore_284882215_14427287481,thinkingmachines/inkling,0,1.0,1,2026-08-16T02:38:15.980479+00:00
appstore_284882215_14427241404,thinkingmachines/inkling,0,5.0,5,2026-08-16T02:38:16.374879+00:00
appstore_284882215_14427231941,thinkingmachines/inkling,0,1.0,1,2026-08-16T02:38:17.408980+00:00
appstore_284882215_14427227713,thinkingmachines/inkling,0,1.0,1,2026-08-16T02:38:17.971939+00:00
appstore_284882215_14427229827,thinkingmachines/inkling,0,5.0,5,2026-08-16T02:38:19.402563+00:00
appstore_284882215_14427222801,thinkingmachines/inkling,0,1.0,1,2026-08-16T02:38:19.512614+00:00
appstore_284882215_14427243110,thinkingmachines/inkling,0,1.0,1,2026-08-16T02:38:19.582121+00:00
appstore_284882215_14427213612,thinkingmachines/inkling,0,5.0,5,2026-08-16T02:38:19.829152+00:00
appstore_284882215_14427143617,thinkingmachines/inkling,0,1.0,1,2026-08-16T02:38:20.278147+00:00
appstore_284882215_14427188298,thinkingmachines/inkling,0,4.0,4,2026-08-16T02:38:20.526202+00:00
appstore_284882215_14427139966,thinkingmachines/inkling,0,5.0,5,2026-08-16T02:38:20.723966+00:00
appstore_284882215_14427107338,thinkingmachines/inkling,0,1.0,1,2026-08-16T02:38:20.937637+00:00
appstore_284882215_14427108595,thinkingmachines/inkling,0,5.0,5,2026-08-16T02:38:21.934154+00:00
appstore_284882215_14427041258,thinkingmachines/inkling,0,5.0,5,2026-08-16T02:38:22.917155+00:00
appstore_284882215_14427079385,thinkingmachines/inkling,0,1.0,1,2026-08-16T02:38:23.609013+00:00
appstore_284882215_14426984170,thinkingmachines/inkling,0,3.0,3,2026-08-16T02:38:23.764919+00:00
appstore_284882215_14426917484,thinkingmachines/inkling,0,5.0,5,2026-08-16T02:38:24.508567+00:00
appstore_284882215_14426936020,thinkingmachines/inkling,0,1.0,1,2026-08-16T02:38:25.187993+00:00
appstore_284882215_14426932799,thinkingmachines/inkling,0,1.0,1,2026-08-16T02:38:25.194490+00:00
appstore_284882215_14426894657,thinkingmachines/inkling,0,1.0,1,2026-08-16T02:38:25.794409+00:00
appstore_284882215_14426880560,thinkingmachines/inkling,0,5.0,5,2026-08-16T02:38:26.455891+00:00
appstore_284882215_14426909890,thinkingmachines/inkling,0,1.0,1,2026-08-16T02:38:26.932333+00:00
appstore_284882215_14426892962,thinkingmachines/inkling,0,5.0,5,2026-08-16T02:38:27.996084+00:00
appstore_284882215_14426870441,thinkingmachines/inkling,0,5.0,5,2026-08-16T02:38:28.020715+00:00
appstore_284882215_14426873424,thinkingmachines/inkling,0,1.0,1,2026-08-16T02:38:28.459701+00:00
appstore_284882215_14426841582,thinkingmachines/inkling,0,5.0,5,2026-08-16T02:38:28.491352+00:00
appstore_284882215_14426857755,thinkingmachines/inkling,0,1.0,1,2026-08-16T02:38:28.839155+00:00
appstore_284882215_14426803737,thinkingmachines/inkling,0,1.0,1,2026-08-16T02:38:28.955321+00:00
appstore_284882215_14426765076,thinkingmachines/inkling,0,1.0,1,2026-08-16T02:38:29.253289+00:00
appstore_284882215_14426758117,thinkingmachines/inkling,0,5.0,5,2026-08-16T02:38:30.351901+00:00
appstore_284882215_14427346047,thinkingmachines/inkling,0,5.0,5,2026-08-16T02:38:30.458175+00:00
appstore_284882215_14426749547,thinkingmachines/inkling,0,1.0,1,2026-08-16T02:38:30.802203+00:00
appstore_284882215_14426827690,thinkingmachines/inkling,0,1.0,1,2026-08-16T02:38:31.277901+00:00
appstore_284882215_14426737578,thinkingmachines/inkling,0,1.0,1,2026-08-16T02:38:31.726480+00:00
appstore_284882215_14426710654,thinkingmachines/inkling,0,1.0,1,2026-08-16T02:38:31.766527+00:00
appstore_284882215_14426645910,thinkingmachines/inkling,0,1.0,1,2026-08-16T02:38:32.243990+00:00
appstore_284882215_14426646234,thinkingmachines/inkling,0,5.0,5,2026-08-16T02:38:33.164722+00:00
appstore_284882215_14426593408,thinkingmachines/inkling,0,1.0,1,2026-08-16T02:38:33.560990+00:00
appstore_284882215_14426686542,thinkingmachines/inkling,0,3.0,3,2026-08-16T02:38:34.208119+00:00
appstore_284882215_14426534557,thinkingmachines/inkling,0,5.0,5,2026-08-16T02:38:34.586908+00:00
appstore_284882215_14426532908,thinkingmachines/inkling,0,3.0,3,2026-08-16T02:38:35.091245+00:00
appstore_284882215_14426530720,thinkingmachines/inkling,0,1.0,1,2026-08-16T02:38:35.892546+00:00
appstore_284882215_14426512070,thinkingmachines/inkling,0,5.0,5,2026-08-16T02:38:35.932232+00:00
appstore_284882215_14426519878,thinkingmachines/inkling,0,1.0,1,2026-08-16T02:38:36.217070+00:00
appstore_284882215_14426469405,thinkingmachines/inkling,0,1.0,1,2026-08-16T02:38:37.244359+00:00
appstore_284882215_14426476021,thinkingmachines/inkling,0,1.0,1,2026-08-16T02:38:38.019161+00:00
appstore_284882215_14426465630,thinkingmachines/inkling,0,1.0,1,2026-08-16T02:38:38.165735+00:00
appstore_284882215_14426466886,thinkingmachines/inkling,0,1.0,1,2026-08-16T02:38:38.629071+00:00
appstore_284882215_14426756178,thinkingmachines/inkling,0,5.0,5,2026-08-16T02:38:39.504599+00:00
appstore_284882215_14426421728,thinkingmachines/inkling,0,5.0,5,2026-08-16T02:38:39.787552+00:00
appstore_284882215_14426353652,thinkingmachines/inkling,0,1.0,1,2026-08-16T02:38:40.174264+00:00
appstore_284882215_14426336833,thinkingmachines/inkling,0,1.0,1,2026-08-16T02:38:40.198439+00:00
appstore_284882215_14426373669,thinkingmachines/inkling,0,1.0,1,2026-08-16T02:38:40.338198+00:00
appstore_284882215_14426326736,thinkingmachines/inkling,0,5.0,5,2026-08-16T02:38:40.797097+00:00
appstore_284882215_14426274092,thinkingmachines/inkling,0,5.0,5,2026-08-16T02:38:40.929908+00:00
appstore_284882215_14426266935,thinkingmachines/inkling,0,1.0,1,2026-08-16T02:38:42.073376+00:00
appstore_284882215_14426177240,thinkingmachines/inkling,0,1.0,1,2026-08-16T02:38:42.153766+00:00
appstore_284882215_14426078119,thinkingmachines/inkling,0,4.0,4,2026-08-16T02:38:42.416222+00:00
appstore_284882215_14425787025,thinkingmachines/inkling,0,1.0,1,2026-08-16T02:38:42.582602+00:00
appstore_284882215_14426427494,thinkingmachines/inkling,0,1.0,1,2026-08-16T02:38:42.614751+00:00
appstore_284882215_14426001203,thinkingmachines/inkling,0,1.0,1,2026-08-16T02:38:42.782775+00:00
appstore_284882215_14425785313,thinkingmachines/inkling,0,1.0,1,2026-08-16T02:38:43.185082+00:00
appstore_284882215_14425750212,thinkingmachines/inkling,0,1.0,1,2026-08-16T02:38:43.725079+00:00
appstore_284882215_14425696042,thinkingmachines/inkling,0,1.0,1,2026-08-16T02:38:43.765064+00:00
appstore_284882215_14425532475,thinkingmachines/inkling,0,1.0,1,2026-08-16T02:38:44.226615+00:00
appstore_284882215_14425761989,thinkingmachines/inkling,0,4.0,4,2026-08-16T02:38:44.783966+00:00
appstore_284882215_14425489939,thinkingmachines/inkling,0,1.0,1,2026-08-16T02:38:44.915958+00:00
appstore_284882215_14425712811,thinkingmachines/inkling,0,1.0,1,2026-08-16T02:38:45.020283+00:00
appstore_284882215_14425483082,thinkingmachines/inkling,0,1.0,1,2026-08-16T02:38:45.539127+00:00
appstore_284882215_14425666132,thinkingmachines/inkling,0,1.0,1,2026-08-16T02:38:45.862045+00:00
appstore_284882215_14425408273,thinkingmachines/inkling,0,5.0,5,2026-08-16T02:38:46.109619+00:00
appstore_284882215_14425358120,thinkingmachines/inkling,0,1.0,1,2026-08-16T02:38:46.377539+00:00
appstore_284882215_14425355158,thinkingmachines/inkling,0,5.0,5,2026-08-16T02:38:46.754925+00:00
appstore_284882215_14425403739,thinkingmachines/inkling,0,1.0,1,2026-08-16T02:38:47.302043+00:00
appstore_284882215_14425337615,thinkingmachines/inkling,0,5.0,5,2026-08-16T02:38:47.843318+00:00
appstore_284882215_14425326582,thinkingmachines/inkling,0,1.0,1,2026-08-16T02:38:48.201832+00:00
appstore_284882215_14425300622,thinkingmachines/inkling,0,4.0,4,2026-08-16T02:38:48.286268+00:00
appstore_284882215_14425278373,thinkingmachines/inkling,0,5.0,5,2026-08-16T02:38:48.386256+00:00
appstore_284882215_14425283240,thinkingmachines/inkling,0,5.0,5,2026-08-16T02:38:48.664409+00:00
appstore_284882215_14425212774,thinkingmachines/inkling,0,1.0,1,2026-08-16T02:38:49.942238+00:00
appstore_284882215_14425239722,thinkingmachines/inkling,0,3.0,3,2026-08-16T02:38:50.082364+00:00
appstore_284882215_14425238116,thinkingmachines/inkling,0,5.0,5,2026-08-16T02:38:50.114100+00:00
appstore_284882215_14425204038,thinkingmachines/inkling,0,1.0,1,2026-08-16T02:38:50.782764+00:00
appstore_284882215_14425252732,thinkingmachines/inkling,0,5.0,5,2026-08-16T02:38:50.854890+00:00
appstore_284882215_14425186765,thinkingmachines/inkling,0,5.0,5,2026-08-16T02:38:51.097416+00:00
appstore_284882215_14425159796,thinkingmachines/inkling,0,1.0,1,2026-08-16T02:38:51.252346+00:00
appstore_284882215_14425056547,thinkingmachines/inkling,0,1.0,1,2026-08-16T02:38:52.248097+00:00
appstore_284882215_14425062485,thinkingmachines/inkling,0,1.0,1,2026-08-16T02:38:52.775202+00:00
appstore_284882215_14425022365,thinkingmachines/inkling,0,1.0,1,2026-08-16T02:38:53.054777+00:00
appstore_284882215_14425175881,thinkingmachines/inkling,0,1.0,1,2026-08-16T02:38:54.101022+00:00
appstore_284882215_14424951603,thinkingmachines/inkling,0,5.0,5,2026-08-16T02:38:54.649742+00:00
appstore_284882215_14424908291,thinkingmachines/inkling,0,5.0,5,2026-08-16T02:38:55.165271+00:00
appstore_284882215_14425075368,thinkingmachines/inkling,0,2.0,2,2026-08-16T02:38:55.698828+00:00
appstore_284882215_14424861576,thinkingmachines/inkling,0,1.0,1,2026-08-16T02:38:57.873111+00:00
appstore_284882215_14424848138,thinkingmachines/inkling,0,1.0,1,2026-08-16T02:38:58.018307+00:00
appstore_284882215_14424787190,thinkingmachines/inkling,0,1.0,1,2026-08-16T02:38:58.947280+00:00
appstore_284882215_14424775623,thinkingmachines/inkling,0,5.0,5,2026-08-16T02:38:59.945811+00:00
appstore_284882215_14424966681,thinkingmachines/inkling,0,2.0,2,2026-08-16T02:39:00.109900+00:00
appstore_284882215_14424830387,thinkingmachines/inkling,0,1.0,1,2026-08-16T02:39:00.270945+00:00
appstore_284882215_14424780261,thinkingmachines/inkling,0,2.0,2,2026-08-16T02:39:00.397798+00:00
appstore_284882215_14424759903,thinkingmachines/inkling,0,1.0,1,2026-08-16T02:39:00.936565+00:00
appstore_284882215_14424731353,thinkingmachines/inkling,0,5.0,5,2026-08-16T02:39:01.038927+00:00
appstore_284882215_14424772449,thinkingmachines/inkling,0,1.0,1,2026-08-16T02:39:01.140650+00:00
appstore_284882215_14424710417,thinkingmachines/inkling,0,5.0,5,2026-08-16T02:39:01.232714+00:00
appstore_284882215_14424708403,thinkingmachines/inkling,0,5.0,5,2026-08-16T02:39:01.534714+00:00
appstore_284882215_14424701783,thinkingmachines/inkling,0,1.0,1,2026-08-16T02:39:01.544991+00:00
appstore_284882215_14424687531,thinkingmachines/inkling,0,5.0,5,2026-08-16T02:39:01.840159+00:00
appstore_284882215_14424683464,thinkingmachines/inkling,0,1.0,1,2026-08-16T02:39:02.430018+00:00
appstore_284882215_14424623417,thinkingmachines/inkling,0,1.0,1,2026-08-16T02:39:03.223245+00:00
appstore_284882215_14424614660,thinkingmachines/inkling,0,1.0,1,2026-08-16T02:39:03.516264+00:00
appstore_284882215_14424697352,thinkingmachines/inkling,0,1.0,1,2026-08-16T02:39:03.553789+00:00
appstore_284882215_14424662503,thinkingmachines/inkling,0,4.0,4,2026-08-16T02:39:03.722166+00:00
appstore_284882215_14424594595,thinkingmachines/inkling,0,5.0,5,2026-08-16T02:39:04.353709+00:00
appstore_284882215_14424494136,thinkingmachines/inkling,0,5.0,5,2026-08-16T02:39:04.533652+00:00
appstore_284882215_14424439544,thinkingmachines/inkling,0,1.0,1,2026-08-16T02:39:05.312982+00:00
appstore_284882215_14424492332,thinkingmachines/inkling,0,5.0,5,2026-08-16T02:39:05.604382+00:00
appstore_284882215_14424418708,thinkingmachines/inkling,0,1.0,1,2026-08-16T02:39:06.199255+00:00
appstore_284882215_14424405546,thinkingmachines/inkling,0,5.0,5,2026-08-16T02:39:08.145986+00:00
appstore_284882215_14424568626,thinkingmachines/inkling,0,1.0,1,2026-08-16T02:39:08.180638+00:00
appstore_284882215_14424590946,thinkingmachines/inkling,0,3.0,3,2026-08-16T02:39:08.505690+00:00
appstore_284882215_14424389307,thinkingmachines/inkling,0,1.0,1,2026-08-16T02:39:08.668948+00:00
appstore_284882215_14424362947,thinkingmachines/inkling,0,5.0,5,2026-08-16T02:39:09.507820+00:00
appstore_284882215_14424341505,thinkingmachines/inkling,0,5.0,5,2026-08-16T02:39:09.784427+00:00
appstore_284882215_14424431337,thinkingmachines/inkling,0,1.0,1,2026-08-16T02:39:09.789299+00:00
appstore_284882215_14424330368,thinkingmachines/inkling,0,1.0,1,2026-08-16T02:39:10.431138+00:00
appstore_284882215_14424292238,thinkingmachines/inkling,0,5.0,5,2026-08-16T02:39:10.435765+00:00
appstore_284882215_14424252818,thinkingmachines/inkling,0,5.0,5,2026-08-16T02:39:11.204688+00:00
appstore_284882215_14424260318,thinkingmachines/inkling,0,1.0,1,2026-08-16T02:39:11.442533+00:00
appstore_284882215_14424238506,thinkingmachines/inkling,0,1.0,1,2026-08-16T02:39:11.818496+00:00
appstore_284882215_14424234151,thinkingmachines/inkling,0,1.0,1,2026-08-16T02:39:12.174296+00:00
appstore_284882215_14424199804,thinkingmachines/inkling,0,1.0,1,2026-08-16T02:39:12.255212+00:00
appstore_284882215_14424159326,thinkingmachines/inkling,0,1.0,1,2026-08-16T02:39:12.727804+00:00
appstore_284882215_14424141384,thinkingmachines/inkling,0,1.0,1,2026-08-16T02:39:12.962824+00:00
appstore_284882215_14424129244,thinkingmachines/inkling,0,1.0,1,2026-08-16T02:39:13.190831+00:00
appstore_284882215_14424116742,thinkingmachines/inkling,0,1.0,1,2026-08-16T02:39:13.924302+00:00
appstore_284882215_14424045430,thinkingmachines/inkling,0,1.0,1,2026-08-16T02:39:13.982249+00:00
appstore_284882215_14424194111,thinkingmachines/inkling,0,4.0,4,2026-08-16T02:39:14.454371+00:00
appstore_284882215_14424028125,thinkingmachines/inkling,0,5.0,5,2026-08-16T02:39:15.266257+00:00
appstore_284882215_14424021510,thinkingmachines/inkling,0,1.0,1,2026-08-16T02:39:16.112855+00:00
appstore_284882215_14424036837,thinkingmachines/inkling,0,4.0,4,2026-08-16T02:39:16.507698+00:00
appstore_284882215_14424015455,thinkingmachines/inkling,0,1.0,1,2026-08-16T02:39:16.639223+00:00
appstore_284882215_14424377765,thinkingmachines/inkling,0,2.0,2,2026-08-16T02:39:16.900536+00:00
appstore_284882215_14423977460,thinkingmachines/inkling,0,1.0,1,2026-08-16T02:39:17.086172+00:00
appstore_284882215_14423925958,thinkingmachines/inkling,0,1.0,1,2026-08-16T02:39:17.238884+00:00
appstore_284882215_14423917649,thinkingmachines/inkling,0,1.0,1,2026-08-16T02:39:17.421263+00:00
appstore_284882215_14423966291,thinkingmachines/inkling,0,1.0,1,2026-08-16T02:39:17.603538+00:00
appstore_284882215_14423908159,thinkingmachines/inkling,0,1.0,1,2026-08-16T02:39:18.056183+00:00
appstore_284882215_14423885380,thinkingmachines/inkling,0,1.0,1,2026-08-16T02:39:18.394481+00:00
appstore_284882215_14423857681,thinkingmachines/inkling,0,1.0,1,2026-08-16T02:39:18.845315+00:00
appstore_284882215_14423814659,thinkingmachines/inkling,0,1.0,1,2026-08-16T02:39:18.969001+00:00
appstore_284882215_14423806031,thinkingmachines/inkling,0,1.0,1,2026-08-16T02:39:19.061348+00:00
appstore_284882215_14423703723,thinkingmachines/inkling,0,1.0,1,2026-08-16T02:39:19.929005+00:00
appstore_284882215_14423660868,thinkingmachines/inkling,0,1.0,1,2026-08-16T02:39:20.482570+00:00
appstore_284882215_14423740776,thinkingmachines/inkling,0,3.0,3,2026-08-16T02:39:21.094222+00:00
appstore_284882215_14423635431,thinkingmachines/inkling,0,1.0,1,2026-08-16T02:39:21.188054+00:00
appstore_284882215_14423765115,thinkingmachines/inkling,0,1.0,1,2026-08-16T02:39:21.267077+00:00
appstore_284882215_14423588796,thinkingmachines/inkling,0,1.0,1,2026-08-16T02:39:21.722589+00:00
appstore_284882215_14423633374,thinkingmachines/inkling,0,1.0,1,2026-08-16T02:39:21.736239+00:00
appstore_284882215_14423601327,thinkingmachines/inkling,0,5.0,5,2026-08-16T02:39:21.822020+00:00
appstore_284882215_14423526007,thinkingmachines/inkling,0,1.0,1,2026-08-16T02:39:22.211190+00:00
appstore_284882215_14423522282,thinkingmachines/inkling,0,2.0,2,2026-08-16T02:39:23.207272+00:00
appstore_284882215_14423683468,thinkingmachines/inkling,0,1.0,1,2026-08-16T02:39:23.640307+00:00
appstore_284882215_14423550151,thinkingmachines/inkling,0,1.0,1,2026-08-16T02:39:23.729039+00:00
appstore_284882215_14423456237,thinkingmachines/inkling,0,5.0,5,2026-08-16T02:39:23.737097+00:00
appstore_284882215_14423419062,thinkingmachines/inkling,0,5.0,5,2026-08-16T02:39:24.895680+00:00
appstore_284882215_14423440693,thinkingmachines/inkling,0,5.0,5,2026-08-16T02:39:24.904744+00:00
appstore_284882215_14423425790,thinkingmachines/inkling,0,1.0,1,2026-08-16T02:39:25.073003+00:00
appstore_284882215_14423418730,thinkingmachines/inkling,0,1.0,1,2026-08-16T02:39:25.992081+00:00
appstore_284882215_14423380334,thinkingmachines/inkling,0,1.0,1,2026-08-16T02:39:26.147433+00:00
appstore_284882215_14423417773,thinkingmachines/inkling,0,5.0,5,2026-08-16T02:39:26.420269+00:00
appstore_284882215_14423355702,thinkingmachines/inkling,0,1.0,1,2026-08-16T02:39:27.539965+00:00
appstore_284882215_14423310477,thinkingmachines/inkling,0,5.0,5,2026-08-16T02:39:27.663592+00:00
appstore_284882215_14423345741,thinkingmachines/inkling,0,1.0,1,2026-08-16T02:39:27.747163+00:00
appstore_284882215_14423252427,thinkingmachines/inkling,0,1.0,1,2026-08-16T02:39:28.271035+00:00
appstore_284882215_14423241579,thinkingmachines/inkling,0,1.0,1,2026-08-16T02:39:28.304781+00:00
appstore_284882215_14423278539,thinkingmachines/inkling,0,5.0,5,2026-08-16T02:39:28.664711+00:00
appstore_284882215_14423218420,thinkingmachines/inkling,0,5.0,5,2026-08-16T02:39:28.810849+00:00
appstore_284882215_14423234192,thinkingmachines/inkling,0,5.0,5,2026-08-16T02:39:29.164814+00:00
appstore_284882215_14423168376,thinkingmachines/inkling,0,1.0,1,2026-08-16T02:39:29.545922+00:00
appstore_284882215_14423215164,thinkingmachines/inkling,0,5.0,5,2026-08-16T02:39:29.587068+00:00
appstore_284882215_14423161822,thinkingmachines/inkling,0,1.0,1,2026-08-16T02:39:29.853335+00:00
appstore_284882215_14423472451,thinkingmachines/inkling,0,4.0,4,2026-08-16T02:39:30.021343+00:00
appstore_284882215_14423155557,thinkingmachines/inkling,0,5.0,5,2026-08-16T02:39:30.041970+00:00
appstore_284882215_14423157132,thinkingmachines/inkling,0,1.0,1,2026-08-16T02:39:30.622317+00:00
appstore_284882215_14423133502,thinkingmachines/inkling,0,1.0,1,2026-08-16T02:39:30.636259+00:00
appstore_284882215_14423121223,thinkingmachines/inkling,0,1.0,1,2026-08-16T02:39:30.764774+00:00
appstore_284882215_14423081475,thinkingmachines/inkling,0,1.0,1,2026-08-16T02:39:31.581813+00:00
appstore_284882215_14423084394,thinkingmachines/inkling,0,1.0,1,2026-08-16T02:39:31.665811+00:00
appstore_284882215_14423087621,thinkingmachines/inkling,0,3.0,3,2026-08-16T02:39:32.179047+00:00
appstore_284882215_14423057083,thinkingmachines/inkling,0,1.0,1,2026-08-16T02:39:32.213499+00:00
appstore_284882215_14423014752,thinkingmachines/inkling,0,1.0,1,2026-08-16T02:39:32.855446+00:00
appstore_284882215_14423063264,thinkingmachines/inkling,0,2.0,2,2026-08-16T02:39:32.939587+00:00
appstore_284882215_14423045712,thinkingmachines/inkling,0,5.0,5,2026-08-16T02:39:33.062798+00:00
appstore_284882215_14423013349,thinkingmachines/inkling,0,5.0,5,2026-08-16T02:39:33.496310+00:00
appstore_284882215_14423056746,thinkingmachines/inkling,0,3.0,3,2026-08-16T02:39:34.180949+00:00
appstore_284882215_14422914980,thinkingmachines/inkling,0,5.0,5,2026-08-16T02:39:34.302415+00:00
appstore_284882215_14422976013,thinkingmachines/inkling,0,5.0,5,2026-08-16T02:39:34.357489+00:00
appstore_284882215_14423013202,thinkingmachines/inkling,0,5.0,5,2026-08-16T02:39:34.605308+00:00
appstore_284882215_14422914883,thinkingmachines/inkling,0,1.0,1,2026-08-16T02:39:35.008479+00:00
appstore_284882215_14422856243,thinkingmachines/inkling,0,1.0,1,2026-08-16T02:39:35.082531+00:00
appstore_284882215_14422845022,thinkingmachines/inkling,0,1.0,1,2026-08-16T02:39:35.356183+00:00
appstore_284882215_14422829123,thinkingmachines/inkling,0,2.0,2,2026-08-16T02:39:35.830415+00:00
appstore_284882215_14422799487,thinkingmachines/inkling,0,1.0,1,2026-08-16T02:39:35.851903+00:00
appstore_284882215_14422880807,thinkingmachines/inkling,0,4.0,4,2026-08-16T02:39:36.219708+00:00
appstore_284882215_14422743036,thinkingmachines/inkling,0,1.0,1,2026-08-16T02:39:36.795693+00:00
appstore_284882215_14422685575,thinkingmachines/inkling,0,5.0,5,2026-08-16T02:39:36.870842+00:00
appstore_284882215_14422771511,thinkingmachines/inkling,0,5.0,5,2026-08-16T02:39:36.938267+00:00
appstore_284882215_14422678669,thinkingmachines/inkling,0,5.0,5,2026-08-16T02:39:37.178570+00:00
appstore_284882215_14422675971,thinkingmachines/inkling,0,1.0,1,2026-08-16T02:39:37.587615+00:00
appstore_284882215_14422677045,thinkingmachines/inkling,0,1.0,1,2026-08-16T02:39:38.642453+00:00
appstore_284882215_14422638862,thinkingmachines/inkling,0,5.0,5,2026-08-16T02:39:38.688773+00:00
appstore_284882215_14422587765,thinkingmachines/inkling,0,5.0,5,2026-08-16T02:39:39.347296+00:00
appstore_284882215_14422591450,thinkingmachines/inkling,0,1.0,1,2026-08-16T02:39:39.378249+00:00
appstore_284882215_14422596472,thinkingmachines/inkling,0,5.0,5,2026-08-16T02:39:39.822331+00:00
appstore_284882215_14422814734,thinkingmachines/inkling,0,5.0,5,2026-08-16T02:39:40.353246+00:00
appstore_835599320_14428765041,anthropic/claude-haiku-4.5,0,4.0,4,2026-08-16T02:39:41.972146+00:00
appstore_835599320_14428819095,anthropic/claude-haiku-4.5,0,3.0,3,2026-08-16T02:39:41.983042+00:00
appstore_835599320_14428810253,anthropic/claude-haiku-4.5,0,5.0,5,2026-08-16T02:39:42.088504+00:00
appstore_835599320_14428760384,anthropic/claude-haiku-4.5,0,1.0,1,2026-08-16T02:39:42.098286+00:00
appstore_835599320_14428739444,anthropic/claude-haiku-4.5,0,4.0,4,2026-08-16T02:39:42.707246+00:00
appstore_835599320_14428744196,anthropic/claude-haiku-4.5,0,1.0,1,2026-08-16T02:39:42.794720+00:00
appstore_835599320_14428723654,anthropic/claude-haiku-4.5,0,5.0,5,2026-08-16T02:39:42.855566+00:00
appstore_835599320_14428700403,anthropic/claude-haiku-4.5,0,3.0,3,2026-08-16T02:39:42.912331+00:00
appstore_835599320_14428686470,anthropic/claude-haiku-4.5,0,5.0,5,2026-08-16T02:39:43.446276+00:00
appstore_835599320_14428629157,anthropic/claude-haiku-4.5,0,1.0,1,2026-08-16T02:39:43.602681+00:00
appstore_835599320_14428646778,anthropic/claude-haiku-4.5,0,5.0,5,2026-08-16T02:39:43.763434+00:00
appstore_835599320_14428619843,anthropic/claude-haiku-4.5,0,1.0,1,2026-08-16T02:39:43.992350+00:00
appstore_835599320_14428594451,anthropic/claude-haiku-4.5,0,5.0,5,2026-08-16T02:39:44.109005+00:00
appstore_835599320_14428571539,anthropic/claude-haiku-4.5,0,3.0,3,2026-08-16T02:39:44.353401+00:00
appstore_835599320_14428564204,anthropic/claude-haiku-4.5,0,5.0,5,2026-08-16T02:39:44.591741+00:00
appstore_835599320_14428553408,anthropic/claude-haiku-4.5,0,1.0,1,2026-08-16T02:39:44.700616+00:00
appstore_835599320_14428517333,anthropic/claude-haiku-4.5,0,3.0,3,2026-08-16T02:39:44.951961+00:00
appstore_835599320_14428514180,anthropic/claude-haiku-4.5,0,1.0,1,2026-08-16T02:39:45.210914+00:00
appstore_835599320_14428511012,anthropic/claude-haiku-4.5,0,5.0,5,2026-08-16T02:39:45.363720+00:00
appstore_835599320_14428449077,anthropic/claude-haiku-4.5,0,3.0,3,2026-08-16T02:39:45.426904+00:00
appstore_835599320_14428438964,anthropic/claude-haiku-4.5,0,1.0,1,2026-08-16T02:39:45.755716+00:00
appstore_835599320_14428412194,anthropic/claude-haiku-4.5,0,4.0,4,2026-08-16T02:39:45.995081+00:00
appstore_835599320_14428374927,anthropic/claude-haiku-4.5,0,1.0,1,2026-08-16T02:39:46.230774+00:00
appstore_835599320_14428356558,anthropic/claude-haiku-4.5,0,2.0,2,2026-08-16T02:39:46.234898+00:00
appstore_835599320_14428351905,anthropic/claude-haiku-4.5,0,1.0,1,2026-08-16T02:39:46.549360+00:00
appstore_835599320_14428341371,anthropic/claude-haiku-4.5,0,3.0,3,2026-08-16T02:39:46.752720+00:00
appstore_835599320_14428237025,anthropic/claude-haiku-4.5,0,1.0,1,2026-08-16T02:39:46.952168+00:00
appstore_835599320_14428244899,anthropic/claude-haiku-4.5,0,5.0,5,2026-08-16T02:39:47.099465+00:00
appstore_835599320_14428236483,anthropic/claude-haiku-4.5,0,1.0,1,2026-08-16T02:39:47.505239+00:00
appstore_835599320_14428197349,anthropic/claude-haiku-4.5,0,1.0,1,2026-08-16T02:39:47.573971+00:00
appstore_835599320_14428171225,anthropic/claude-haiku-4.5,0,4.0,4,2026-08-16T02:39:47.689799+00:00
appstore_835599320_14428089882,anthropic/claude-haiku-4.5,0,1.0,1,2026-08-16T02:39:47.978277+00:00
appstore_835599320_14428076460,anthropic/claude-haiku-4.5,0,2.0,2,2026-08-16T02:39:48.334378+00:00
appstore_835599320_14428055987,anthropic/claude-haiku-4.5,0,2.0,2,2026-08-16T02:39:48.405089+00:00
appstore_835599320_14427956422,anthropic/claude-haiku-4.5,0,1.0,1,2026-08-16T02:39:48.483637+00:00
appstore_835599320_14427952281,anthropic/claude-haiku-4.5,0,1.0,1,2026-08-16T02:39:48.765816+00:00
appstore_835599320_14427946980,anthropic/claude-haiku-4.5,0,1.0,1,2026-08-16T02:39:49.036903+00:00
appstore_835599320_14427854895,anthropic/claude-haiku-4.5,0,1.0,1,2026-08-16T02:39:49.221015+00:00
appstore_835599320_14427843102,anthropic/claude-haiku-4.5,0,1.0,1,2026-08-16T02:39:49.267741+00:00
appstore_835599320_14427823603,anthropic/claude-haiku-4.5,0,1.0,1,2026-08-16T02:39:49.531221+00:00
appstore_835599320_14427759908,anthropic/claude-haiku-4.5,0,1.0,1,2026-08-16T02:39:49.792765+00:00
appstore_835599320_14427744046,anthropic/claude-haiku-4.5,0,1.0,1,2026-08-16T02:39:50.066882+00:00
appstore_835599320_14427750804,anthropic/claude-haiku-4.5,0,1.0,1,2026-08-16T02:39:50.085348+00:00
appstore_835599320_14427688392,anthropic/claude-haiku-4.5,0,1.0,1,2026-08-16T02:39:50.362515+00:00
appstore_835599320_14427599023,anthropic/claude-haiku-4.5,0,4.0,4,2026-08-16T02:39:50.558877+00:00
appstore_835599320_14427430674,anthropic/claude-haiku-4.5,0,1.0,1,2026-08-16T02:39:50.866353+00:00
appstore_835599320_14427442367,anthropic/claude-haiku-4.5,0,1.0,1,2026-08-16T02:39:50.871491+00:00
appstore_835599320_14427373316,anthropic/claude-haiku-4.5,0,5.0,5,2026-08-16T02:39:51.163841+00:00
appstore_835599320_14427310968,anthropic/claude-haiku-4.5,0,2.0,2,2026-08-16T02:39:51.352549+00:00
appstore_835599320_14427299765,anthropic/claude-haiku-4.5,0,5.0,5,2026-08-16T02:39:51.612783+00:00
appstore_835599320_14427135556,anthropic/claude-haiku-4.5,0,1.0,1,2026-08-16T02:39:51.636392+00:00
appstore_835599320_14427042880,anthropic/claude-haiku-4.5,0,2.0,2,2026-08-16T02:39:52.020100+00:00
appstore_835599320_14427039669,anthropic/claude-haiku-4.5,0,1.0,1,2026-08-16T02:39:52.080080+00:00
appstore_835599320_14426853328,anthropic/claude-haiku-4.5,0,1.0,1,2026-08-16T02:39:52.470022+00:00
appstore_835599320_14426920889,anthropic/claude-haiku-4.5,0,1.0,1,2026-08-16T02:39:52.579042+00:00
appstore_835599320_14426784062,anthropic/claude-haiku-4.5,0,5.0,5,2026-08-16T02:39:52.820760+00:00
appstore_835599320_14426691551,anthropic/claude-haiku-4.5,0,2.0,2,2026-08-16T02:39:53.362262+00:00
appstore_835599320_14426595494,anthropic/claude-haiku-4.5,0,1.0,1,2026-08-16T02:39:53.386479+00:00
appstore_835599320_14426749546,anthropic/claude-haiku-4.5,0,1.0,1,2026-08-16T02:39:53.404994+00:00
appstore_835599320_14426359554,anthropic/claude-haiku-4.5,0,1.0,1,2026-08-16T02:39:54.152534+00:00
appstore_835599320_14426516911,anthropic/claude-haiku-4.5,0,1.0,1,2026-08-16T02:39:54.244418+00:00
appstore_835599320_14426288395,anthropic/claude-haiku-4.5,0,2.0,2,2026-08-16T02:39:54.337817+00:00
appstore_835599320_14426524724,anthropic/claude-haiku-4.5,0,2.0,2,2026-08-16T02:39:54.628611+00:00
appstore_835599320_14426229267,anthropic/claude-haiku-4.5,0,1.0,1,2026-08-16T02:39:54.910892+00:00
appstore_835599320_14426268353,anthropic/claude-haiku-4.5,0,1.0,1,2026-08-16T02:39:54.971713+00:00
appstore_835599320_14426131465,anthropic/claude-haiku-4.5,0,1.0,1,2026-08-16T02:39:55.323915+00:00
appstore_835599320_14425864961,anthropic/claude-haiku-4.5,0,1.0,1,2026-08-16T02:39:55.734718+00:00
appstore_835599320_14426070358,anthropic/claude-haiku-4.5,0,1.0,1,2026-08-16T02:39:55.839255+00:00
appstore_835599320_14426201968,anthropic/claude-haiku-4.5,0,1.0,1,2026-08-16T02:39:56.065066+00:00
appstore_835599320_14425823475,anthropic/claude-haiku-4.5,0,1.0,1,2026-08-16T02:39:56.499548+00:00
appstore_835599320_14425753190,anthropic/claude-haiku-4.5,0,4.0,4,2026-08-16T02:39:56.989063+00:00
appstore_835599320_14425825228,anthropic/claude-haiku-4.5,0,2.0,2,2026-08-16T02:39:57.151911+00:00
appstore_835599320_14425711947,anthropic/claude-haiku-4.5,0,1.0,1,2026-08-16T02:39:57.311122+00:00
appstore_835599320_14425781642,anthropic/claude-haiku-4.5,0,1.0,1,2026-08-16T02:39:57.640515+00:00
appstore_835599320_14425626926,anthropic/claude-haiku-4.5,0,1.0,1,2026-08-16T02:39:57.736585+00:00
appstore_835599320_14425609339,anthropic/claude-haiku-4.5,0,1.0,1,2026-08-16T02:39:57.961272+00:00
appstore_835599320_14425588479,anthropic/claude-haiku-4.5,0,1.0,1,2026-08-16T02:39:58.056443+00:00
appstore_835599320_14425575325,anthropic/claude-haiku-4.5,0,1.0,1,2026-08-16T02:39:58.545430+00:00
appstore_835599320_14425510800,anthropic/claude-haiku-4.5,0,2.0,2,2026-08-16T02:39:58.559730+00:00
appstore_835599320_14425509750,anthropic/claude-haiku-4.5,0,5.0,5,2026-08-16T02:39:58.702603+00:00
appstore_835599320_14425465104,anthropic/claude-haiku-4.5,0,5.0,5,2026-08-16T02:39:59.017971+00:00
appstore_835599320_14425418666,anthropic/claude-haiku-4.5,0,4.0,4,2026-08-16T02:39:59.219578+00:00
appstore_835599320_14425461325,anthropic/claude-haiku-4.5,0,4.0,4,2026-08-16T02:39:59.395039+00:00
appstore_835599320_14425359945,anthropic/claude-haiku-4.5,0,1.0,1,2026-08-16T02:39:59.806995+00:00
appstore_835599320_14425355178,anthropic/claude-haiku-4.5,0,1.0,1,2026-08-16T02:39:59.998451+00:00
appstore_835599320_14425343863,anthropic/claude-haiku-4.5,0,1.0,1,2026-08-16T02:40:00.047158+00:00
appstore_835599320_14425397014,anthropic/claude-haiku-4.5,0,5.0,5,2026-08-16T02:40:00.575479+00:00
appstore_835599320_14425255827,anthropic/claude-haiku-4.5,0,2.0,2,2026-08-16T02:40:00.658199+00:00
appstore_835599320_14425236429,anthropic/claude-haiku-4.5,0,2.0,2,2026-08-16T02:40:00.839126+00:00
appstore_835599320_14425241436,anthropic/claude-haiku-4.5,0,1.0,1,2026-08-16T02:40:01.184736+00:00
appstore_835599320_14425233620,anthropic/claude-haiku-4.5,0,2.0,2,2026-08-16T02:40:01.549656+00:00
appstore_835599320_14425190973,anthropic/claude-haiku-4.5,0,3.0,3,2026-08-16T02:40:01.629889+00:00
appstore_835599320_14425215600,anthropic/claude-haiku-4.5,0,1.0,1,2026-08-16T02:40:01.851826+00:00
appstore_835599320_14425185918,anthropic/claude-haiku-4.5,0,3.0,3,2026-08-16T02:40:02.200176+00:00
appstore_835599320_14425143997,anthropic/claude-haiku-4.5,0,1.0,1,2026-08-16T02:40:02.378284+00:00
appstore_835599320_14425119595,anthropic/claude-haiku-4.5,0,5.0,5,2026-08-16T02:40:02.449977+00:00
appstore_835599320_14425110794,anthropic/claude-haiku-4.5,0,2.0,2,2026-08-16T02:40:02.658123+00:00
appstore_835599320_14425090768,anthropic/claude-haiku-4.5,0,1.0,1,2026-08-16T02:40:03.151690+00:00
appstore_835599320_14425088431,anthropic/claude-haiku-4.5,0,1.0,1,2026-08-16T02:40:03.161470+00:00
appstore_835599320_14425076450,anthropic/claude-haiku-4.5,0,2.0,2,2026-08-16T02:40:03.296316+00:00
appstore_835599320_14425075207,anthropic/claude-haiku-4.5,0,1.0,1,2026-08-16T02:40:03.424957+00:00
appstore_835599320_14425070967,anthropic/claude-haiku-4.5,0,4.0,4,2026-08-16T02:40:03.909334+00:00
appstore_835599320_14425074031,anthropic/claude-haiku-4.5,0,5.0,5,2026-08-16T02:40:04.037322+00:00
appstore_835599320_14425048133,anthropic/claude-haiku-4.5,0,3.0,3,2026-08-16T02:40:04.142653+00:00
appstore_835599320_14424896709,anthropic/claude-haiku-4.5,0,4.0,4,2026-08-16T02:40:04.286961+00:00
appstore_835599320_14424885040,anthropic/claude-haiku-4.5,0,1.0,1,2026-08-16T02:40:04.555624+00:00
appstore_835599320_14424873583,anthropic/claude-haiku-4.5,0,1.0,1,2026-08-16T02:40:04.914183+00:00
appstore_835599320_14424837099,anthropic/claude-haiku-4.5,0,3.0,3,2026-08-16T02:40:04.960667+00:00
appstore_835599320_14424783041,anthropic/claude-haiku-4.5,0,5.0,5,2026-08-16T02:40:05.130497+00:00
appstore_835599320_14424724139,anthropic/claude-haiku-4.5,0,4.0,4,2026-08-16T02:40:05.237550+00:00
appstore_835599320_14424714637,anthropic/claude-haiku-4.5,0,2.0,2,2026-08-16T02:40:05.702281+00:00
appstore_835599320_14424705101,anthropic/claude-haiku-4.5,0,1.0,1,2026-08-16T02:40:05.907229+00:00
appstore_835599320_14424713228,anthropic/claude-haiku-4.5,0,1.0,1,2026-08-16T02:40:05.953232+00:00
appstore_835599320_14424670827,anthropic/claude-haiku-4.5,0,2.0,2,2026-08-16T02:40:06.148880+00:00
appstore_835599320_14424668096,anthropic/claude-haiku-4.5,0,1.0,1,2026-08-16T02:40:06.488515+00:00
appstore_835599320_14424660911,anthropic/claude-haiku-4.5,0,1.0,1,2026-08-16T02:40:06.763250+00:00
appstore_835599320_14424628502,anthropic/claude-haiku-4.5,0,1.0,1,2026-08-16T02:40:06.862388+00:00
appstore_835599320_14424499985,anthropic/claude-haiku-4.5,0,5.0,5,2026-08-16T02:40:07.168367+00:00
appstore_835599320_14424477481,anthropic/claude-haiku-4.5,0,5.0,5,2026-08-16T02:40:07.304469+00:00
appstore_835599320_14424462025,anthropic/claude-haiku-4.5,0,3.0,3,2026-08-16T02:40:07.763435+00:00
appstore_835599320_14424423682,anthropic/claude-haiku-4.5,0,1.0,1,2026-08-16T02:40:07.932058+00:00
appstore_835599320_14424426839,anthropic/claude-haiku-4.5,0,1.0,1,2026-08-16T02:40:08.021280+00:00
appstore_835599320_14424417041,anthropic/claude-haiku-4.5,0,5.0,5,2026-08-16T02:40:08.120394+00:00
appstore_835599320_14424301407,anthropic/claude-haiku-4.5,0,1.0,1,2026-08-16T02:40:08.841863+00:00
appstore_835599320_14424336545,anthropic/claude-haiku-4.5,0,1.0,1,2026-08-16T02:40:08.854297+00:00
appstore_835599320_14424265133,anthropic/claude-haiku-4.5,0,1.0,1,2026-08-16T02:40:08.877405+00:00
appstore_835599320_14424255248,anthropic/claude-haiku-4.5,0,2.0,2,2026-08-16T02:40:08.941594+00:00
appstore_835599320_14424137144,anthropic/claude-haiku-4.5,0,4.0,4,2026-08-16T02:40:09.508404+00:00
appstore_835599320_14424246562,anthropic/claude-haiku-4.5,0,1.0,1,2026-08-16T02:40:09.627785+00:00
appstore_835599320_14424115363,anthropic/claude-haiku-4.5,0,1.0,1,2026-08-16T02:40:09.695889+00:00
appstore_835599320_14424110210,anthropic/claude-haiku-4.5,0,5.0,5,2026-08-16T02:40:09.744896+00:00
appstore_835599320_14424066342,anthropic/claude-haiku-4.5,0,1.0,1,2026-08-16T02:40:10.307204+00:00
appstore_835599320_14424073346,anthropic/claude-haiku-4.5,0,2.0,2,2026-08-16T02:40:10.312341+00:00
appstore_835599320_14424041218,anthropic/claude-haiku-4.5,0,1.0,1,2026-08-16T02:40:10.514054+00:00
appstore_835599320_14423927558,anthropic/claude-haiku-4.5,0,1.0,1,2026-08-16T02:40:11.354021+00:00
appstore_835599320_14423956060,anthropic/claude-haiku-4.5,0,2.0,2,2026-08-16T02:40:11.432461+00:00
appstore_835599320_14424055385,anthropic/claude-haiku-4.5,0,4.0,4,2026-08-16T02:40:11.544563+00:00
appstore_835599320_14423978517,anthropic/claude-haiku-4.5,0,4.0,4,2026-08-16T02:40:12.060101+00:00
appstore_835599320_14423899578,anthropic/claude-haiku-4.5,0,5.0,5,2026-08-16T02:40:12.235842+00:00
appstore_835599320_14423869603,anthropic/claude-haiku-4.5,0,1.0,1,2026-08-16T02:40:12.241752+00:00
appstore_835599320_14423865744,anthropic/claude-haiku-4.5,0,1.0,1,2026-08-16T02:40:12.364038+00:00
appstore_835599320_14423861158,anthropic/claude-haiku-4.5,0,2.0,2,2026-08-16T02:40:12.887317+00:00
appstore_835599320_14423815178,anthropic/claude-haiku-4.5,0,2.0,2,2026-08-16T02:40:13.034103+00:00
appstore_835599320_14423726911,anthropic/claude-haiku-4.5,0,1.0,1,2026-08-16T02:40:13.187349+00:00
appstore_835599320_14423734403,anthropic/claude-haiku-4.5,0,5.0,5,2026-08-16T02:40:13.247919+00:00
appstore_835599320_14423684339,anthropic/claude-haiku-4.5,0,1.0,1,2026-08-16T02:40:13.669376+00:00
appstore_835599320_14423668591,anthropic/claude-haiku-4.5,0,5.0,5,2026-08-16T02:40:14.015778+00:00
appstore_835599320_14423676209,anthropic/claude-haiku-4.5,0,1.0,1,2026-08-16T02:40:14.082399+00:00
appstore_835599320_14423580837,anthropic/claude-haiku-4.5,0,4.0,4,2026-08-16T02:40:14.133808+00:00
appstore_835599320_14423559474,anthropic/claude-haiku-4.5,0,5.0,5,2026-08-16T02:40:14.652887+00:00
appstore_835599320_14423504404,anthropic/claude-haiku-4.5,0,5.0,5,2026-08-16T02:40:14.860800+00:00
appstore_835599320_14423337079,anthropic/claude-haiku-4.5,0,5.0,5,2026-08-16T02:40:14.942003+00:00
appstore_835599320_14423331010,anthropic/claude-haiku-4.5,0,4.0,4,2026-08-16T02:40:14.963119+00:00
appstore_835599320_14423249687,anthropic/claude-haiku-4.5,0,1.0,1,2026-08-16T02:40:15.661555+00:00
appstore_835599320_14423189646,anthropic/claude-haiku-4.5,0,1.0,1,2026-08-16T02:40:15.765234+00:00
appstore_835599320_14422962173,anthropic/claude-haiku-4.5,0,2.0,2,2026-08-16T02:40:15.779698+00:00
appstore_835599320_14423074485,anthropic/claude-haiku-4.5,0,2.0,2,2026-08-16T02:40:15.824634+00:00
appstore_835599320_14422927247,anthropic/claude-haiku-4.5,0,4.0,4,2026-08-16T02:40:16.483399+00:00
appstore_835599320_14422921009,anthropic/claude-haiku-4.5,0,1.0,1,2026-08-16T02:40:16.524620+00:00
appstore_835599320_14422803127,anthropic/claude-haiku-4.5,0,1.0,1,2026-08-16T02:40:16.546400+00:00
appstore_835599320_14422713991,anthropic/claude-haiku-4.5,0,1.0,1,2026-08-16T02:40:16.606039+00:00
appstore_835599320_14422526387,anthropic/claude-haiku-4.5,0,1.0,1,2026-08-16T02:40:17.293352+00:00
appstore_835599320_14422612416,anthropic/claude-haiku-4.5,0,4.0,4,2026-08-16T02:40:17.314422+00:00
appstore_835599320_14422492914,anthropic/claude-haiku-4.5,0,1.0,1,2026-08-16T02:40:17.432356+00:00
appstore_835599320_14422506310,anthropic/claude-haiku-4.5,0,1.0,1,2026-08-16T02:40:17.473379+00:00
appstore_835599320_14422365944,anthropic/claude-haiku-4.5,0,5.0,5,2026-08-16T02:40:18.097081+00:00
appstore_835599320_14422302036,anthropic/claude-haiku-4.5,0,2.0,2,2026-08-16T02:40:18.100122+00:00
appstore_835599320_14422279375,anthropic/claude-haiku-4.5,0,1.0,1,2026-08-16T02:40:18.236019+00:00
appstore_835599320_14422219017,anthropic/claude-haiku-4.5,0,4.0,4,2026-08-16T02:40:18.308275+00:00
appstore_835599320_14422149520,anthropic/claude-haiku-4.5,0,1.0,1,2026-08-16T02:40:18.905231+00:00
appstore_835599320_14422081415,anthropic/claude-haiku-4.5,0,2.0,2,2026-08-16T02:40:19.149351+00:00
appstore_835599320_14421841695,anthropic/claude-haiku-4.5,0,2.0,2,2026-08-16T02:40:19.262233+00:00
appstore_835599320_14421652191,anthropic/claude-haiku-4.5,0,2.0,2,2026-08-16T02:40:19.955557+00:00
appstore_835599320_14421790290,anthropic/claude-haiku-4.5,0,3.0,3,2026-08-16T02:40:20.009902+00:00
appstore_835599320_14421601859,anthropic/claude-haiku-4.5,0,2.0,2,2026-08-16T02:40:20.126466+00:00
appstore_835599320_14421835901,anthropic/claude-haiku-4.5,0,4.0,4,2026-08-16T02:40:20.762999+00:00
appstore_835599320_14421554714,anthropic/claude-haiku-4.5,0,1.0,1,2026-08-16T02:40:20.821314+00:00
appstore_835599320_14421601206,anthropic/claude-haiku-4.5,0,1.0,1,2026-08-16T02:40:20.867490+00:00
appstore_835599320_14421482014,anthropic/claude-haiku-4.5,0,1.0,1,2026-08-16T02:40:20.885659+00:00
appstore_835599320_14421383900,anthropic/claude-haiku-4.5,0,2.0,2,2026-08-16T02:40:21.617338+00:00
appstore_835599320_14421399995,anthropic/claude-haiku-4.5,0,1.0,1,2026-08-16T02:40:21.628219+00:00
appstore_835599320_14421382125,anthropic/claude-haiku-4.5,0,2.0,2,2026-08-16T02:40:21.677278+00:00
appstore_835599320_14421311082,anthropic/claude-haiku-4.5,0,5.0,5,2026-08-16T02:40:21.774364+00:00
appstore_835599320_14421263552,anthropic/claude-haiku-4.5,0,2.0,2,2026-08-16T02:40:22.469059+00:00
appstore_835599320_14421289461,anthropic/claude-haiku-4.5,0,1.0,1,2026-08-16T02:40:22.472429+00:00
appstore_835599320_14421225884,anthropic/claude-haiku-4.5,0,3.0,3,2026-08-16T02:40:22.564750+00:00
appstore_835599320_14421270657,anthropic/claude-haiku-4.5,0,1.0,1,2026-08-16T02:40:22.605780+00:00
appstore_835599320_14421217190,anthropic/claude-haiku-4.5,0,5.0,5,2026-08-16T02:40:23.165197+00:00
appstore_835599320_14421202898,anthropic/claude-haiku-4.5,0,1.0,1,2026-08-16T02:40:23.220905+00:00
appstore_835599320_14421112045,anthropic/claude-haiku-4.5,0,5.0,5,2026-08-16T02:40:23.344078+00:00
appstore_835599320_14421124846,anthropic/claude-haiku-4.5,0,1.0,1,2026-08-16T02:40:23.368309+00:00
appstore_835599320_14421105426,anthropic/claude-haiku-4.5,0,1.0,1,2026-08-16T02:40:24.050274+00:00
appstore_835599320_14421040710,anthropic/claude-haiku-4.5,0,2.0,2,2026-08-16T02:40:24.181443+00:00
appstore_835599320_14421017445,anthropic/claude-haiku-4.5,0,1.0,1,2026-08-16T02:40:24.208455+00:00
appstore_835599320_14421047904,anthropic/claude-haiku-4.5,0,2.0,2,2026-08-16T02:40:24.547166+00:00
appstore_835599320_14421010180,anthropic/claude-haiku-4.5,0,1.0,1,2026-08-16T02:40:24.938029+00:00
appstore_835599320_14420958576,anthropic/claude-haiku-4.5,0,3.0,3,2026-08-16T02:40:24.986169+00:00
appstore_835599320_14420932538,anthropic/claude-haiku-4.5,0,1.0,1,2026-08-16T02:40:25.046189+00:00
appstore_835599320_14420914725,anthropic/claude-haiku-4.5,0,1.0,1,2026-08-16T02:40:25.484778+00:00
appstore_835599320_14420884194,anthropic/claude-haiku-4.5,0,2.0,2,2026-08-16T02:40:25.781941+00:00
appstore_835599320_14420882224,anthropic/claude-haiku-4.5,0,1.0,1,2026-08-16T02:40:25.853505+00:00
appstore_835599320_14420896448,anthropic/claude-haiku-4.5,0,2.0,2,2026-08-16T02:40:25.879475+00:00
appstore_835599320_14420880461,anthropic/claude-haiku-4.5,0,1.0,1,2026-08-16T02:40:26.302611+00:00
appstore_835599320_14420841153,anthropic/claude-haiku-4.5,0,2.0,2,2026-08-16T02:40:26.593319+00:00
appstore_835599320_14420800108,anthropic/claude-haiku-4.5,0,1.0,1,2026-08-16T02:40:26.700984+00:00
appstore_835599320_14420750046,anthropic/claude-haiku-4.5,0,1.0,1,2026-08-16T02:40:26.884906+00:00
appstore_835599320_14420697889,anthropic/claude-haiku-4.5,0,1.0,1,2026-08-16T02:40:27.164465+00:00
appstore_835599320_14420620609,anthropic/claude-haiku-4.5,0,1.0,1,2026-08-16T02:40:27.892735+00:00
appstore_835599320_14420610187,anthropic/claude-haiku-4.5,0,1.0,1,2026-08-16T02:40:27.970276+00:00
appstore_835599320_14420649357,anthropic/claude-haiku-4.5,0,1.0,1,2026-08-16T02:40:27.988378+00:00
appstore_835599320_14420691497,anthropic/claude-haiku-4.5,0,4.0,4,2026-08-16T02:40:28.408511+00:00
appstore_835599320_14420566934,anthropic/claude-haiku-4.5,0,1.0,1,2026-08-16T02:40:28.702549+00:00
appstore_835599320_14420533330,anthropic/claude-haiku-4.5,0,4.0,4,2026-08-16T02:40:28.795880+00:00
appstore_835599320_14420541644,anthropic/claude-haiku-4.5,0,1.0,1,2026-08-16T02:40:28.805322+00:00
appstore_835599320_14420482131,anthropic/claude-haiku-4.5,0,1.0,1,2026-08-16T02:40:29.274508+00:00
appstore_835599320_14420475555,anthropic/claude-haiku-4.5,0,5.0,5,2026-08-16T02:40:29.476587+00:00
appstore_835599320_14420458498,anthropic/claude-haiku-4.5,0,3.0,3,2026-08-16T02:40:29.497676+00:00
appstore_835599320_14420457785,anthropic/claude-haiku-4.5,0,3.0,3,2026-08-16T02:40:29.601768+00:00
appstore_835599320_14420455029,anthropic/claude-haiku-4.5,0,1.0,1,2026-08-16T02:40:30.118114+00:00
appstore_835599320_14420439313,anthropic/claude-haiku-4.5,0,5.0,5,2026-08-16T02:40:30.273346+00:00
appstore_835599320_14420381152,anthropic/claude-haiku-4.5,0,1.0,1,2026-08-16T02:40:30.500097+00:00
appstore_835599320_14420363729,anthropic/claude-haiku-4.5,0,3.0,3,2026-08-16T02:40:30.895758+00:00
appstore_835599320_14420333816,anthropic/claude-haiku-4.5,0,1.0,1,2026-08-16T02:40:31.265294+00:00
appstore_835599320_14420271820,anthropic/claude-haiku-4.5,0,4.0,4,2026-08-16T02:40:31.330383+00:00
appstore_835599320_14420384156,anthropic/claude-haiku-4.5,0,1.0,1,2026-08-16T02:40:31.365800+00:00
appstore_835599320_14420202745,anthropic/claude-haiku-4.5,0,1.0,1,2026-08-16T02:40:31.825874+00:00
appstore_835599320_14420159427,anthropic/claude-haiku-4.5,0,5.0,5,2026-08-16T02:40:32.090454+00:00
appstore_835599320_14420140692,anthropic/claude-haiku-4.5,0,1.0,1,2026-08-16T02:40:32.188109+00:00
appstore_835599320_14420114856,anthropic/claude-haiku-4.5,0,1.0,1,2026-08-16T02:40:32.222730+00:00
appstore_835599320_14420109552,anthropic/claude-haiku-4.5,0,1.0,1,2026-08-16T02:40:32.665559+00:00
appstore_835599320_14420072866,anthropic/claude-haiku-4.5,0,2.0,2,2026-08-16T02:40:32.753002+00:00
appstore_835599320_14420049416,anthropic/claude-haiku-4.5,0,1.0,1,2026-08-16T02:40:32.989992+00:00
appstore_835599320_14420021596,anthropic/claude-haiku-4.5,0,2.0,2,2026-08-16T02:40:33.005753+00:00
appstore_835599320_14419969293,anthropic/claude-haiku-4.5,0,1.0,1,2026-08-16T02:40:33.587506+00:00
appstore_835599320_14419932398,anthropic/claude-haiku-4.5,0,1.0,1,2026-08-16T02:40:33.906979+00:00
appstore_835599320_14419991510,anthropic/claude-haiku-4.5,0,2.0,2,2026-08-16T02:40:33.914755+00:00
appstore_835599320_14419944782,anthropic/claude-haiku-4.5,0,5.0,5,2026-08-16T02:40:33.929031+00:00
appstore_835599320_14419924321,anthropic/claude-haiku-4.5,0,1.0,1,2026-08-16T02:40:34.408559+00:00
appstore_835599320_14419869794,anthropic/claude-haiku-4.5,0,1.0,1,2026-08-16T02:40:34.671032+00:00
appstore_835599320_14419871522,anthropic/claude-haiku-4.5,0,2.0,2,2026-08-16T02:40:34.755591+00:00
appstore_835599320_14419856386,anthropic/claude-haiku-4.5,0,4.0,4,2026-08-16T02:40:35.178975+00:00
appstore_835599320_14419900675,anthropic/claude-haiku-4.5,0,1.0,1,2026-08-16T02:40:35.447664+00:00
appstore_835599320_14419800887,anthropic/claude-haiku-4.5,0,1.0,1,2026-08-16T02:40:35.462359+00:00
appstore_835599320_14419772472,anthropic/claude-haiku-4.5,0,1.0,1,2026-08-16T02:40:35.585496+00:00
appstore_835599320_14419751232,anthropic/claude-haiku-4.5,0,3.0,3,2026-08-16T02:40:35.979767+00:00
appstore_835599320_14419737568,anthropic/claude-haiku-4.5,0,4.0,4,2026-08-16T02:40:36.240520+00:00
appstore_835599320_14419743970,anthropic/claude-haiku-4.5,0,1.0,1,2026-08-16T02:40:36.279398+00:00
appstore_835599320_14419747573,anthropic/claude-haiku-4.5,0,1.0,1,2026-08-16T02:40:36.283485+00:00
appstore_835599320_14419732196,anthropic/claude-haiku-4.5,0,1.0,1,2026-08-16T02:40:36.787308+00:00
appstore_835599320_14419721669,anthropic/claude-haiku-4.5,0,2.0,2,2026-08-16T02:40:37.077747+00:00
appstore_835599320_14419687564,anthropic/claude-haiku-4.5,0,1.0,1,2026-08-16T02:40:37.083267+00:00
appstore_835599320_14419685031,anthropic/claude-haiku-4.5,0,1.0,1,2026-08-16T02:40:37.091301+00:00
appstore_835599320_14419667565,anthropic/claude-haiku-4.5,0,1.0,1,2026-08-16T02:40:37.653978+00:00
appstore_835599320_14419664869,anthropic/claude-haiku-4.5,0,5.0,5,2026-08-16T02:40:37.859362+00:00
appstore_835599320_14419650084,anthropic/claude-haiku-4.5,0,2.0,2,2026-08-16T02:40:37.981040+00:00
appstore_835599320_14419648864,anthropic/claude-haiku-4.5,0,3.0,3,2026-08-16T02:40:38.197415+00:00
appstore_835599320_14419633686,anthropic/claude-haiku-4.5,0,1.0,1,2026-08-16T02:40:38.429611+00:00
appstore_835599320_14419573591,anthropic/claude-haiku-4.5,0,5.0,5,2026-08-16T02:40:38.700495+00:00
appstore_835599320_14419551408,anthropic/claude-haiku-4.5,0,1.0,1,2026-08-16T02:40:38.895905+00:00
appstore_835599320_14419528612,anthropic/claude-haiku-4.5,0,1.0,1,2026-08-16T02:40:39.163027+00:00
appstore_835599320_14419499758,anthropic/claude-haiku-4.5,0,1.0,1,2026-08-16T02:40:39.487337+00:00
appstore_835599320_14419574151,anthropic/claude-haiku-4.5,0,2.0,2,2026-08-16T02:40:39.606746+00:00
appstore_835599320_14419467237,anthropic/claude-haiku-4.5,0,1.0,1,2026-08-16T02:40:39.715055+00:00
appstore_835599320_14419458506,anthropic/claude-haiku-4.5,0,2.0,2,2026-08-16T02:40:39.946132+00:00
appstore_835599320_14419439371,anthropic/claude-haiku-4.5,0,3.0,3,2026-08-16T02:40:40.222329+00:00
appstore_835599320_14419341379,anthropic/claude-haiku-4.5,0,2.0,2,2026-08-16T02:40:40.356991+00:00
appstore_835599320_14419437559,anthropic/claude-haiku-4.5,0,4.0,4,2026-08-16T02:40:40.489974+00:00
appstore_835599320_14419297186,anthropic/claude-haiku-4.5,0,2.0,2,2026-08-16T02:40:40.761918+00:00
appstore_835599320_14419271983,anthropic/claude-haiku-4.5,0,3.0,3,2026-08-16T02:40:41.111857+00:00
appstore_835599320_14419245908,anthropic/claude-haiku-4.5,0,2.0,2,2026-08-16T02:40:41.180139+00:00
appstore_835599320_14419118612,anthropic/claude-haiku-4.5,0,1.0,1,2026-08-16T02:40:41.378477+00:00
appstore_835599320_14419025859,anthropic/claude-haiku-4.5,0,4.0,4,2026-08-16T02:40:41.477946+00:00
appstore_835599320_14418998683,anthropic/claude-haiku-4.5,0,3.0,3,2026-08-16T02:40:41.997588+00:00
appstore_835599320_14419025628,anthropic/claude-haiku-4.5,0,1.0,1,2026-08-16T02:40:42.013192+00:00
appstore_835599320_14418896955,anthropic/claude-haiku-4.5,0,2.0,2,2026-08-16T02:40:42.249369+00:00
appstore_835599320_14418862781,anthropic/claude-haiku-4.5,0,1.0,1,2026-08-16T02:40:42.252932+00:00
appstore_835599320_14418738452,anthropic/claude-haiku-4.5,0,1.0,1,2026-08-16T02:40:42.772694+00:00
appstore_835599320_14418730632,anthropic/claude-haiku-4.5,0,1.0,1,2026-08-16T02:40:42.997239+00:00
appstore_835599320_14418544529,anthropic/claude-haiku-4.5,0,3.0,3,2026-08-16T02:40:43.056430+00:00
appstore_835599320_14418557201,anthropic/claude-haiku-4.5,0,1.0,1,2026-08-16T02:40:43.155975+00:00
appstore_835599320_14418519528,anthropic/claude-haiku-4.5,0,1.0,1,2026-08-16T02:40:43.625041+00:00
appstore_835599320_14418482050,anthropic/claude-haiku-4.5,0,1.0,1,2026-08-16T02:40:43.835950+00:00
appstore_835599320_14418491190,anthropic/claude-haiku-4.5,0,2.0,2,2026-08-16T02:40:43.838542+00:00
appstore_835599320_14418162100,anthropic/claude-haiku-4.5,0,1.0,1,2026-08-16T02:40:44.425167+00:00
appstore_835599320_14417762147,anthropic/claude-haiku-4.5,0,1.0,1,2026-08-16T02:40:44.473930+00:00
appstore_835599320_14417859649,anthropic/claude-haiku-4.5,0,5.0,5,2026-08-16T02:40:44.708484+00:00
appstore_835599320_14418392882,anthropic/claude-haiku-4.5,0,2.0,2,2026-08-16T02:40:44.873447+00:00
appstore_835599320_14417711071,anthropic/claude-haiku-4.5,0,2.0,2,2026-08-16T02:40:45.509270+00:00
appstore_835599320_14417691449,anthropic/claude-haiku-4.5,0,4.0,4,2026-08-16T02:40:45.573554+00:00
appstore_835599320_14417740628,anthropic/claude-haiku-4.5,0,1.0,1,2026-08-16T02:40:46.070302+00:00
appstore_835599320_14417723558,anthropic/claude-haiku-4.5,0,2.0,2,2026-08-16T02:40:46.350655+00:00
appstore_835599320_14417684171,anthropic/claude-haiku-4.5,0,2.0,2,2026-08-16T02:40:46.355547+00:00
appstore_835599320_14417660986,anthropic/claude-haiku-4.5,0,4.0,4,2026-08-16T02:40:46.687122+00:00
appstore_835599320_14417550565,anthropic/claude-haiku-4.5,0,1.0,1,2026-08-16T02:40:46.715655+00:00
appstore_835599320_14417510769,anthropic/claude-haiku-4.5,0,4.0,4,2026-08-16T02:40:47.108525+00:00
appstore_835599320_14417503820,anthropic/claude-haiku-4.5,0,1.0,1,2026-08-16T02:40:47.122146+00:00
appstore_835599320_14417440948,anthropic/claude-haiku-4.5,0,1.0,1,2026-08-16T02:40:47.491300+00:00
appstore_835599320_14417480058,anthropic/claude-haiku-4.5,0,1.0,1,2026-08-16T02:40:47.622466+00:00
appstore_835599320_14417433483,anthropic/claude-haiku-4.5,0,5.0,5,2026-08-16T02:40:47.869279+00:00
appstore_585027354_14428833015,anthropic/claude-haiku-4.5,0,2.0,2,2026-08-16T02:40:47.916236+00:00
appstore_585027354_14428689579,anthropic/claude-haiku-4.5,0,5.0,5,2026-08-16T02:40:48.375269+00:00
appstore_585027354_14428596464,anthropic/claude-haiku-4.5,0,2.0,2,2026-08-16T02:40:48.721374+00:00
appstore_585027354_14428453575,anthropic/claude-haiku-4.5,0,1.0,1,2026-08-16T02:40:48.730102+00:00
appstore_585027354_14428641457,anthropic/claude-haiku-4.5,0,2.0,2,2026-08-16T02:40:49.026411+00:00
appstore_585027354_14428408914,anthropic/claude-haiku-4.5,0,1.0,1,2026-08-16T02:40:49.156427+00:00
appstore_585027354_14428366660,anthropic/claude-haiku-4.5,0,4.0,4,2026-08-16T02:40:49.477159+00:00
appstore_585027354_14428361942,anthropic/claude-haiku-4.5,0,5.0,5,2026-08-16T02:40:49.536039+00:00
appstore_585027354_14428296472,anthropic/claude-haiku-4.5,0,1.0,1,2026-08-16T02:40:49.697818+00:00
appstore_585027354_14428273347,anthropic/claude-haiku-4.5,0,1.0,1,2026-08-16T02:40:49.946195+00:00
appstore_585027354_14428022000,anthropic/claude-haiku-4.5,0,1.0,1,2026-08-16T02:40:50.329986+00:00
appstore_585027354_14427866888,anthropic/claude-haiku-4.5,0,2.0,2,2026-08-16T02:40:50.339423+00:00
appstore_585027354_14428191470,anthropic/claude-haiku-4.5,0,3.0,3,2026-08-16T02:40:50.565806+00:00
appstore_585027354_14427691172,anthropic/claude-haiku-4.5,0,1.0,1,2026-08-16T02:40:50.757930+00:00
appstore_585027354_14426891681,anthropic/claude-haiku-4.5,0,4.0,4,2026-08-16T02:40:51.096891+00:00
appstore_585027354_14427327680,anthropic/claude-haiku-4.5,0,2.0,2,2026-08-16T02:40:51.127863+00:00
appstore_585027354_14426259590,anthropic/claude-haiku-4.5,0,2.0,2,2026-08-16T02:40:51.360610+00:00
appstore_585027354_14426067084,anthropic/claude-haiku-4.5,0,1.0,1,2026-08-16T02:40:51.547530+00:00
appstore_585027354_14425206743,anthropic/claude-haiku-4.5,0,2.0,2,2026-08-16T02:40:52.034711+00:00
appstore_585027354_14425062580,anthropic/claude-haiku-4.5,0,4.0,4,2026-08-16T02:40:52.130104+00:00
appstore_585027354_14424910929,anthropic/claude-haiku-4.5,0,1.0,1,2026-08-16T02:40:52.325726+00:00
appstore_585027354_14424948927,anthropic/claude-haiku-4.5,0,2.0,2,2026-08-16T02:40:52.412894+00:00
appstore_585027354_14424807185,anthropic/claude-haiku-4.5,0,1.0,1,2026-08-16T02:40:52.875455+00:00
appstore_585027354_14424332252,anthropic/claude-haiku-4.5,0,2.0,2,2026-08-16T02:40:53.216222+00:00
appstore_585027354_14424234899,anthropic/claude-haiku-4.5,0,2.0,2,2026-08-16T02:40:53.282739+00:00
appstore_585027354_14424211835,anthropic/claude-haiku-4.5,0,2.0,2,2026-08-16T02:40:53.648413+00:00
appstore_585027354_14424340877,anthropic/claude-haiku-4.5,0,5.0,5,2026-08-16T02:40:53.873286+00:00
appstore_585027354_14424143402,anthropic/claude-haiku-4.5,0,2.0,2,2026-08-16T02:40:54.081532+00:00
appstore_585027354_14424138502,anthropic/claude-haiku-4.5,0,1.0,1,2026-08-16T02:40:54.127650+00:00
appstore_585027354_14424105030,anthropic/claude-haiku-4.5,0,1.0,1,2026-08-16T02:40:54.462415+00:00
appstore_585027354_14423940380,anthropic/claude-haiku-4.5,0,1.0,1,2026-08-16T02:40:54.699737+00:00
appstore_585027354_14423760643,anthropic/claude-haiku-4.5,0,5.0,5,2026-08-16T02:40:54.922465+00:00
appstore_585027354_14423631384,anthropic/claude-haiku-4.5,0,5.0,5,2026-08-16T02:40:54.949713+00:00
appstore_585027354_14423360316,anthropic/claude-haiku-4.5,0,4.0,4,2026-08-16T02:40:55.285737+00:00
appstore_585027354_14423250040,anthropic/claude-haiku-4.5,0,5.0,5,2026-08-16T02:40:55.605218+00:00
appstore_585027354_14423134891,anthropic/claude-haiku-4.5,0,1.0,1,2026-08-16T02:40:55.730733+00:00
appstore_585027354_14423143964,anthropic/claude-haiku-4.5,0,5.0,5,2026-08-16T02:40:55.798275+00:00
appstore_585027354_14422714592,anthropic/claude-haiku-4.5,0,5.0,5,2026-08-16T02:40:55.997016+00:00
appstore_585027354_14422698193,anthropic/claude-haiku-4.5,0,5.0,5,2026-08-16T02:40:56.393225+00:00
appstore_585027354_14421198547,anthropic/claude-haiku-4.5,0,5.0,5,2026-08-16T02:40:56.581124+00:00
appstore_585027354_14421163326,anthropic/claude-haiku-4.5,0,5.0,5,2026-08-16T02:40:57.054949+00:00
appstore_585027354_14421142569,anthropic/claude-haiku-4.5,0,2.0,2,2026-08-16T02:40:57.255677+00:00
appstore_585027354_14421131098,anthropic/claude-haiku-4.5,0,2.0,2,2026-08-16T02:40:57.603030+00:00
appstore_585027354_14421472470,anthropic/claude-haiku-4.5,0,1.0,1,2026-08-16T02:40:57.621644+00:00
appstore_585027354_14421090841,anthropic/claude-haiku-4.5,0,1.0,1,2026-08-16T02:40:57.864474+00:00
appstore_585027354_14420812260,anthropic/claude-haiku-4.5,0,5.0,5,2026-08-16T02:40:58.219134+00:00
appstore_585027354_14420692095,anthropic/claude-haiku-4.5,0,5.0,5,2026-08-16T02:40:58.367077+00:00
appstore_585027354_14420184963,anthropic/claude-haiku-4.5,0,1.0,1,2026-08-16T02:40:58.454474+00:00
appstore_585027354_14419895850,anthropic/claude-haiku-4.5,0,5.0,5,2026-08-16T02:40:58.838738+00:00
appstore_585027354_14419722589,anthropic/claude-haiku-4.5,0,5.0,5,2026-08-16T02:40:59.116579+00:00
appstore_585027354_14419558958,anthropic/claude-haiku-4.5,0,5.0,5,2026-08-16T02:40:59.252142+00:00
appstore_585027354_14419828497,anthropic/claude-haiku-4.5,0,5.0,5,2026-08-16T02:40:59.262994+00:00
appstore_585027354_14419370318,anthropic/claude-haiku-4.5,0,5.0,5,2026-08-16T02:40:59.713492+00:00
appstore_585027354_14419335739,anthropic/claude-haiku-4.5,0,5.0,5,2026-08-16T02:40:59.879420+00:00
appstore_585027354_14419232344,anthropic/claude-haiku-4.5,0,2.0,2,2026-08-16T02:41:00.067751+00:00
appstore_585027354_14419239181,anthropic/claude-haiku-4.5,0,2.0,2,2026-08-16T02:41:00.095415+00:00
appstore_585027354_14419161386,anthropic/claude-haiku-4.5,0,1.0,1,2026-08-16T02:41:00.611906+00:00
appstore_585027354_14419149197,anthropic/claude-haiku-4.5,0,5.0,5,2026-08-16T02:41:00.661191+00:00
appstore_585027354_14419128261,anthropic/claude-haiku-4.5,0,4.0,4,2026-08-16T02:41:00.813533+00:00
appstore_585027354_14418886368,anthropic/claude-haiku-4.5,0,1.0,1,2026-08-16T02:41:00.910671+00:00
appstore_585027354_14418678018,anthropic/claude-haiku-4.5,0,1.0,1,2026-08-16T02:41:01.488839+00:00
appstore_585027354_14418829956,anthropic/claude-haiku-4.5,0,2.0,2,2026-08-16T02:41:01.504814+00:00
appstore_585027354_14418376836,anthropic/claude-haiku-4.5,0,2.0,2,2026-08-16T02:41:01.773305+00:00
appstore_585027354_14418556875,anthropic/claude-haiku-4.5,0,1.0,1,2026-08-16T02:41:01.879672+00:00
appstore_585027354_14417211242,anthropic/claude-haiku-4.5,0,2.0,2,2026-08-16T02:41:02.287298+00:00
appstore_585027354_14418230266,anthropic/claude-haiku-4.5,0,5.0,5,2026-08-16T02:41:02.299883+00:00
appstore_585027354_14416385800,anthropic/claude-haiku-4.5,0,1.0,1,2026-08-16T02:41:02.714530+00:00
appstore_585027354_14416214488,anthropic/claude-haiku-4.5,0,4.0,4,2026-08-16T02:41:03.025379+00:00
appstore_585027354_14416223053,anthropic/claude-haiku-4.5,0,4.0,4,2026-08-16T02:41:03.345905+00:00
appstore_585027354_14416888008,anthropic/claude-haiku-4.5,0,3.0,3,2026-08-16T02:41:03.743613+00:00
appstore_585027354_14416120338,anthropic/claude-haiku-4.5,0,1.0,1,2026-08-16T02:41:03.848307+00:00
appstore_585027354_14416160147,anthropic/claude-haiku-4.5,0,5.0,5,2026-08-16T02:41:03.898115+00:00
appstore_585027354_14416083123,anthropic/claude-haiku-4.5,0,5.0,5,2026-08-16T02:41:04.165111+00:00
appstore_585027354_14415690581,anthropic/claude-haiku-4.5,0,5.0,5,2026-08-16T02:41:04.654023+00:00
appstore_585027354_14415345765,anthropic/claude-haiku-4.5,0,5.0,5,2026-08-16T02:41:04.686931+00:00
appstore_585027354_14415519492,anthropic/claude-haiku-4.5,0,5.0,5,2026-08-16T02:41:04.698770+00:00
appstore_585027354_14415245116,anthropic/claude-haiku-4.5,0,5.0,5,2026-08-16T02:41:05.016783+00:00
appstore_585027354_14414874036,anthropic/claude-haiku-4.5,0,1.0,1,2026-08-16T02:41:05.462400+00:00
appstore_585027354_14414661974,anthropic/claude-haiku-4.5,0,1.0,1,2026-08-16T02:41:05.538683+00:00
appstore_585027354_14414687854,anthropic/claude-haiku-4.5,0,1.0,1,2026-08-16T02:41:05.633721+00:00
appstore_585027354_14414479510,anthropic/claude-haiku-4.5,0,5.0,5,2026-08-16T02:41:05.871980+00:00
appstore_585027354_14413800912,anthropic/claude-haiku-4.5,0,1.0,1,2026-08-16T02:41:06.404719+00:00
appstore_585027354_14414296513,anthropic/claude-haiku-4.5,0,2.0,2,2026-08-16T02:41:06.420951+00:00
appstore_585027354_14413577188,anthropic/claude-haiku-4.5,0,1.0,1,2026-08-16T02:41:06.658133+00:00
appstore_585027354_14413012178,anthropic/claude-haiku-4.5,0,5.0,5,2026-08-16T02:41:07.237870+00:00
appstore_585027354_14414169755,anthropic/claude-haiku-4.5,0,1.0,1,2026-08-16T02:41:07.355623+00:00
appstore_585027354_14413451551,anthropic/claude-haiku-4.5,0,1.0,1,2026-08-16T02:41:07.413304+00:00
appstore_585027354_14412407625,anthropic/claude-haiku-4.5,0,5.0,5,2026-08-16T02:41:07.538310+00:00
appstore_585027354_14411925996,anthropic/claude-haiku-4.5,0,1.0,1,2026-08-16T02:41:08.099024+00:00
appstore_585027354_14411904662,anthropic/claude-haiku-4.5,0,1.0,1,2026-08-16T02:41:08.196873+00:00
appstore_585027354_14411903886,anthropic/claude-haiku-4.5,0,3.0,3,2026-08-16T02:41:08.696091+00:00
appstore_585027354_14411771958,anthropic/claude-haiku-4.5,0,5.0,5,2026-08-16T02:41:08.896599+00:00
appstore_585027354_14411762340,anthropic/claude-haiku-4.5,0,1.0,1,2026-08-16T02:41:08.999819+00:00
appstore_585027354_14412316481,anthropic/claude-haiku-4.5,0,2.0,2,2026-08-16T02:41:09.063142+00:00
appstore_585027354_14411571901,anthropic/claude-haiku-4.5,0,5.0,5,2026-08-16T02:41:09.464523+00:00
appstore_585027354_14411277885,anthropic/claude-haiku-4.5,0,2.0,2,2026-08-16T02:41:09.777595+00:00
appstore_585027354_14411258267,anthropic/claude-haiku-4.5,0,1.0,1,2026-08-16T02:41:09.897154+00:00
appstore_585027354_14411048229,anthropic/claude-haiku-4.5,0,5.0,5,2026-08-16T02:41:10.064802+00:00
appstore_585027354_14411046806,anthropic/claude-haiku-4.5,0,2.0,2,2026-08-16T02:41:10.352080+00:00
appstore_585027354_14411012450,anthropic/claude-haiku-4.5,0,1.0,1,2026-08-16T02:41:10.615243+00:00
appstore_585027354_14410739861,anthropic/claude-haiku-4.5,0,5.0,5,2026-08-16T02:41:10.751504+00:00
appstore_585027354_14410566775,anthropic/claude-haiku-4.5,0,5.0,5,2026-08-16T02:41:10.871601+00:00
appstore_585027354_14410373832,anthropic/claude-haiku-4.5,0,5.0,5,2026-08-16T02:41:11.271375+00:00
appstore_585027354_14410304123,anthropic/claude-haiku-4.5,0,2.0,2,2026-08-16T02:41:11.431449+00:00
appstore_585027354_14410219451,anthropic/claude-haiku-4.5,0,5.0,5,2026-08-16T02:41:11.629697+00:00
appstore_585027354_14410068565,anthropic/claude-haiku-4.5,0,1.0,1,2026-08-16T02:41:11.687482+00:00
appstore_585027354_14409101618,anthropic/claude-haiku-4.5,0,5.0,5,2026-08-16T02:41:12.131843+00:00
appstore_585027354_14408742528,anthropic/claude-haiku-4.5,0,1.0,1,2026-08-16T02:41:12.153993+00:00
appstore_585027354_14408384137,anthropic/claude-haiku-4.5,0,5.0,5,2026-08-16T02:41:12.355208+00:00
appstore_585027354_14408550281,anthropic/claude-haiku-4.5,0,2.0,2,2026-08-16T02:41:12.452390+00:00
appstore_585027354_14408339052,anthropic/claude-haiku-4.5,0,2.0,2,2026-08-16T02:41:12.931524+00:00
appstore_585027354_14408234909,anthropic/claude-haiku-4.5,0,1.0,1,2026-08-16T02:41:13.076912+00:00
appstore_585027354_14408263413,anthropic/claude-haiku-4.5,0,4.0,4,2026-08-16T02:41:13.152944+00:00
appstore_585027354_14408130336,anthropic/claude-haiku-4.5,0,2.0,2,2026-08-16T02:41:13.215349+00:00
appstore_585027354_14408086321,anthropic/claude-haiku-4.5,0,2.0,2,2026-08-16T02:41:13.830982+00:00
appstore_585027354_14408061035,anthropic/claude-haiku-4.5,0,3.0,3,2026-08-16T02:41:13.853099+00:00
appstore_585027354_14407690933,anthropic/claude-haiku-4.5,0,1.0,1,2026-08-16T02:41:14.070294+00:00
appstore_585027354_14407724020,anthropic/claude-haiku-4.5,0,5.0,5,2026-08-16T02:41:14.074074+00:00
appstore_585027354_14407252453,anthropic/claude-haiku-4.5,0,2.0,2,2026-08-16T02:41:14.606926+00:00
appstore_585027354_14407136325,anthropic/claude-haiku-4.5,0,1.0,1,2026-08-16T02:41:14.791785+00:00
appstore_585027354_14406513006,anthropic/claude-haiku-4.5,0,5.0,5,2026-08-16T02:41:14.796286+00:00
appstore_585027354_14406760375,anthropic/claude-haiku-4.5,0,1.0,1,2026-08-16T02:41:14.840456+00:00
appstore_585027354_14406509677,anthropic/claude-haiku-4.5,0,2.0,2,2026-08-16T02:41:15.376266+00:00
appstore_585027354_14405925245,anthropic/claude-haiku-4.5,0,1.0,1,2026-08-16T02:41:15.474330+00:00
appstore_585027354_14406229446,anthropic/claude-haiku-4.5,0,1.0,1,2026-08-16T02:41:15.671740+00:00
appstore_585027354_14405786151,anthropic/claude-haiku-4.5,0,3.0,3,2026-08-16T02:41:15.713190+00:00
appstore_585027354_14404648893,anthropic/claude-haiku-4.5,0,5.0,5,2026-08-16T02:41:16.282649+00:00
appstore_585027354_14404669448,anthropic/claude-haiku-4.5,0,2.0,2,2026-08-16T02:41:16.296780+00:00
appstore_585027354_14404610654,anthropic/claude-haiku-4.5,0,5.0,5,2026-08-16T02:41:16.530918+00:00
appstore_585027354_14404545603,anthropic/claude-haiku-4.5,0,5.0,5,2026-08-16T02:41:16.618745+00:00
appstore_585027354_14404396151,anthropic/claude-haiku-4.5,0,5.0,5,2026-08-16T02:41:17.129384+00:00
appstore_585027354_14404367586,anthropic/claude-haiku-4.5,0,5.0,5,2026-08-16T02:41:17.224846+00:00
appstore_585027354_14403792095,anthropic/claude-haiku-4.5,0,5.0,5,2026-08-16T02:41:17.263789+00:00
appstore_585027354_14404297608,anthropic/claude-haiku-4.5,0,3.0,3,2026-08-16T02:41:17.313595+00:00
appstore_585027354_14403746809,anthropic/claude-haiku-4.5,0,5.0,5,2026-08-16T02:41:17.790392+00:00
appstore_585027354_14403471197,anthropic/claude-haiku-4.5,0,1.0,1,2026-08-16T02:41:18.062297+00:00
appstore_585027354_14403464518,anthropic/claude-haiku-4.5,0,5.0,5,2026-08-16T02:41:18.079415+00:00
appstore_585027354_14402573207,anthropic/claude-haiku-4.5,0,1.0,1,2026-08-16T02:41:18.368629+00:00
appstore_585027354_14402557431,anthropic/claude-haiku-4.5,0,3.0,3,2026-08-16T02:41:18.484224+00:00
appstore_585027354_14402044426,anthropic/claude-haiku-4.5,0,5.0,5,2026-08-16T02:41:18.838968+00:00
appstore_585027354_14401339961,anthropic/claude-haiku-4.5,0,3.0,3,2026-08-16T02:41:18.951991+00:00
appstore_585027354_14401161394,anthropic/claude-haiku-4.5,0,2.0,2,2026-08-16T02:41:19.211526+00:00
appstore_585027354_14401101540,anthropic/claude-haiku-4.5,0,1.0,1,2026-08-16T02:41:19.397322+00:00
appstore_585027354_14400980022,anthropic/claude-haiku-4.5,0,1.0,1,2026-08-16T02:41:19.616611+00:00
appstore_585027354_14400753234,anthropic/claude-haiku-4.5,0,5.0,5,2026-08-16T02:41:19.890706+00:00
appstore_585027354_14400635936,anthropic/claude-haiku-4.5,0,2.0,2,2026-08-16T02:41:19.945322+00:00
appstore_585027354_14400581277,anthropic/claude-haiku-4.5,0,1.0,1,2026-08-16T02:41:20.386215+00:00
appstore_585027354_14400621433,anthropic/claude-haiku-4.5,0,5.0,5,2026-08-16T02:41:20.389840+00:00
appstore_585027354_14400561038,anthropic/claude-haiku-4.5,0,1.0,1,2026-08-16T02:41:20.616244+00:00
appstore_585027354_14400570238,anthropic/claude-haiku-4.5,0,1.0,1,2026-08-16T02:41:20.701547+00:00
appstore_585027354_14400356476,anthropic/claude-haiku-4.5,0,5.0,5,2026-08-16T02:41:21.007739+00:00
appstore_585027354_14400430543,anthropic/claude-haiku-4.5,0,5.0,5,2026-08-16T02:41:21.322980+00:00
appstore_585027354_14400327635,anthropic/claude-haiku-4.5,0,5.0,5,2026-08-16T02:41:21.610247+00:00
appstore_585027354_14400342614,anthropic/claude-haiku-4.5,0,5.0,5,2026-08-16T02:41:21.640805+00:00
appstore_585027354_14400079189,anthropic/claude-haiku-4.5,0,2.0,2,2026-08-16T02:41:21.908831+00:00
appstore_585027354_14400022103,anthropic/claude-haiku-4.5,0,5.0,5,2026-08-16T02:41:22.060088+00:00
appstore_585027354_14399972092,anthropic/claude-haiku-4.5,0,1.0,1,2026-08-16T02:41:22.379173+00:00
appstore_585027354_14399946046,anthropic/claude-haiku-4.5,0,1.0,1,2026-08-16T02:41:22.412874+00:00
appstore_585027354_14399872041,anthropic/claude-haiku-4.5,0,5.0,5,2026-08-16T02:41:22.725078+00:00
appstore_585027354_14399871114,anthropic/claude-haiku-4.5,0,1.0,1,2026-08-16T02:41:22.897579+00:00
appstore_585027354_14399613415,anthropic/claude-haiku-4.5,0,1.0,1,2026-08-16T02:41:23.211985+00:00
appstore_585027354_14399718563,anthropic/claude-haiku-4.5,0,2.0,2,2026-08-16T02:41:23.303189+00:00
appstore_585027354_14399585623,anthropic/claude-haiku-4.5,0,4.0,4,2026-08-16T02:41:23.519132+00:00
appstore_585027354_14399550645,anthropic/claude-haiku-4.5,0,1.0,1,2026-08-16T02:41:23.770609+00:00
appstore_585027354_14399284460,anthropic/claude-haiku-4.5,0,1.0,1,2026-08-16T02:41:24.101246+00:00
appstore_585027354_14399548321,anthropic/claude-haiku-4.5,0,5.0,5,2026-08-16T02:41:24.138590+00:00
appstore_585027354_14398921727,anthropic/claude-haiku-4.5,0,4.0,4,2026-08-16T02:41:24.340505+00:00
appstore_585027354_14398675616,anthropic/claude-haiku-4.5,0,5.0,5,2026-08-16T02:41:24.564967+00:00
appstore_585027354_14398536976,anthropic/claude-haiku-4.5,0,1.0,1,2026-08-16T02:41:24.923445+00:00
appstore_585027354_14397514991,anthropic/claude-haiku-4.5,0,5.0,5,2026-08-16T02:41:24.999569+00:00
appstore_585027354_14397464787,anthropic/claude-haiku-4.5,0,1.0,1,2026-08-16T02:41:25.014788+00:00
appstore_585027354_14396879252,anthropic/claude-haiku-4.5,0,5.0,5,2026-08-16T02:41:25.251215+00:00
appstore_585027354_14396863498,anthropic/claude-haiku-4.5,0,4.0,4,2026-08-16T02:41:25.679359+00:00
appstore_585027354_14396795877,anthropic/claude-haiku-4.5,0,5.0,5,2026-08-16T02:41:25.908423+00:00
appstore_585027354_14396774475,anthropic/claude-haiku-4.5,0,2.0,2,2026-08-16T02:41:26.013800+00:00
appstore_585027354_14396671903,anthropic/claude-haiku-4.5,0,1.0,1,2026-08-16T02:41:26.086680+00:00
appstore_585027354_14396617897,anthropic/claude-haiku-4.5,0,1.0,1,2026-08-16T02:41:26.482288+00:00
appstore_585027354_14396386931,anthropic/claude-haiku-4.5,0,4.0,4,2026-08-16T02:41:26.703455+00:00
appstore_585027354_14396541804,anthropic/claude-haiku-4.5,0,1.0,1,2026-08-16T02:41:26.744953+00:00
appstore_585027354_14396591037,anthropic/claude-haiku-4.5,0,2.0,2,2026-08-16T02:41:26.931469+00:00
appstore_585027354_14396367317,anthropic/claude-haiku-4.5,0,4.0,4,2026-08-16T02:41:27.507956+00:00
appstore_585027354_14396204911,anthropic/claude-haiku-4.5,0,1.0,1,2026-08-16T02:41:27.526543+00:00
appstore_585027354_14396321680,anthropic/claude-haiku-4.5,0,1.0,1,2026-08-16T02:41:27.577616+00:00
appstore_585027354_14396172771,anthropic/claude-haiku-4.5,0,5.0,5,2026-08-16T02:41:27.839377+00:00
appstore_585027354_14396013369,anthropic/claude-haiku-4.5,0,1.0,1,2026-08-16T02:41:28.329780+00:00
appstore_585027354_14395706723,anthropic/claude-haiku-4.5,0,2.0,2,2026-08-16T02:41:28.349966+00:00
appstore_585027354_14395652732,anthropic/claude-haiku-4.5,0,1.0,1,2026-08-16T02:41:28.600419+00:00
appstore_585027354_14395537187,anthropic/claude-haiku-4.5,0,1.0,1,2026-08-16T02:41:28.640096+00:00
appstore_585027354_14395211022,anthropic/claude-haiku-4.5,0,2.0,2,2026-08-16T02:41:29.144361+00:00
appstore_585027354_14395226116,anthropic/claude-haiku-4.5,0,5.0,5,2026-08-16T02:41:29.162101+00:00
appstore_585027354_14395077189,anthropic/claude-haiku-4.5,0,1.0,1,2026-08-16T02:41:29.515438+00:00
appstore_585027354_14395109976,anthropic/claude-haiku-4.5,0,1.0,1,2026-08-16T02:41:29.523096+00:00
appstore_585027354_14394818739,anthropic/claude-haiku-4.5,0,1.0,1,2026-08-16T02:41:29.903889+00:00
appstore_585027354_14394721767,anthropic/claude-haiku-4.5,0,5.0,5,2026-08-16T02:41:29.977664+00:00
appstore_585027354_14394588227,anthropic/claude-haiku-4.5,0,5.0,5,2026-08-16T02:41:30.259484+00:00
appstore_585027354_14394444337,anthropic/claude-haiku-4.5,0,5.0,5,2026-08-16T02:41:30.549762+00:00
appstore_585027354_14393214649,anthropic/claude-haiku-4.5,0,5.0,5,2026-08-16T02:41:30.776979+00:00
appstore_585027354_14394157208,anthropic/claude-haiku-4.5,0,2.0,2,2026-08-16T02:41:30.812735+00:00
appstore_585027354_14393182435,anthropic/claude-haiku-4.5,0,5.0,5,2026-08-16T02:41:30.907087+00:00
appstore_585027354_14393165489,anthropic/claude-haiku-4.5,0,1.0,1,2026-08-16T02:41:31.343132+00:00
appstore_585027354_14393085798,anthropic/claude-haiku-4.5,0,1.0,1,2026-08-16T02:41:31.758476+00:00
appstore_585027354_14392506411,anthropic/claude-haiku-4.5,0,5.0,5,2026-08-16T02:41:31.983622+00:00
appstore_585027354_14392487257,anthropic/claude-haiku-4.5,0,1.0,1,2026-08-16T02:41:32.307491+00:00
appstore_585027354_14392463243,anthropic/claude-haiku-4.5,0,1.0,1,2026-08-16T02:41:32.529412+00:00
appstore_585027354_14392450560,anthropic/claude-haiku-4.5,0,1.0,1,2026-08-16T02:41:32.879883+00:00
appstore_585027354_14392675330,anthropic/claude-haiku-4.5,0,1.0,1,2026-08-16T02:41:32.926354+00:00
appstore_585027354_14392429811,anthropic/claude-haiku-4.5,0,5.0,5,2026-08-16T02:41:33.030773+00:00
appstore_585027354_14392145096,anthropic/claude-haiku-4.5,0,4.0,4,2026-08-16T02:41:33.346569+00:00
appstore_585027354_14392144215,anthropic/claude-haiku-4.5,0,2.0,2,2026-08-16T02:41:33.668138+00:00
appstore_585027354_14391993524,anthropic/claude-haiku-4.5,0,1.0,1,2026-08-16T02:41:33.715835+00:00
appstore_585027354_14391903918,anthropic/claude-haiku-4.5,0,5.0,5,2026-08-16T02:41:33.766694+00:00
appstore_585027354_14391901668,anthropic/claude-haiku-4.5,0,5.0,5,2026-08-16T02:41:34.151706+00:00
appstore_585027354_14391683854,anthropic/claude-haiku-4.5,0,2.0,2,2026-08-16T02:41:34.447506+00:00
appstore_585027354_14391604469,anthropic/claude-haiku-4.5,0,1.0,1,2026-08-16T02:41:34.531132+00:00
appstore_585027354_14391406631,anthropic/claude-haiku-4.5,0,1.0,1,2026-08-16T02:41:34.910844+00:00
appstore_585027354_14391378798,anthropic/claude-haiku-4.5,0,5.0,5,2026-08-16T02:41:35.232403+00:00
appstore_585027354_14390953554,anthropic/claude-haiku-4.5,0,5.0,5,2026-08-16T02:41:35.381626+00:00
appstore_585027354_14391660543,anthropic/claude-haiku-4.5,0,1.0,1,2026-08-16T02:41:35.570565+00:00
appstore_585027354_14390890395,anthropic/claude-haiku-4.5,0,5.0,5,2026-08-16T02:41:35.756450+00:00
appstore_585027354_14390238090,anthropic/claude-haiku-4.5,0,2.0,2,2026-08-16T02:41:36.074457+00:00
appstore_585027354_14389467296,anthropic/claude-haiku-4.5,0,1.0,1,2026-08-16T02:41:36.315659+00:00
appstore_585027354_14389061609,anthropic/claude-haiku-4.5,0,1.0,1,2026-08-16T02:41:36.526017+00:00
appstore_585027354_14388962921,anthropic/claude-haiku-4.5,0,5.0,5,2026-08-16T02:41:36.928603+00:00
appstore_585027354_14388892863,anthropic/claude-haiku-4.5,0,5.0,5,2026-08-16T02:41:37.089640+00:00
appstore_585027354_14389940259,anthropic/claude-haiku-4.5,0,3.0,3,2026-08-16T02:41:37.239527+00:00
appstore_585027354_14388856368,anthropic/claude-haiku-4.5,0,1.0,1,2026-08-16T02:41:37.310602+00:00
appstore_585027354_14388770805,anthropic/claude-haiku-4.5,0,1.0,1,2026-08-16T02:41:37.748733+00:00
appstore_585027354_14388647979,anthropic/claude-haiku-4.5,0,1.0,1,2026-08-16T02:41:37.877462+00:00
appstore_585027354_14388555298,anthropic/claude-haiku-4.5,0,5.0,5,2026-08-16T02:41:38.034532+00:00
appstore_585027354_14388203470,anthropic/claude-haiku-4.5,0,2.0,2,2026-08-16T02:41:38.085189+00:00
appstore_585027354_14387891476,anthropic/claude-haiku-4.5,0,5.0,5,2026-08-16T02:41:38.548343+00:00
appstore_585027354_14387888026,anthropic/claude-haiku-4.5,0,1.0,1,2026-08-16T02:41:38.659727+00:00
appstore_585027354_14387835912,anthropic/claude-haiku-4.5,0,1.0,1,2026-08-16T02:41:38.893767+00:00
appstore_585027354_14387811107,anthropic/claude-haiku-4.5,0,1.0,1,2026-08-16T02:41:38.918732+00:00
appstore_585027354_14387806463,anthropic/claude-haiku-4.5,0,5.0,5,2026-08-16T02:41:39.318356+00:00
appstore_585027354_14387672514,anthropic/claude-haiku-4.5,0,5.0,5,2026-08-16T02:41:39.479940+00:00
appstore_585027354_14387393260,anthropic/claude-haiku-4.5,0,5.0,5,2026-08-16T02:41:39.663321+00:00
appstore_585027354_14387315079,anthropic/claude-haiku-4.5,0,1.0,1,2026-08-16T02:41:39.695684+00:00
appstore_585027354_14385476576,anthropic/claude-haiku-4.5,0,1.0,1,2026-08-16T02:41:40.351462+00:00
appstore_585027354_14384873197,anthropic/claude-haiku-4.5,0,1.0,1,2026-08-16T02:41:40.499004+00:00
appstore_585027354_14385366616,anthropic/claude-haiku-4.5,0,5.0,5,2026-08-16T02:41:40.535187+00:00
appstore_585027354_14387221179,anthropic/claude-haiku-4.5,0,1.0,1,2026-08-16T02:41:41.082185+00:00
appstore_585027354_14384741751,anthropic/claude-haiku-4.5,0,4.0,4,2026-08-16T02:41:41.170412+00:00
appstore_585027354_14384678192,anthropic/claude-haiku-4.5,0,5.0,5,2026-08-16T02:41:41.277920+00:00
appstore_585027354_14384426297,anthropic/claude-haiku-4.5,0,4.0,4,2026-08-16T02:41:41.312043+00:00
appstore_585027354_14384196415,anthropic/claude-haiku-4.5,0,1.0,1,2026-08-16T02:41:41.887709+00:00
appstore_585027354_14384220458,anthropic/claude-haiku-4.5,0,5.0,5,2026-08-16T02:41:42.054400+00:00
appstore_585027354_14384093627,anthropic/claude-haiku-4.5,0,1.0,1,2026-08-16T02:41:42.083203+00:00
appstore_585027354_14384000755,anthropic/claude-haiku-4.5,0,5.0,5,2026-08-16T02:41:42.110917+00:00
appstore_585027354_14383197447,anthropic/claude-haiku-4.5,0,1.0,1,2026-08-16T02:41:42.850325+00:00
appstore_585027354_14383975438,anthropic/claude-haiku-4.5,0,1.0,1,2026-08-16T02:41:42.863952+00:00
appstore_585027354_14383351426,anthropic/claude-haiku-4.5,0,1.0,1,2026-08-16T02:41:42.896433+00:00
appstore_585027354_14383104814,anthropic/claude-haiku-4.5,0,5.0,5,2026-08-16T02:41:43.558379+00:00
appstore_585027354_14382939509,anthropic/claude-haiku-4.5,0,1.0,1,2026-08-16T02:41:43.666988+00:00
appstore_585027354_14383979860,anthropic/claude-haiku-4.5,0,4.0,4,2026-08-16T02:41:43.715879+00:00
appstore_585027354_14383080156,anthropic/claude-haiku-4.5,0,5.0,5,2026-08-16T02:41:43.847261+00:00
appstore_585027354_14382888107,anthropic/claude-haiku-4.5,0,5.0,5,2026-08-16T02:41:44.414390+00:00
appstore_585027354_14382611261,anthropic/claude-haiku-4.5,0,5.0,5,2026-08-16T02:41:44.470305+00:00
appstore_585027354_14382554353,anthropic/claude-haiku-4.5,0,5.0,5,2026-08-16T02:41:44.547539+00:00
appstore_585027354_14381739053,anthropic/claude-haiku-4.5,0,1.0,1,2026-08-16T02:41:44.573801+00:00
appstore_585027354_14381600359,anthropic/claude-haiku-4.5,0,5.0,5,2026-08-16T02:41:45.073185+00:00
appstore_585027354_14381592395,anthropic/claude-haiku-4.5,0,4.0,4,2026-08-16T02:41:45.245440+00:00
appstore_585027354_14381070377,anthropic/claude-haiku-4.5,0,5.0,5,2026-08-16T02:41:45.313268+00:00
appstore_585027354_14380891787,anthropic/claude-haiku-4.5,0,1.0,1,2026-08-16T02:41:45.407640+00:00
appstore_585027354_14380783082,anthropic/claude-haiku-4.5,0,1.0,1,2026-08-16T02:41:45.866164+00:00
appstore_585027354_14380706960,anthropic/claude-haiku-4.5,0,1.0,1,2026-08-16T02:41:46.060423+00:00
appstore_585027354_14380740581,anthropic/claude-haiku-4.5,0,1.0,1,2026-08-16T02:41:46.084972+00:00
appstore_585027354_14380599480,anthropic/claude-haiku-4.5,0,1.0,1,2026-08-16T02:41:46.586721+00:00
appstore_585027354_14380538564,anthropic/claude-haiku-4.5,0,2.0,2,2026-08-16T02:41:46.606991+00:00
appstore_585027354_14380407720,anthropic/claude-haiku-4.5,0,5.0,5,2026-08-16T02:41:46.788668+00:00
appstore_585027354_14380289026,anthropic/claude-haiku-4.5,0,5.0,5,2026-08-16T02:41:46.853840+00:00
appstore_585027354_14380258220,anthropic/claude-haiku-4.5,0,5.0,5,2026-08-16T02:41:47.334514+00:00
appstore_585027354_14380181116,anthropic/claude-haiku-4.5,0,2.0,2,2026-08-16T02:41:47.356734+00:00
appstore_585027354_14380157430,anthropic/claude-haiku-4.5,0,2.0,2,2026-08-16T02:41:47.586453+00:00
appstore_585027354_14380073667,anthropic/claude-haiku-4.5,0,2.0,2,2026-08-16T02:41:47.650877+00:00
appstore_585027354_14380063874,anthropic/claude-haiku-4.5,0,1.0,1,2026-08-16T02:41:48.155928+00:00
appstore_585027354_14380060602,anthropic/claude-haiku-4.5,0,2.0,2,2026-08-16T02:41:48.163465+00:00
appstore_585027354_14380013742,anthropic/claude-haiku-4.5,0,5.0,5,2026-08-16T02:41:48.382126+00:00
appstore_585027354_14379943260,anthropic/claude-haiku-4.5,0,4.0,4,2026-08-16T02:41:48.444069+00:00
appstore_585027354_14379896664,anthropic/claude-haiku-4.5,0,2.0,2,2026-08-16T02:41:49.048489+00:00
appstore_585027354_14379862799,anthropic/claude-haiku-4.5,0,1.0,1,2026-08-16T02:41:49.215796+00:00
appstore_585027354_14379882870,anthropic/claude-haiku-4.5,0,1.0,1,2026-08-16T02:41:49.375637+00:00
appstore_585027354_14379916944,anthropic/claude-haiku-4.5,0,1.0,1,2026-08-16T02:41:49.470653+00:00
appstore_585027354_14379695967,anthropic/claude-haiku-4.5,0,2.0,2,2026-08-16T02:41:49.998025+00:00
appstore_585027354_14379450729,anthropic/claude-haiku-4.5,0,5.0,5,2026-08-16T02:41:50.008034+00:00
appstore_585027354_14379433500,anthropic/claude-haiku-4.5,0,2.0,2,2026-08-16T02:41:50.282159+00:00
appstore_585027354_14379379302,anthropic/claude-haiku-4.5,0,5.0,5,2026-08-16T02:41:50.410658+00:00
appstore_585027354_14378610558,anthropic/claude-haiku-4.5,0,5.0,5,2026-08-16T02:41:50.737005+00:00
appstore_585027354_14378621830,anthropic/claude-haiku-4.5,0,1.0,1,2026-08-16T02:41:50.775108+00:00
appstore_585027354_14378453151,anthropic/claude-haiku-4.5,0,1.0,1,2026-08-16T02:41:51.137297+00:00
appstore_585027354_14378208641,anthropic/claude-haiku-4.5,0,1.0,1,2026-08-16T02:41:51.429188+00:00
appstore_585027354_14378378297,anthropic/claude-haiku-4.5,0,2.0,2,2026-08-16T02:41:51.497359+00:00
appstore_585027354_14378069602,anthropic/claude-haiku-4.5,0,2.0,2,2026-08-16T02:41:52.096642+00:00
appstore_585027354_14377304136,anthropic/claude-haiku-4.5,0,2.0,2,2026-08-16T02:41:52.182260+00:00
appstore_585027354_14377843913,anthropic/claude-haiku-4.5,0,5.0,5,2026-08-16T02:41:52.222776+00:00
appstore_585027354_14377135151,anthropic/claude-haiku-4.5,0,1.0,1,2026-08-16T02:41:52.298287+00:00
appstore_585027354_14377045004,anthropic/claude-haiku-4.5,0,2.0,2,2026-08-16T02:41:52.848260+00:00
appstore_585027354_14377042680,anthropic/claude-haiku-4.5,0,1.0,1,2026-08-16T02:41:52.952778+00:00
appstore_585027354_14376614482,anthropic/claude-haiku-4.5,0,2.0,2,2026-08-16T02:41:53.045763+00:00
appstore_585027354_14376923056,anthropic/claude-haiku-4.5,0,5.0,5,2026-08-16T02:41:53.109194+00:00
appstore_389801252_14428763014,anthropic/claude-haiku-4.5,0,1.0,1,2026-08-16T02:41:53.709074+00:00
appstore_389801252_14428768707,anthropic/claude-haiku-4.5,0,3.0,3,2026-08-16T02:41:53.792743+00:00
appstore_389801252_14428756666,anthropic/claude-haiku-4.5,0,1.0,1,2026-08-16T02:41:53.804064+00:00
appstore_389801252_14428757988,anthropic/claude-haiku-4.5,0,1.0,1,2026-08-16T02:41:53.912984+00:00
appstore_389801252_14428750627,anthropic/claude-haiku-4.5,0,1.0,1,2026-08-16T02:41:54.510742+00:00
appstore_389801252_14428746676,anthropic/claude-haiku-4.5,0,5.0,5,2026-08-16T02:41:54.623344+00:00
appstore_389801252_14428711704,anthropic/claude-haiku-4.5,0,1.0,1,2026-08-16T02:41:54.656625+00:00
appstore_389801252_14428658339,anthropic/claude-haiku-4.5,0,1.0,1,2026-08-16T02:41:54.732116+00:00
appstore_389801252_14428558882,anthropic/claude-haiku-4.5,0,2.0,2,2026-08-16T02:41:55.301533+00:00
appstore_389801252_14428613836,anthropic/claude-haiku-4.5,0,2.0,2,2026-08-16T02:41:55.329362+00:00
appstore_389801252_14428599575,anthropic/claude-haiku-4.5,0,2.0,2,2026-08-16T02:41:55.398865+00:00
appstore_389801252_14428554670,anthropic/claude-haiku-4.5,0,5.0,5,2026-08-16T02:41:55.544860+00:00
appstore_389801252_14428494583,anthropic/claude-haiku-4.5,0,5.0,5,2026-08-16T02:41:56.009890+00:00
appstore_389801252_14428488282,anthropic/claude-haiku-4.5,0,5.0,5,2026-08-16T02:41:56.179045+00:00
appstore_389801252_14428474765,anthropic/claude-haiku-4.5,0,1.0,1,2026-08-16T02:41:56.227957+00:00
appstore_389801252_14428468272,anthropic/claude-haiku-4.5,0,1.0,1,2026-08-16T02:41:56.395313+00:00
appstore_389801252_14428448454,anthropic/claude-haiku-4.5,0,1.0,1,2026-08-16T02:41:56.796038+00:00
appstore_389801252_14428405644,anthropic/claude-haiku-4.5,0,1.0,1,2026-08-16T02:41:56.948332+00:00
appstore_389801252_14428379222,anthropic/claude-haiku-4.5,0,5.0,5,2026-08-16T02:41:57.034639+00:00
appstore_389801252_14428342618,anthropic/claude-haiku-4.5,0,5.0,5,2026-08-16T02:41:57.177681+00:00
appstore_389801252_14428232629,anthropic/claude-haiku-4.5,0,2.0,2,2026-08-16T02:41:57.603721+00:00
appstore_389801252_14428196596,anthropic/claude-haiku-4.5,0,5.0,5,2026-08-16T02:41:57.724705+00:00
appstore_389801252_14428143802,anthropic/claude-haiku-4.5,0,5.0,5,2026-08-16T02:41:57.957535+00:00
appstore_389801252_14428231959,anthropic/claude-haiku-4.5,0,5.0,5,2026-08-16T02:41:57.981249+00:00
appstore_389801252_14428087642,anthropic/claude-haiku-4.5,0,1.0,1,2026-08-16T02:41:58.357782+00:00
appstore_389801252_14428081414,anthropic/claude-haiku-4.5,0,1.0,1,2026-08-16T02:41:58.505153+00:00
appstore_389801252_14428037732,anthropic/claude-haiku-4.5,0,5.0,5,2026-08-16T02:41:58.709974+00:00
appstore_389801252_14428035633,anthropic/claude-haiku-4.5,0,1.0,1,2026-08-16T02:41:58.734062+00:00
appstore_389801252_14428028302,anthropic/claude-haiku-4.5,0,2.0,2,2026-08-16T02:41:59.146224+00:00
appstore_389801252_14427928458,anthropic/claude-haiku-4.5,0,5.0,5,2026-08-16T02:41:59.222969+00:00
appstore_389801252_14427905789,anthropic/claude-haiku-4.5,0,5.0,5,2026-08-16T02:41:59.488750+00:00
appstore_389801252_14427886251,anthropic/claude-haiku-4.5,0,2.0,2,2026-08-16T02:41:59.527123+00:00
appstore_389801252_14427873998,anthropic/claude-haiku-4.5,0,1.0,1,2026-08-16T02:41:59.898191+00:00
appstore_389801252_14427862071,anthropic/claude-haiku-4.5,0,5.0,5,2026-08-16T02:41:59.949943+00:00
appstore_389801252_14427830104,anthropic/claude-haiku-4.5,0,5.0,5,2026-08-16T02:42:00.316557+00:00
appstore_389801252_14427839502,anthropic/claude-haiku-4.5,0,3.0,3,2026-08-16T02:42:00.445558+00:00
appstore_389801252_14427823131,anthropic/claude-haiku-4.5,0,1.0,1,2026-08-16T02:42:00.659331+00:00
appstore_389801252_14427808904,anthropic/claude-haiku-4.5,0,1.0,1,2026-08-16T02:42:00.683406+00:00
appstore_389801252_14427749342,anthropic/claude-haiku-4.5,0,2.0,2,2026-08-16T02:42:01.152149+00:00
appstore_389801252_14427641891,anthropic/claude-haiku-4.5,0,5.0,5,2026-08-16T02:42:01.234194+00:00
appstore_389801252_14427594275,anthropic/claude-haiku-4.5,0,1.0,1,2026-08-16T02:42:01.381502+00:00
appstore_389801252_14427571120,anthropic/claude-haiku-4.5,0,5.0,5,2026-08-16T02:42:01.473074+00:00
appstore_389801252_14427529423,anthropic/claude-haiku-4.5,0,2.0,2,2026-08-16T02:42:01.901689+00:00
appstore_389801252_14427476262,anthropic/claude-haiku-4.5,0,2.0,2,2026-08-16T02:42:02.166049+00:00
appstore_389801252_14427429397,anthropic/claude-haiku-4.5,0,1.0,1,2026-08-16T02:42:02.172227+00:00
appstore_389801252_14427369033,anthropic/claude-haiku-4.5,0,4.0,4,2026-08-16T02:42:02.269391+00:00
appstore_389801252_14427353293,anthropic/claude-haiku-4.5,0,1.0,1,2026-08-16T02:42:02.682981+00:00
appstore_389801252_14427341451,anthropic/claude-haiku-4.5,0,1.0,1,2026-08-16T02:42:02.954907+00:00
appstore_389801252_14427321592,anthropic/claude-haiku-4.5,0,3.0,3,2026-08-16T02:42:03.055929+00:00
appstore_389801252_14427294989,anthropic/claude-haiku-4.5,0,5.0,5,2026-08-16T02:42:03.242496+00:00
appstore_389801252_14427235680,anthropic/claude-haiku-4.5,0,2.0,2,2026-08-16T02:42:03.536142+00:00
appstore_389801252_14427012731,anthropic/claude-haiku-4.5,0,1.0,1,2026-08-16T02:42:03.905402+00:00
appstore_389801252_14426959261,anthropic/claude-haiku-4.5,0,1.0,1,2026-08-16T02:42:03.925418+00:00
appstore_389801252_14426927238,anthropic/claude-haiku-4.5,0,5.0,5,2026-08-16T02:42:04.335394+00:00
appstore_389801252_14427021697,anthropic/claude-haiku-4.5,0,1.0,1,2026-08-16T02:42:04.372982+00:00
appstore_389801252_14426868030,anthropic/claude-haiku-4.5,0,2.0,2,2026-08-16T02:42:04.671153+00:00
appstore_389801252_14426898781,anthropic/claude-haiku-4.5,0,3.0,3,2026-08-16T02:42:04.682452+00:00
appstore_389801252_14426823711,anthropic/claude-haiku-4.5,0,1.0,1,2026-08-16T02:42:05.106037+00:00
appstore_389801252_14426797157,anthropic/claude-haiku-4.5,0,5.0,5,2026-08-16T02:42:05.122554+00:00
appstore_389801252_14426656339,anthropic/claude-haiku-4.5,0,1.0,1,2026-08-16T02:42:05.487495+00:00
appstore_389801252_14426768248,anthropic/claude-haiku-4.5,0,5.0,5,2026-08-16T02:42:05.495354+00:00
appstore_389801252_14426638799,anthropic/claude-haiku-4.5,0,4.0,4,2026-08-16T02:42:05.930705+00:00
appstore_389801252_14426635523,anthropic/claude-haiku-4.5,0,5.0,5,2026-08-16T02:42:05.936605+00:00
appstore_389801252_14426580630,anthropic/claude-haiku-4.5,0,1.0,1,2026-08-16T02:42:06.278472+00:00
appstore_389801252_14426578171,anthropic/claude-haiku-4.5,0,1.0,1,2026-08-16T02:42:06.313183+00:00
appstore_389801252_14426542809,anthropic/claude-haiku-4.5,0,3.0,3,2026-08-16T02:42:06.828788+00:00
appstore_389801252_14426495651,anthropic/claude-haiku-4.5,0,1.0,1,2026-08-16T02:42:07.017962+00:00
appstore_389801252_14426551614,anthropic/claude-haiku-4.5,0,1.0,1,2026-08-16T02:42:07.121792+00:00
appstore_389801252_14426426883,anthropic/claude-haiku-4.5,0,1.0,1,2026-08-16T02:42:07.125521+00:00
appstore_389801252_14426389048,anthropic/claude-haiku-4.5,0,1.0,1,2026-08-16T02:42:07.713061+00:00
appstore_389801252_14426399573,anthropic/claude-haiku-4.5,0,5.0,5,2026-08-16T02:42:07.715710+00:00
appstore_389801252_14426276191,anthropic/claude-haiku-4.5,0,1.0,1,2026-08-16T02:42:07.924697+00:00
appstore_389801252_14426323402,anthropic/claude-haiku-4.5,0,1.0,1,2026-08-16T02:42:08.003656+00:00
appstore_389801252_14426106170,anthropic/claude-haiku-4.5,0,5.0,5,2026-08-16T02:42:08.554619+00:00
appstore_389801252_14426217942,anthropic/claude-haiku-4.5,0,2.0,2,2026-08-16T02:42:08.569675+00:00
appstore_389801252_14425810402,anthropic/claude-haiku-4.5,0,1.0,1,2026-08-16T02:42:08.647260+00:00
appstore_389801252_14425740857,anthropic/claude-haiku-4.5,0,5.0,5,2026-08-16T02:42:08.855668+00:00
appstore_389801252_14425692858,anthropic/claude-haiku-4.5,0,1.0,1,2026-08-16T02:42:09.239039+00:00
appstore_389801252_14425574385,anthropic/claude-haiku-4.5,0,1.0,1,2026-08-16T02:42:09.321869+00:00
appstore_389801252_14425535846,anthropic/claude-haiku-4.5,0,1.0,1,2026-08-16T02:42:09.509761+00:00
appstore_389801252_14425527612,anthropic/claude-haiku-4.5,0,1.0,1,2026-08-16T02:42:09.645291+00:00
appstore_389801252_14425517755,anthropic/claude-haiku-4.5,0,1.0,1,2026-08-16T02:42:09.931775+00:00
appstore_389801252_14425464434,anthropic/claude-haiku-4.5,0,1.0,1,2026-08-16T02:42:10.249637+00:00
appstore_389801252_14425463023,anthropic/claude-haiku-4.5,0,1.0,1,2026-08-16T02:42:10.357367+00:00
appstore_389801252_14425334399,anthropic/claude-haiku-4.5,0,1.0,1,2026-08-16T02:42:10.435516+00:00
appstore_389801252_14425298401,anthropic/claude-haiku-4.5,0,1.0,1,2026-08-16T02:42:10.830125+00:00
appstore_389801252_14425268425,anthropic/claude-haiku-4.5,0,1.0,1,2026-08-16T02:42:11.211519+00:00
appstore_389801252_14425273116,anthropic/claude-haiku-4.5,0,5.0,5,2026-08-16T02:42:11.323562+00:00
appstore_389801252_14425265208,anthropic/claude-haiku-4.5,0,2.0,2,2026-08-16T02:42:11.874000+00:00
appstore_389801252_14425250078,anthropic/claude-haiku-4.5,0,5.0,5,2026-08-16T02:42:11.986402+00:00
appstore_389801252_14425278404,anthropic/claude-haiku-4.5,0,5.0,5,2026-08-16T02:42:12.075452+00:00
appstore_389801252_14425220865,anthropic/claude-haiku-4.5,0,1.0,1,2026-08-16T02:42:12.123869+00:00
appstore_389801252_14425208673,anthropic/claude-haiku-4.5,0,1.0,1,2026-08-16T02:42:12.805420+00:00
appstore_389801252_14425204254,anthropic/claude-haiku-4.5,0,2.0,2,2026-08-16T02:42:12.840526+00:00
appstore_389801252_14425198986,anthropic/claude-haiku-4.5,0,1.0,1,2026-08-16T02:42:12.901354+00:00
appstore_389801252_14425171225,anthropic/claude-haiku-4.5,0,1.0,1,2026-08-16T02:42:13.629027+00:00
appstore_389801252_14425217799,anthropic/claude-haiku-4.5,0,1.0,1,2026-08-16T02:42:13.668906+00:00
appstore_389801252_14425167507,anthropic/claude-haiku-4.5,0,4.0,4,2026-08-16T02:42:13.721830+00:00
appstore_389801252_14425198635,anthropic/claude-haiku-4.5,0,5.0,5,2026-08-16T02:42:13.771739+00:00
appstore_389801252_14425147593,anthropic/claude-haiku-4.5,0,1.0,1,2026-08-16T02:42:14.620078+00:00
appstore_389801252_14425154867,anthropic/claude-haiku-4.5,0,4.0,4,2026-08-16T02:42:14.622020+00:00
appstore_389801252_14425153309,anthropic/claude-haiku-4.5,0,1.0,1,2026-08-16T02:42:14.970523+00:00
appstore_389801252_14425138055,anthropic/claude-haiku-4.5,0,1.0,1,2026-08-16T02:42:15.288544+00:00
appstore_389801252_14425134153,anthropic/claude-haiku-4.5,0,1.0,1,2026-08-16T02:42:15.316364+00:00
appstore_389801252_14425102746,anthropic/claude-haiku-4.5,0,4.0,4,2026-08-16T02:42:15.657656+00:00
appstore_389801252_14425151380,anthropic/claude-haiku-4.5,0,1.0,1,2026-08-16T02:42:15.744303+00:00
appstore_389801252_14425047812,anthropic/claude-haiku-4.5,0,2.0,2,2026-08-16T02:42:16.144238+00:00
appstore_389801252_14425060953,anthropic/claude-haiku-4.5,0,1.0,1,2026-08-16T02:42:16.160522+00:00
appstore_389801252_14425036985,anthropic/claude-haiku-4.5,0,2.0,2,2026-08-16T02:42:16.416873+00:00
appstore_389801252_14424972767,anthropic/claude-haiku-4.5,0,1.0,1,2026-08-16T02:42:16.558338+00:00
appstore_389801252_14424920022,anthropic/claude-haiku-4.5,0,1.0,1,2026-08-16T02:42:16.924142+00:00
appstore_389801252_14424961657,anthropic/claude-haiku-4.5,0,5.0,5,2026-08-16T02:42:16.944811+00:00
appstore_389801252_14424822255,anthropic/claude-haiku-4.5,0,3.0,3,2026-08-16T02:42:17.270095+00:00
appstore_389801252_14424820065,anthropic/claude-haiku-4.5,0,5.0,5,2026-08-16T02:42:17.653901+00:00
appstore_389801252_14424762914,anthropic/claude-haiku-4.5,0,1.0,1,2026-08-16T02:42:17.846658+00:00
appstore_389801252_14424722100,anthropic/claude-haiku-4.5,0,4.0,4,2026-08-16T02:42:17.851518+00:00
appstore_389801252_14424715021,anthropic/claude-haiku-4.5,0,5.0,5,2026-08-16T02:42:18.156573+00:00
appstore_389801252_14424703330,anthropic/claude-haiku-4.5,0,1.0,1,2026-08-16T02:42:18.507719+00:00
appstore_389801252_14424605514,anthropic/claude-haiku-4.5,0,1.0,1,2026-08-16T02:42:18.587196+00:00
appstore_389801252_14424573717,anthropic/claude-haiku-4.5,0,1.0,1,2026-08-16T02:42:18.686127+00:00
appstore_389801252_14424493666,anthropic/claude-haiku-4.5,0,1.0,1,2026-08-16T02:42:18.998236+00:00
appstore_389801252_14424488016,anthropic/claude-haiku-4.5,0,5.0,5,2026-08-16T02:42:19.309583+00:00
appstore_389801252_14424486255,anthropic/claude-haiku-4.5,0,1.0,1,2026-08-16T02:42:19.424469+00:00
appstore_389801252_14424290142,anthropic/claude-haiku-4.5,0,5.0,5,2026-08-16T02:42:19.433462+00:00
appstore_389801252_14424197463,anthropic/claude-haiku-4.5,0,1.0,1,2026-08-16T02:42:20.063937+00:00
appstore_389801252_14424083664,anthropic/claude-haiku-4.5,0,1.0,1,2026-08-16T02:42:20.197241+00:00
appstore_389801252_14424093809,anthropic/claude-haiku-4.5,0,1.0,1,2026-08-16T02:42:20.209079+00:00
appstore_389801252_14424051023,anthropic/claude-haiku-4.5,0,1.0,1,2026-08-16T02:42:20.826871+00:00
appstore_389801252_14424238234,anthropic/claude-haiku-4.5,0,3.0,3,2026-08-16T02:42:20.832144+00:00
appstore_389801252_14423968861,anthropic/claude-haiku-4.5,0,1.0,1,2026-08-16T02:42:20.990461+00:00
appstore_389801252_14423942005,anthropic/claude-haiku-4.5,0,2.0,2,2026-08-16T02:42:21.004744+00:00
appstore_389801252_14423905840,anthropic/claude-haiku-4.5,0,1.0,1,2026-08-16T02:42:21.679593+00:00
appstore_389801252_14423838365,anthropic/claude-haiku-4.5,0,4.0,4,2026-08-16T02:42:21.721518+00:00
appstore_389801252_14423859226,anthropic/claude-haiku-4.5,0,1.0,1,2026-08-16T02:42:21.730990+00:00
appstore_389801252_14423831588,anthropic/claude-haiku-4.5,0,1.0,1,2026-08-16T02:42:21.799067+00:00
appstore_389801252_14423640201,anthropic/claude-haiku-4.5,0,5.0,5,2026-08-16T02:42:22.470997+00:00
appstore_389801252_14423801304,anthropic/claude-haiku-4.5,0,2.0,2,2026-08-16T02:42:22.495055+00:00
appstore_389801252_14423680782,anthropic/claude-haiku-4.5,0,1.0,1,2026-08-16T02:42:22.561544+00:00
appstore_389801252_14423773631,anthropic/claude-haiku-4.5,0,3.0,3,2026-08-16T02:42:22.836706+00:00
appstore_389801252_14423603375,anthropic/claude-haiku-4.5,0,1.0,1,2026-08-16T02:42:23.196903+00:00
appstore_389801252_14423631654,anthropic/claude-haiku-4.5,0,1.0,1,2026-08-16T02:42:23.299390+00:00
appstore_389801252_14423469816,anthropic/claude-haiku-4.5,0,5.0,5,2026-08-16T02:42:23.457687+00:00
appstore_389801252_14423500560,anthropic/claude-haiku-4.5,0,1.0,1,2026-08-16T02:42:23.521857+00:00
appstore_389801252_14423466662,anthropic/claude-haiku-4.5,0,1.0,1,2026-08-16T02:42:23.859886+00:00
appstore_389801252_14423375502,anthropic/claude-haiku-4.5,0,2.0,2,2026-08-16T02:42:24.112749+00:00
appstore_389801252_14423330453,anthropic/claude-haiku-4.5,0,4.0,4,2026-08-16T02:42:24.287178+00:00
appstore_389801252_14423298319,anthropic/claude-haiku-4.5,0,1.0,1,2026-08-16T02:42:24.590374+00:00
appstore_389801252_14423282109,anthropic/claude-haiku-4.5,0,2.0,2,2026-08-16T02:42:24.961504+00:00
appstore_389801252_14423277803,anthropic/claude-haiku-4.5,0,5.0,5,2026-08-16T02:42:25.095179+00:00
appstore_389801252_14423303545,anthropic/claude-haiku-4.5,0,1.0,1,2026-08-16T02:42:25.416059+00:00
appstore_389801252_14423258408,anthropic/claude-haiku-4.5,0,5.0,5,2026-08-16T02:42:25.746153+00:00
appstore_389801252_14423249148,anthropic/claude-haiku-4.5,0,2.0,2,2026-08-16T02:42:26.091193+00:00
appstore_389801252_14423249082,anthropic/claude-haiku-4.5,0,5.0,5,2026-08-16T02:42:26.227621+00:00
appstore_389801252_14423272396,anthropic/claude-haiku-4.5,0,4.0,4,2026-08-16T02:42:26.350185+00:00
appstore_389801252_14423187855,anthropic/claude-haiku-4.5,0,2.0,2,2026-08-16T02:42:26.832970+00:00
appstore_389801252_14423179092,anthropic/claude-haiku-4.5,0,3.0,3,2026-08-16T02:42:27.025198+00:00
appstore_389801252_14423125641,anthropic/claude-haiku-4.5,0,1.0,1,2026-08-16T02:42:27.162215+00:00
appstore_389801252_14423218894,anthropic/claude-haiku-4.5,0,1.0,1,2026-08-16T02:42:27.538410+00:00
appstore_389801252_14423074542,anthropic/claude-haiku-4.5,0,5.0,5,2026-08-16T02:42:27.590598+00:00
appstore_389801252_14423010641,anthropic/claude-haiku-4.5,0,4.0,4,2026-08-16T02:42:27.848405+00:00
appstore_389801252_14423047102,anthropic/claude-haiku-4.5,0,1.0,1,2026-08-16T02:42:27.982536+00:00
appstore_389801252_14422981199,anthropic/claude-haiku-4.5,0,2.0,2,2026-08-16T02:42:28.396289+00:00
appstore_389801252_14422999796,anthropic/claude-haiku-4.5,0,1.0,1,2026-08-16T02:42:29.223688+00:00
appstore_389801252_14422866182,anthropic/claude-haiku-4.5,0,1.0,1,2026-08-16T02:42:29.362149+00:00
appstore_389801252_14422948852,anthropic/claude-haiku-4.5,0,2.0,2,2026-08-16T02:42:29.647164+00:00
appstore_389801252_14422936864,anthropic/claude-haiku-4.5,0,5.0,5,2026-08-16T02:42:29.944395+00:00
appstore_389801252_14422750479,anthropic/claude-haiku-4.5,0,3.0,3,2026-08-16T02:42:30.086748+00:00
appstore_389801252_14422806221,anthropic/claude-haiku-4.5,0,1.0,1,2026-08-16T02:42:30.105025+00:00
appstore_389801252_14422655104,anthropic/claude-haiku-4.5,0,5.0,5,2026-08-16T02:42:30.428139+00:00
appstore_389801252_14422367861,anthropic/claude-haiku-4.5,0,3.0,3,2026-08-16T02:42:30.836152+00:00
appstore_389801252_14422335423,anthropic/claude-haiku-4.5,0,1.0,1,2026-08-16T02:42:30.946989+00:00
appstore_389801252_14422222049,anthropic/claude-haiku-4.5,0,3.0,3,2026-08-16T02:42:31.283345+00:00
appstore_389801252_14422163758,anthropic/claude-haiku-4.5,0,5.0,5,2026-08-16T02:42:31.581810+00:00
appstore_389801252_14422445670,anthropic/claude-haiku-4.5,0,5.0,5,2026-08-16T02:42:31.765872+00:00
appstore_389801252_14422094220,anthropic/claude-haiku-4.5,0,1.0,1,2026-08-16T02:42:31.985086+00:00
appstore_389801252_14421701068,anthropic/claude-haiku-4.5,0,1.0,1,2026-08-16T02:42:32.448208+00:00
appstore_389801252_14421912425,anthropic/claude-haiku-4.5,0,2.0,2,2026-08-16T02:42:32.487358+00:00
appstore_389801252_14421638012,anthropic/claude-haiku-4.5,0,5.0,5,2026-08-16T02:42:32.540623+00:00
appstore_389801252_14421575734,anthropic/claude-haiku-4.5,0,5.0,5,2026-08-16T02:42:32.822516+00:00
appstore_389801252_14421481491,anthropic/claude-haiku-4.5,0,1.0,1,2026-08-16T02:42:33.221488+00:00
appstore_389801252_14421542644,anthropic/claude-haiku-4.5,0,1.0,1,2026-08-16T02:42:33.231579+00:00
appstore_389801252_14421471029,anthropic/claude-haiku-4.5,0,5.0,5,2026-08-16T02:42:33.305358+00:00
appstore_389801252_14421343524,anthropic/claude-haiku-4.5,0,1.0,1,2026-08-16T02:42:33.746697+00:00
appstore_389801252_14421228497,anthropic/claude-haiku-4.5,0,5.0,5,2026-08-16T02:42:33.972406+00:00
appstore_389801252_14421258838,anthropic/claude-haiku-4.5,0,5.0,5,2026-08-16T02:42:34.061008+00:00
appstore_389801252_14421221257,anthropic/claude-haiku-4.5,0,2.0,2,2026-08-16T02:42:34.107649+00:00
appstore_389801252_14421220050,anthropic/claude-haiku-4.5,0,5.0,5,2026-08-16T02:42:34.530666+00:00
appstore_389801252_14421176404,anthropic/claude-haiku-4.5,0,1.0,1,2026-08-16T02:42:34.763902+00:00
appstore_389801252_14421152674,anthropic/claude-haiku-4.5,0,5.0,5,2026-08-16T02:42:34.819563+00:00
appstore_389801252_14421134324,anthropic/claude-haiku-4.5,0,1.0,1,2026-08-16T02:42:34.874318+00:00
appstore_389801252_14421026999,anthropic/claude-haiku-4.5,0,1.0,1,2026-08-16T02:42:35.620705+00:00
appstore_389801252_14421087304,anthropic/claude-haiku-4.5,0,1.0,1,2026-08-16T02:42:35.623981+00:00
appstore_389801252_14421096393,anthropic/claude-haiku-4.5,0,4.0,4,2026-08-16T02:42:36.365946+00:00
appstore_389801252_14420986853,anthropic/claude-haiku-4.5,0,1.0,1,2026-08-16T02:42:36.444393+00:00
appstore_389801252_14420968084,anthropic/claude-haiku-4.5,0,5.0,5,2026-08-16T02:42:36.452167+00:00
appstore_389801252_14421024755,anthropic/claude-haiku-4.5,0,4.0,4,2026-08-16T02:42:36.738032+00:00
appstore_389801252_14420945118,anthropic/claude-haiku-4.5,0,1.0,1,2026-08-16T02:42:37.099604+00:00
appstore_389801252_14420878860,anthropic/claude-haiku-4.5,0,2.0,2,2026-08-16T02:42:37.230352+00:00
appstore_389801252_14420925124,anthropic/claude-haiku-4.5,0,1.0,1,2026-08-16T02:42:37.232574+00:00
appstore_389801252_14420845887,anthropic/claude-haiku-4.5,0,1.0,1,2026-08-16T02:42:37.490667+00:00
appstore_389801252_14420805205,anthropic/claude-haiku-4.5,0,1.0,1,2026-08-16T02:42:37.821216+00:00
appstore_389801252_14420804725,anthropic/claude-haiku-4.5,0,1.0,1,2026-08-16T02:42:38.002359+00:00
appstore_389801252_14420697811,anthropic/claude-haiku-4.5,0,2.0,2,2026-08-16T02:42:38.293434+00:00
appstore_389801252_14420670955,anthropic/claude-haiku-4.5,0,1.0,1,2026-08-16T02:42:38.689572+00:00
appstore_389801252_14420666865,anthropic/claude-haiku-4.5,0,1.0,1,2026-08-16T02:42:38.769795+00:00
appstore_389801252_14420608883,anthropic/claude-haiku-4.5,0,1.0,1,2026-08-16T02:42:39.014916+00:00
appstore_389801252_14420787819,anthropic/claude-haiku-4.5,0,1.0,1,2026-08-16T02:42:39.164270+00:00
appstore_389801252_14420557105,anthropic/claude-haiku-4.5,0,1.0,1,2026-08-16T02:42:39.469740+00:00
appstore_389801252_14420548238,anthropic/claude-haiku-4.5,0,5.0,5,2026-08-16T02:42:39.515329+00:00
appstore_389801252_14420517710,anthropic/claude-haiku-4.5,0,5.0,5,2026-08-16T02:42:39.828158+00:00
appstore_389801252_14420492885,anthropic/claude-haiku-4.5,0,5.0,5,2026-08-16T02:42:39.940061+00:00
appstore_389801252_14420476732,anthropic/claude-haiku-4.5,0,1.0,1,2026-08-16T02:42:40.255162+00:00
appstore_389801252_14420437447,anthropic/claude-haiku-4.5,0,1.0,1,2026-08-16T02:42:40.331437+00:00
appstore_389801252_14420434453,anthropic/claude-haiku-4.5,0,1.0,1,2026-08-16T02:42:40.640264+00:00
appstore_389801252_14420400432,anthropic/claude-haiku-4.5,0,5.0,5,2026-08-16T02:42:40.744338+00:00
appstore_389801252_14420380622,anthropic/claude-haiku-4.5,0,5.0,5,2026-08-16T02:42:40.951464+00:00
appstore_389801252_14420394091,anthropic/claude-haiku-4.5,0,5.0,5,2026-08-16T02:42:41.044534+00:00
appstore_389801252_14420373045,anthropic/claude-haiku-4.5,0,1.0,1,2026-08-16T02:42:41.426600+00:00
appstore_389801252_14420300336,anthropic/claude-haiku-4.5,0,5.0,5,2026-08-16T02:42:41.603682+00:00
appstore_389801252_14420299824,anthropic/claude-haiku-4.5,0,4.0,4,2026-08-16T02:42:41.860980+00:00
appstore_389801252_14420282770,anthropic/claude-haiku-4.5,0,1.0,1,2026-08-16T02:42:42.262237+00:00
appstore_389801252_14420262302,anthropic/claude-haiku-4.5,0,2.0,2,2026-08-16T02:42:42.366862+00:00
appstore_389801252_14420246471,anthropic/claude-haiku-4.5,0,4.0,4,2026-08-16T02:42:42.756543+00:00
appstore_389801252_14420233542,anthropic/claude-haiku-4.5,0,1.0,1,2026-08-16T02:42:42.888196+00:00
appstore_389801252_14420308467,anthropic/claude-haiku-4.5,0,5.0,5,2026-08-16T02:42:43.140605+00:00
appstore_389801252_14420208485,anthropic/claude-haiku-4.5,0,1.0,1,2026-08-16T02:42:43.298134+00:00
appstore_389801252_14420204716,anthropic/claude-haiku-4.5,0,1.0,1,2026-08-16T02:42:43.467744+00:00
appstore_389801252_14420174804,anthropic/claude-haiku-4.5,0,1.0,1,2026-08-16T02:42:43.679806+00:00
appstore_389801252_14419987135,anthropic/claude-haiku-4.5,0,5.0,5,2026-08-16T02:42:43.914472+00:00
appstore_389801252_14419868466,anthropic/claude-haiku-4.5,0,5.0,5,2026-08-16T02:42:44.285928+00:00
appstore_389801252_14419836397,anthropic/claude-haiku-4.5,0,1.0,1,2026-08-16T02:42:44.290705+00:00
appstore_389801252_14419748495,anthropic/claude-haiku-4.5,0,1.0,1,2026-08-16T02:42:44.701202+00:00
appstore_389801252_14419767103,anthropic/claude-haiku-4.5,0,1.0,1,2026-08-16T02:42:44.888741+00:00
appstore_389801252_14419673180,anthropic/claude-haiku-4.5,0,1.0,1,2026-08-16T02:42:45.080338+00:00
appstore_389801252_14419677424,anthropic/claude-haiku-4.5,0,1.0,1,2026-08-16T02:42:45.302260+00:00
appstore_389801252_14419669101,anthropic/claude-haiku-4.5,0,5.0,5,2026-08-16T02:42:45.560604+00:00
appstore_389801252_14419640684,anthropic/claude-haiku-4.5,0,1.0,1,2026-08-16T02:42:45.678949+00:00
appstore_389801252_14419554865,anthropic/claude-haiku-4.5,0,1.0,1,2026-08-16T02:42:46.099768+00:00
appstore_389801252_14419542194,anthropic/claude-haiku-4.5,0,1.0,1,2026-08-16T02:42:46.509482+00:00
appstore_389801252_14419520531,anthropic/claude-haiku-4.5,0,1.0,1,2026-08-16T02:42:46.870569+00:00
appstore_389801252_14419610318,anthropic/claude-haiku-4.5,0,1.0,1,2026-08-16T02:42:46.995592+00:00
appstore_389801252_14419542039,anthropic/claude-haiku-4.5,0,5.0,5,2026-08-16T02:42:47.238498+00:00
appstore_389801252_14419487913,anthropic/claude-haiku-4.5,0,5.0,5,2026-08-16T02:42:47.322863+00:00
appstore_389801252_14419447357,anthropic/claude-haiku-4.5,0,1.0,1,2026-08-16T02:42:47.612798+00:00
appstore_389801252_14419408513,anthropic/claude-haiku-4.5,0,2.0,2,2026-08-16T02:42:47.845356+00:00
appstore_389801252_14419356447,anthropic/claude-haiku-4.5,0,1.0,1,2026-08-16T02:42:48.182341+00:00
appstore_389801252_14419362300,anthropic/claude-haiku-4.5,0,5.0,5,2026-08-16T02:42:48.246524+00:00
appstore_389801252_14419304799,anthropic/claude-haiku-4.5,0,1.0,1,2026-08-16T02:42:48.506760+00:00
appstore_389801252_14419172548,anthropic/claude-haiku-4.5,0,1.0,1,2026-08-16T02:42:48.565583+00:00
appstore_389801252_14419116275,anthropic/claude-haiku-4.5,0,1.0,1,2026-08-16T02:42:48.879263+00:00
appstore_389801252_14419112453,anthropic/claude-haiku-4.5,0,1.0,1,2026-08-16T02:42:48.992757+00:00
appstore_389801252_14419080557,anthropic/claude-haiku-4.5,0,5.0,5,2026-08-16T02:42:49.221731+00:00
appstore_389801252_14419065391,anthropic/claude-haiku-4.5,0,4.0,4,2026-08-16T02:42:49.303217+00:00
appstore_389801252_14418975862,anthropic/claude-haiku-4.5,0,1.0,1,2026-08-16T02:42:49.666294+00:00
appstore_389801252_14418898754,anthropic/claude-haiku-4.5,0,1.0,1,2026-08-16T02:42:49.897196+00:00
appstore_389801252_14418881846,anthropic/claude-haiku-4.5,0,5.0,5,2026-08-16T02:42:49.982800+00:00
appstore_389801252_14418798991,anthropic/claude-haiku-4.5,0,5.0,5,2026-08-16T02:42:50.080706+00:00
appstore_389801252_14418765569,anthropic/claude-haiku-4.5,0,1.0,1,2026-08-16T02:42:50.530450+00:00
appstore_389801252_14418719490,anthropic/claude-haiku-4.5,0,2.0,2,2026-08-16T02:42:50.721586+00:00
appstore_389801252_14418684513,anthropic/claude-haiku-4.5,0,4.0,4,2026-08-16T02:42:50.833929+00:00
appstore_389801252_14418683836,anthropic/claude-haiku-4.5,0,4.0,4,2026-08-16T02:42:50.848264+00:00
appstore_389801252_14418579850,anthropic/claude-haiku-4.5,0,1.0,1,2026-08-16T02:42:51.375979+00:00
appstore_389801252_14418296342,anthropic/claude-haiku-4.5,0,1.0,1,2026-08-16T02:42:51.617637+00:00
appstore_389801252_14418435862,anthropic/claude-haiku-4.5,0,1.0,1,2026-08-16T02:42:51.674410+00:00
appstore_389801252_14418441479,anthropic/claude-haiku-4.5,0,2.0,2,2026-08-16T02:42:51.677240+00:00
appstore_389801252_14418278450,anthropic/claude-haiku-4.5,0,1.0,1,2026-08-16T02:42:52.156011+00:00
appstore_389801252_14418133864,anthropic/claude-haiku-4.5,0,1.0,1,2026-08-16T02:42:52.460496+00:00
appstore_389801252_14418204823,anthropic/claude-haiku-4.5,0,5.0,5,2026-08-16T02:42:52.463507+00:00
appstore_389801252_14418083582,anthropic/claude-haiku-4.5,0,1.0,1,2026-08-16T02:42:52.493169+00:00
appstore_389801252_14418082596,anthropic/claude-haiku-4.5,0,5.0,5,2026-08-16T02:42:53.129346+00:00
appstore_389801252_14418078540,anthropic/claude-haiku-4.5,0,1.0,1,2026-08-16T02:42:53.159173+00:00
appstore_389801252_14417814010,anthropic/claude-haiku-4.5,0,1.0,1,2026-08-16T02:42:53.170314+00:00
appstore_389801252_14418050608,anthropic/claude-haiku-4.5,0,2.0,2,2026-08-16T02:42:53.277592+00:00
appstore_389801252_14417810257,anthropic/claude-haiku-4.5,0,5.0,5,2026-08-16T02:42:53.913891+00:00
appstore_389801252_14417725563,anthropic/claude-haiku-4.5,0,1.0,1,2026-08-16T02:42:53.918128+00:00
appstore_389801252_14417736332,anthropic/claude-haiku-4.5,0,5.0,5,2026-08-16T02:42:54.033830+00:00
appstore_389801252_14417679252,anthropic/claude-haiku-4.5,0,1.0,1,2026-08-16T02:42:54.182722+00:00
appstore_389801252_14417628246,anthropic/claude-haiku-4.5,0,1.0,1,2026-08-16T02:42:54.658245+00:00
appstore_389801252_14417676728,anthropic/claude-haiku-4.5,0,1.0,1,2026-08-16T02:42:54.705689+00:00
appstore_389801252_14417579476,anthropic/claude-haiku-4.5,0,1.0,1,2026-08-16T02:42:54.806886+00:00
appstore_389801252_14417447547,anthropic/claude-haiku-4.5,0,1.0,1,2026-08-16T02:42:55.069943+00:00
appstore_389801252_14417378704,anthropic/claude-haiku-4.5,0,1.0,1,2026-08-16T02:42:55.396830+00:00
appstore_389801252_14417399099,anthropic/claude-haiku-4.5,0,1.0,1,2026-08-16T02:42:55.400000+00:00
appstore_389801252_14417353261,anthropic/claude-haiku-4.5,0,5.0,5,2026-08-16T02:42:55.598953+00:00
appstore_389801252_14417347862,anthropic/claude-haiku-4.5,0,5.0,5,2026-08-16T02:42:55.865719+00:00
appstore_389801252_14417251046,anthropic/claude-haiku-4.5,0,1.0,1,2026-08-16T02:42:56.179420+00:00
appstore_389801252_14417289757,anthropic/claude-haiku-4.5,0,2.0,2,2026-08-16T02:42:56.185552+00:00
appstore_389801252_14417248764,anthropic/claude-haiku-4.5,0,1.0,1,2026-08-16T02:42:56.417204+00:00
appstore_389801252_14417197908,anthropic/claude-haiku-4.5,0,1.0,1,2026-08-16T02:42:56.514588+00:00
appstore_389801252_14417156729,anthropic/claude-haiku-4.5,0,1.0,1,2026-08-16T02:42:56.941972+00:00
appstore_389801252_14417130659,anthropic/claude-haiku-4.5,0,5.0,5,2026-08-16T02:42:56.983272+00:00
appstore_389801252_14417110313,anthropic/claude-haiku-4.5,0,2.0,2,2026-08-16T02:42:57.237454+00:00
appstore_389801252_14417027988,anthropic/claude-haiku-4.5,0,5.0,5,2026-08-16T02:42:57.368519+00:00
appstore_389801252_14417012856,anthropic/claude-haiku-4.5,0,1.0,1,2026-08-16T02:42:57.667631+00:00
appstore_389801252_14417022505,anthropic/claude-haiku-4.5,0,2.0,2,2026-08-16T02:42:57.834646+00:00
appstore_389801252_14416966505,anthropic/claude-haiku-4.5,0,5.0,5,2026-08-16T02:42:58.025857+00:00
appstore_389801252_14416920987,anthropic/claude-haiku-4.5,0,1.0,1,2026-08-16T02:42:58.204081+00:00
appstore_389801252_14416857407,anthropic/claude-haiku-4.5,0,1.0,1,2026-08-16T02:42:58.464194+00:00
appstore_389801252_14416846978,anthropic/claude-haiku-4.5,0,1.0,1,2026-08-16T02:42:58.770378+00:00
appstore_389801252_14416832289,anthropic/claude-haiku-4.5,0,1.0,1,2026-08-16T02:42:58.787677+00:00
appstore_284882215_14428839648,anthropic/claude-haiku-4.5,0,2.0,2,2026-08-16T02:42:59.014673+00:00
appstore_284882215_14428821148,anthropic/claude-haiku-4.5,0,1.0,1,2026-08-16T02:42:59.306771+00:00
appstore_284882215_14428808937,anthropic/claude-haiku-4.5,0,1.0,1,2026-08-16T02:42:59.495442+00:00
appstore_284882215_14428782256,anthropic/claude-haiku-4.5,0,5.0,5,2026-08-16T02:42:59.587616+00:00
appstore_284882215_14428770904,anthropic/claude-haiku-4.5,0,2.0,2,2026-08-16T02:42:59.813942+00:00
appstore_284882215_14428760901,anthropic/claude-haiku-4.5,0,1.0,1,2026-08-16T02:43:00.178850+00:00
appstore_284882215_14428758899,anthropic/claude-haiku-4.5,0,1.0,1,2026-08-16T02:43:00.294957+00:00
appstore_284882215_14428740212,anthropic/claude-haiku-4.5,0,1.0,1,2026-08-16T02:43:00.326191+00:00
appstore_284882215_14428713395,anthropic/claude-haiku-4.5,0,4.0,4,2026-08-16T02:43:01.170245+00:00
appstore_284882215_14428682603,anthropic/claude-haiku-4.5,0,2.0,2,2026-08-16T02:43:01.180471+00:00
appstore_284882215_14428692246,anthropic/claude-haiku-4.5,0,5.0,5,2026-08-16T02:43:01.277702+00:00
appstore_284882215_14428731605,anthropic/claude-haiku-4.5,0,1.0,1,2026-08-16T02:43:01.452254+00:00
appstore_284882215_14428669442,anthropic/claude-haiku-4.5,0,4.0,4,2026-08-16T02:43:01.905669+00:00
appstore_284882215_14428677868,anthropic/claude-haiku-4.5,0,1.0,1,2026-08-16T02:43:02.006907+00:00
appstore_284882215_14428619037,anthropic/claude-haiku-4.5,0,2.0,2,2026-08-16T02:43:02.070556+00:00
appstore_284882215_14428615670,anthropic/claude-haiku-4.5,0,1.0,1,2026-08-16T02:43:02.206381+00:00
appstore_284882215_14428603357,anthropic/claude-haiku-4.5,0,1.0,1,2026-08-16T02:43:02.713520+00:00
appstore_284882215_14428601768,anthropic/claude-haiku-4.5,0,5.0,5,2026-08-16T02:43:02.771231+00:00
appstore_284882215_14428544471,anthropic/claude-haiku-4.5,0,5.0,5,2026-08-16T02:43:02.938447+00:00
appstore_284882215_14428570810,anthropic/claude-haiku-4.5,0,1.0,1,2026-08-16T02:43:02.941112+00:00
appstore_284882215_14428537498,anthropic/claude-haiku-4.5,0,4.0,4,2026-08-16T02:43:03.526284+00:00
appstore_284882215_14428523619,anthropic/claude-haiku-4.5,0,1.0,1,2026-08-16T02:43:03.590797+00:00
appstore_284882215_14428501072,anthropic/claude-haiku-4.5,0,1.0,1,2026-08-16T02:43:03.721205+00:00
appstore_284882215_14428499646,anthropic/claude-haiku-4.5,0,5.0,5,2026-08-16T02:43:04.078808+00:00
appstore_284882215_14428496868,anthropic/claude-haiku-4.5,0,4.0,4,2026-08-16T02:43:04.230157+00:00
appstore_284882215_14428496539,anthropic/claude-haiku-4.5,0,2.0,2,2026-08-16T02:43:04.395079+00:00
appstore_284882215_14428481791,anthropic/claude-haiku-4.5,0,5.0,5,2026-08-16T02:43:04.535051+00:00
appstore_284882215_14428458789,anthropic/claude-haiku-4.5,0,5.0,5,2026-08-16T02:43:05.123300+00:00
appstore_284882215_14428433036,anthropic/claude-haiku-4.5,0,4.0,4,2026-08-16T02:43:05.187193+00:00
appstore_284882215_14428479886,anthropic/claude-haiku-4.5,0,1.0,1,2026-08-16T02:43:05.203662+00:00
appstore_284882215_14428324998,anthropic/claude-haiku-4.5,0,1.0,1,2026-08-16T02:43:05.988387+00:00
appstore_284882215_14428333527,anthropic/claude-haiku-4.5,0,1.0,1,2026-08-16T02:43:06.045937+00:00
appstore_284882215_14428330404,anthropic/claude-haiku-4.5,0,1.0,1,2026-08-16T02:43:06.237297+00:00
appstore_284882215_14428349692,anthropic/claude-haiku-4.5,0,5.0,5,2026-08-16T02:43:06.337816+00:00
appstore_284882215_14428255978,anthropic/claude-haiku-4.5,0,4.0,4,2026-08-16T02:43:06.891473+00:00
appstore_284882215_14428280284,anthropic/claude-haiku-4.5,0,5.0,5,2026-08-16T02:43:06.896486+00:00
appstore_284882215_14428280973,anthropic/claude-haiku-4.5,0,2.0,2,2026-08-16T02:43:06.939995+00:00
appstore_284882215_14428252690,anthropic/claude-haiku-4.5,0,5.0,5,2026-08-16T02:43:07.190214+00:00
appstore_284882215_14428245793,anthropic/claude-haiku-4.5,0,3.0,3,2026-08-16T02:43:07.663162+00:00
appstore_284882215_14428250205,anthropic/claude-haiku-4.5,0,5.0,5,2026-08-16T02:43:07.696808+00:00
appstore_284882215_14428230928,anthropic/claude-haiku-4.5,0,1.0,1,2026-08-16T02:43:07.721395+00:00
appstore_284882215_14428179082,anthropic/claude-haiku-4.5,0,1.0,1,2026-08-16T02:43:08.066100+00:00
appstore_284882215_14428147491,anthropic/claude-haiku-4.5,0,5.0,5,2026-08-16T02:43:08.451221+00:00
appstore_284882215_14428108520,anthropic/claude-haiku-4.5,0,5.0,5,2026-08-16T02:43:08.490230+00:00
appstore_284882215_14428107407,anthropic/claude-haiku-4.5,0,2.0,2,2026-08-16T02:43:08.870437+00:00
appstore_284882215_14428089406,anthropic/claude-haiku-4.5,0,1.0,1,2026-08-16T02:43:09.243010+00:00
appstore_284882215_14428082991,anthropic/claude-haiku-4.5,0,5.0,5,2026-08-16T02:43:09.322384+00:00
appstore_284882215_14428117504,anthropic/claude-haiku-4.5,0,5.0,5,2026-08-16T02:43:09.511026+00:00
appstore_284882215_14428042007,anthropic/claude-haiku-4.5,0,3.0,3,2026-08-16T02:43:10.079470+00:00
appstore_284882215_14428031513,anthropic/claude-haiku-4.5,0,5.0,5,2026-08-16T02:43:10.137790+00:00
appstore_284882215_14427983497,anthropic/claude-haiku-4.5,0,2.0,2,2026-08-16T02:43:10.304492+00:00
appstore_284882215_14428044158,anthropic/claude-haiku-4.5,0,5.0,5,2026-08-16T02:43:10.722955+00:00
appstore_284882215_14427979508,anthropic/claude-haiku-4.5,0,1.0,1,2026-08-16T02:43:10.906239+00:00
appstore_284882215_14427980511,anthropic/claude-haiku-4.5,0,3.0,3,2026-08-16T02:43:10.955440+00:00
appstore_284882215_14427971682,anthropic/claude-haiku-4.5,0,2.0,2,2026-08-16T02:43:11.080266+00:00
appstore_284882215_14427963376,anthropic/claude-haiku-4.5,0,1.0,1,2026-08-16T02:43:11.451202+00:00
appstore_284882215_14427848697,anthropic/claude-haiku-4.5,0,5.0,5,2026-08-16T02:43:11.976827+00:00
appstore_284882215_14427822623,anthropic/claude-haiku-4.5,0,4.0,4,2026-08-16T02:43:12.249850+00:00
appstore_284882215_14427879531,anthropic/claude-haiku-4.5,0,5.0,5,2026-08-16T02:43:12.746374+00:00
appstore_284882215_14427819859,anthropic/claude-haiku-4.5,0,1.0,1,2026-08-16T02:43:12.789100+00:00
appstore_284882215_14427813618,anthropic/claude-haiku-4.5,0,5.0,5,2026-08-16T02:43:12.879063+00:00
appstore_284882215_14427847118,anthropic/claude-haiku-4.5,0,5.0,5,2026-08-16T02:43:12.981063+00:00
appstore_284882215_14427802433,anthropic/claude-haiku-4.5,0,2.0,2,2026-08-16T02:43:13.577491+00:00
appstore_284882215_14427789380,anthropic/claude-haiku-4.5,0,1.0,1,2026-08-16T02:43:13.660760+00:00
appstore_284882215_14427789270,anthropic/claude-haiku-4.5,0,1.0,1,2026-08-16T02:43:14.010742+00:00
appstore_284882215_14427788565,anthropic/claude-haiku-4.5,0,5.0,5,2026-08-16T02:43:14.336742+00:00
appstore_284882215_14427770540,anthropic/claude-haiku-4.5,0,5.0,5,2026-08-16T02:43:14.483655+00:00
appstore_284882215_14427805730,anthropic/claude-haiku-4.5,0,1.0,1,2026-08-16T02:43:14.547697+00:00
appstore_284882215_14427768659,anthropic/claude-haiku-4.5,0,4.0,4,2026-08-16T02:43:14.810057+00:00
appstore_284882215_14427743867,anthropic/claude-haiku-4.5,0,1.0,1,2026-08-16T02:43:15.118369+00:00
appstore_284882215_14427740159,anthropic/claude-haiku-4.5,0,1.0,1,2026-08-16T02:43:15.385143+00:00
appstore_284882215_14427708197,anthropic/claude-haiku-4.5,0,1.0,1,2026-08-16T02:43:15.412319+00:00
appstore_284882215_14427691427,anthropic/claude-haiku-4.5,0,2.0,2,2026-08-16T02:43:15.593347+00:00
appstore_284882215_14427633357,anthropic/claude-haiku-4.5,0,4.0,4,2026-08-16T02:43:16.012869+00:00
appstore_284882215_14427577893,anthropic/claude-haiku-4.5,0,2.0,2,2026-08-16T02:43:16.190531+00:00
appstore_284882215_14427540451,anthropic/claude-haiku-4.5,0,5.0,5,2026-08-16T02:43:16.261714+00:00
appstore_284882215_14427534705,anthropic/claude-haiku-4.5,0,4.0,4,2026-08-16T02:43:16.455253+00:00
appstore_284882215_14427477377,anthropic/claude-haiku-4.5,0,5.0,5,2026-08-16T02:43:16.869986+00:00
appstore_284882215_14427457942,anthropic/claude-haiku-4.5,0,2.0,2,2026-08-16T02:43:16.916385+00:00
appstore_284882215_14427437925,anthropic/claude-haiku-4.5,0,1.0,1,2026-08-16T02:43:17.050040+00:00
appstore_284882215_14427436540,anthropic/claude-haiku-4.5,0,2.0,2,2026-08-16T02:43:17.251722+00:00
appstore_284882215_14427423582,anthropic/claude-haiku-4.5,0,2.0,2,2026-08-16T02:43:17.688330+00:00
appstore_284882215_14427427936,anthropic/claude-haiku-4.5,0,1.0,1,2026-08-16T02:43:17.699077+00:00
appstore_284882215_14427346047,anthropic/claude-haiku-4.5,0,1.0,1,2026-08-16T02:43:18.030971+00:00
appstore_284882215_14427352667,anthropic/claude-haiku-4.5,0,4.0,4,2026-08-16T02:43:18.054641+00:00
appstore_284882215_14427312285,anthropic/claude-haiku-4.5,0,1.0,1,2026-08-16T02:43:18.508227+00:00
appstore_284882215_14427287481,anthropic/claude-haiku-4.5,0,1.0,1,2026-08-16T02:43:18.605212+00:00
appstore_284882215_14427241404,anthropic/claude-haiku-4.5,0,4.0,4,2026-08-16T02:43:18.742537+00:00
appstore_284882215_14427243110,anthropic/claude-haiku-4.5,0,2.0,2,2026-08-16T02:43:19.188148+00:00
appstore_284882215_14427229827,anthropic/claude-haiku-4.5,0,4.0,4,2026-08-16T02:43:19.221759+00:00
appstore_284882215_14427227713,anthropic/claude-haiku-4.5,0,1.0,1,2026-08-16T02:43:19.663804+00:00
appstore_284882215_14427213612,anthropic/claude-haiku-4.5,0,5.0,5,2026-08-16T02:43:19.952706+00:00
appstore_284882215_14427222801,anthropic/claude-haiku-4.5,0,2.0,2,2026-08-16T02:43:20.011770+00:00
appstore_284882215_14427231941,anthropic/claude-haiku-4.5,0,1.0,1,2026-08-16T02:43:20.356273+00:00
appstore_284882215_14427188298,anthropic/claude-haiku-4.5,0,1.0,1,2026-08-16T02:43:20.627333+00:00
appstore_284882215_14427143617,anthropic/claude-haiku-4.5,0,2.0,2,2026-08-16T02:43:20.632085+00:00
appstore_284882215_14427139966,anthropic/claude-haiku-4.5,0,4.0,4,2026-08-16T02:43:20.760746+00:00
appstore_284882215_14427108595,anthropic/claude-haiku-4.5,0,5.0,5,2026-08-16T02:43:21.289996+00:00
appstore_284882215_14427107338,anthropic/claude-haiku-4.5,0,1.0,1,2026-08-16T02:43:21.471996+00:00
appstore_284882215_14427041258,anthropic/claude-haiku-4.5,0,5.0,5,2026-08-16T02:43:21.588654+00:00
appstore_284882215_14427079385,anthropic/claude-haiku-4.5,0,2.0,2,2026-08-16T02:43:21.591882+00:00
appstore_284882215_14426984170,anthropic/claude-haiku-4.5,0,3.0,3,2026-08-16T02:43:22.101311+00:00
appstore_284882215_14426936020,anthropic/claude-haiku-4.5,0,1.0,1,2026-08-16T02:43:22.121423+00:00
appstore_284882215_14426932799,anthropic/claude-haiku-4.5,0,2.0,2,2026-08-16T02:43:22.364366+00:00
appstore_284882215_14426909890,anthropic/claude-haiku-4.5,0,1.0,1,2026-08-16T02:43:22.917500+00:00
appstore_284882215_14426894657,anthropic/claude-haiku-4.5,0,1.0,1,2026-08-16T02:43:23.065090+00:00
appstore_284882215_14426917484,anthropic/claude-haiku-4.5,0,5.0,5,2026-08-16T02:43:23.101832+00:00
appstore_284882215_14426880560,anthropic/claude-haiku-4.5,0,5.0,5,2026-08-16T02:43:23.659895+00:00
appstore_284882215_14426873424,anthropic/claude-haiku-4.5,0,2.0,2,2026-08-16T02:43:23.875191+00:00
appstore_284882215_14426870441,anthropic/claude-haiku-4.5,0,5.0,5,2026-08-16T02:43:23.902954+00:00
appstore_284882215_14426892962,anthropic/claude-haiku-4.5,0,5.0,5,2026-08-16T02:43:24.247975+00:00
appstore_284882215_14426857755,anthropic/claude-haiku-4.5,0,1.0,1,2026-08-16T02:43:24.538961+00:00
appstore_284882215_14426841582,anthropic/claude-haiku-4.5,0,5.0,5,2026-08-16T02:43:24.671164+00:00
appstore_284882215_14426827690,anthropic/claude-haiku-4.5,0,1.0,1,2026-08-16T02:43:24.795443+00:00
appstore_284882215_14426803737,anthropic/claude-haiku-4.5,0,1.0,1,2026-08-16T02:43:25.074940+00:00
appstore_284882215_14426765076,anthropic/claude-haiku-4.5,0,1.0,1,2026-08-16T02:43:25.398046+00:00
appstore_284882215_14426758117,anthropic/claude-haiku-4.5,0,5.0,5,2026-08-16T02:43:25.504996+00:00
appstore_284882215_14426756178,anthropic/claude-haiku-4.5,0,5.0,5,2026-08-16T02:43:25.596792+00:00
appstore_284882215_14426749547,anthropic/claude-haiku-4.5,0,1.0,1,2026-08-16T02:43:25.940556+00:00
appstore_284882215_14426737578,anthropic/claude-haiku-4.5,0,2.0,2,2026-08-16T02:43:26.054748+00:00
appstore_284882215_14426710654,anthropic/claude-haiku-4.5,0,1.0,1,2026-08-16T02:43:26.271187+00:00
appstore_284882215_14426686542,anthropic/claude-haiku-4.5,0,3.0,3,2026-08-16T02:43:26.402086+00:00
appstore_284882215_14426646234,anthropic/claude-haiku-4.5,0,5.0,5,2026-08-16T02:43:26.758219+00:00
appstore_284882215_14426645910,anthropic/claude-haiku-4.5,0,1.0,1,2026-08-16T02:43:26.838390+00:00
appstore_284882215_14426593408,anthropic/claude-haiku-4.5,0,1.0,1,2026-08-16T02:43:27.063556+00:00
appstore_284882215_14426534557,anthropic/claude-haiku-4.5,0,5.0,5,2026-08-16T02:43:27.241990+00:00
appstore_284882215_14426532908,anthropic/claude-haiku-4.5,0,3.0,3,2026-08-16T02:43:27.563061+00:00
appstore_284882215_14426530720,anthropic/claude-haiku-4.5,0,1.0,1,2026-08-16T02:43:27.621550+00:00
appstore_284882215_14426519878,anthropic/claude-haiku-4.5,0,1.0,1,2026-08-16T02:43:27.861066+00:00
appstore_284882215_14426512070,anthropic/claude-haiku-4.5,0,5.0,5,2026-08-16T02:43:28.130106+00:00
appstore_284882215_14426476021,anthropic/claude-haiku-4.5,0,1.0,1,2026-08-16T02:43:28.354846+00:00
appstore_284882215_14426466886,anthropic/claude-haiku-4.5,0,2.0,2,2026-08-16T02:43:28.662500+00:00
appstore_284882215_14426469405,anthropic/claude-haiku-4.5,0,1.0,1,2026-08-16T02:43:28.695698+00:00
appstore_284882215_14426465630,anthropic/claude-haiku-4.5,0,1.0,1,2026-08-16T02:43:28.948514+00:00
appstore_284882215_14426427494,anthropic/claude-haiku-4.5,0,1.0,1,2026-08-16T02:43:29.103587+00:00
appstore_284882215_14426373669,anthropic/claude-haiku-4.5,0,1.0,1,2026-08-16T02:43:29.497578+00:00
appstore_284882215_14426421728,anthropic/claude-haiku-4.5,0,5.0,5,2026-08-16T02:43:29.605891+00:00
appstore_284882215_14426353652,anthropic/claude-haiku-4.5,0,1.0,1,2026-08-16T02:43:29.798151+00:00
appstore_284882215_14426336833,anthropic/claude-haiku-4.5,0,1.0,1,2026-08-16T02:43:29.996097+00:00
appstore_284882215_14426274092,anthropic/claude-haiku-4.5,0,5.0,5,2026-08-16T02:43:30.425372+00:00
appstore_284882215_14426266935,anthropic/claude-haiku-4.5,0,1.0,1,2026-08-16T02:43:30.587400+00:00
appstore_284882215_14426177240,anthropic/claude-haiku-4.5,0,1.0,1,2026-08-16T02:43:30.790490+00:00
appstore_284882215_14426078119,anthropic/claude-haiku-4.5,0,4.0,4,2026-08-16T02:43:31.179862+00:00
appstore_284882215_14426326736,anthropic/claude-haiku-4.5,0,5.0,5,2026-08-16T02:43:31.296667+00:00
appstore_284882215_14426001203,anthropic/claude-haiku-4.5,0,1.0,1,2026-08-16T02:43:31.347239+00:00
appstore_284882215_14425787025,anthropic/claude-haiku-4.5,0,1.0,1,2026-08-16T02:43:31.499764+00:00
appstore_284882215_14425785313,anthropic/claude-haiku-4.5,0,1.0,1,2026-08-16T02:43:31.972566+00:00
appstore_284882215_14425761989,anthropic/claude-haiku-4.5,0,4.0,4,2026-08-16T02:43:32.093094+00:00
appstore_284882215_14425750212,anthropic/claude-haiku-4.5,0,1.0,1,2026-08-16T02:43:32.159042+00:00
appstore_284882215_14425712811,anthropic/claude-haiku-4.5,0,1.0,1,2026-08-16T02:43:32.298436+00:00
appstore_284882215_14425696042,anthropic/claude-haiku-4.5,0,1.0,1,2026-08-16T02:43:32.674291+00:00
appstore_284882215_14425666132,anthropic/claude-haiku-4.5,0,1.0,1,2026-08-16T02:43:33.028497+00:00
appstore_284882215_14425532475,anthropic/claude-haiku-4.5,0,1.0,1,2026-08-16T02:43:33.061988+00:00
appstore_284882215_14425489939,anthropic/claude-haiku-4.5,0,1.0,1,2026-08-16T02:43:33.082692+00:00
appstore_284882215_14425483082,anthropic/claude-haiku-4.5,0,2.0,2,2026-08-16T02:43:33.706048+00:00
appstore_284882215_14425408273,anthropic/claude-haiku-4.5,0,3.0,3,2026-08-16T02:43:33.820928+00:00
appstore_284882215_14425358120,anthropic/claude-haiku-4.5,0,1.0,1,2026-08-16T02:43:33.852905+00:00
appstore_284882215_14425403739,anthropic/claude-haiku-4.5,0,2.0,2,2026-08-16T02:43:33.854732+00:00
appstore_284882215_14425337615,anthropic/claude-haiku-4.5,0,3.0,3,2026-08-16T02:43:34.631643+00:00
appstore_284882215_14425326582,anthropic/claude-haiku-4.5,0,2.0,2,2026-08-16T02:43:34.676795+00:00
appstore_284882215_14425300622,anthropic/claude-haiku-4.5,0,4.0,4,2026-08-16T02:43:34.714132+00:00
appstore_284882215_14425355158,anthropic/claude-haiku-4.5,0,5.0,5,2026-08-16T02:43:34.808249+00:00
appstore_284882215_14425283240,anthropic/claude-haiku-4.5,0,4.0,4,2026-08-16T02:43:35.408225+00:00
appstore_284882215_14425252732,anthropic/claude-haiku-4.5,0,4.0,4,2026-08-16T02:43:35.480661+00:00
appstore_284882215_14425278373,anthropic/claude-haiku-4.5,0,5.0,5,2026-08-16T02:43:35.523875+00:00
appstore_284882215_14425239722,anthropic/claude-haiku-4.5,0,3.0,3,2026-08-16T02:43:35.662642+00:00
appstore_284882215_14425238116,anthropic/claude-haiku-4.5,0,5.0,5,2026-08-16T02:43:36.213318+00:00
appstore_284882215_14425204038,anthropic/claude-haiku-4.5,0,1.0,1,2026-08-16T02:43:36.434523+00:00
appstore_284882215_14425186765,anthropic/claude-haiku-4.5,0,5.0,5,2026-08-16T02:43:36.439608+00:00
appstore_284882215_14425212774,anthropic/claude-haiku-4.5,0,1.0,1,2026-08-16T02:43:36.477960+00:00
appstore_284882215_14425175881,anthropic/claude-haiku-4.5,0,1.0,1,2026-08-16T02:43:37.056649+00:00
appstore_284882215_14425159796,anthropic/claude-haiku-4.5,0,1.0,1,2026-08-16T02:43:37.109048+00:00
appstore_284882215_14425075368,anthropic/claude-haiku-4.5,0,1.0,1,2026-08-16T02:43:37.272701+00:00
appstore_284882215_14425062485,anthropic/claude-haiku-4.5,0,1.0,1,2026-08-16T02:43:37.296334+00:00
appstore_284882215_14425022365,anthropic/claude-haiku-4.5,0,1.0,1,2026-08-16T02:43:37.906717+00:00
appstore_284882215_14424966681,anthropic/claude-haiku-4.5,0,2.0,2,2026-08-16T02:43:38.000340+00:00
appstore_284882215_14424951603,anthropic/claude-haiku-4.5,0,5.0,5,2026-08-16T02:43:38.227208+00:00
appstore_284882215_14424908291,anthropic/claude-haiku-4.5,0,5.0,5,2026-08-16T02:43:38.719958+00:00
appstore_284882215_14425056547,anthropic/claude-haiku-4.5,0,1.0,1,2026-08-16T02:43:38.819782+00:00
appstore_284882215_14424861576,anthropic/claude-haiku-4.5,0,2.0,2,2026-08-16T02:43:38.904837+00:00
appstore_284882215_14424848138,anthropic/claude-haiku-4.5,0,2.0,2,2026-08-16T02:43:39.044056+00:00
appstore_284882215_14424830387,anthropic/claude-haiku-4.5,0,2.0,2,2026-08-16T02:43:39.477009+00:00
appstore_284882215_14424787190,anthropic/claude-haiku-4.5,0,1.0,1,2026-08-16T02:43:39.673116+00:00
appstore_284882215_14424780261,anthropic/claude-haiku-4.5,0,2.0,2,2026-08-16T02:43:39.678098+00:00
appstore_284882215_14424775623,anthropic/claude-haiku-4.5,0,5.0,5,2026-08-16T02:43:39.681097+00:00
appstore_284882215_14424772449,anthropic/claude-haiku-4.5,0,1.0,1,2026-08-16T02:43:40.195038+00:00
appstore_284882215_14424759903,anthropic/claude-haiku-4.5,0,2.0,2,2026-08-16T02:43:40.420785+00:00
appstore_284882215_14424710417,anthropic/claude-haiku-4.5,0,5.0,5,2026-08-16T02:43:40.448645+00:00
appstore_284882215_14424731353,anthropic/claude-haiku-4.5,0,5.0,5,2026-08-16T02:43:40.660943+00:00
appstore_284882215_14424697352,anthropic/claude-haiku-4.5,0,2.0,2,2026-08-16T02:43:41.228287+00:00
appstore_284882215_14424708403,anthropic/claude-haiku-4.5,0,5.0,5,2026-08-16T02:43:41.261940+00:00
appstore_284882215_14424701783,anthropic/claude-haiku-4.5,0,1.0,1,2026-08-16T02:43:41.281555+00:00
appstore_284882215_14424687531,anthropic/claude-haiku-4.5,0,5.0,5,2026-08-16T02:43:41.406291+00:00
appstore_284882215_14424662503,anthropic/claude-haiku-4.5,0,4.0,4,2026-08-16T02:43:41.916491+00:00
appstore_284882215_14424683464,anthropic/claude-haiku-4.5,0,1.0,1,2026-08-16T02:43:42.069987+00:00
appstore_284882215_14424623417,anthropic/claude-haiku-4.5,0,1.0,1,2026-08-16T02:43:42.131332+00:00
appstore_284882215_14424614660,anthropic/claude-haiku-4.5,0,2.0,2,2026-08-16T02:43:42.169315+00:00
appstore_284882215_14424594595,anthropic/claude-haiku-4.5,0,5.0,5,2026-08-16T02:43:42.785973+00:00
appstore_284882215_14424590946,anthropic/claude-haiku-4.5,0,3.0,3,2026-08-16T02:43:42.821158+00:00
appstore_284882215_14424568626,anthropic/claude-haiku-4.5,0,2.0,2,2026-08-16T02:43:42.897309+00:00
appstore_284882215_14424494136,anthropic/claude-haiku-4.5,0,5.0,5,2026-08-16T02:43:42.982482+00:00
appstore_284882215_14424439544,anthropic/claude-haiku-4.5,0,1.0,1,2026-08-16T02:43:43.630858+00:00
appstore_284882215_14424492332,anthropic/claude-haiku-4.5,0,5.0,5,2026-08-16T02:43:43.663487+00:00
appstore_284882215_14424418708,anthropic/claude-haiku-4.5,0,1.0,1,2026-08-16T02:43:43.769821+00:00
appstore_284882215_14424431337,anthropic/claude-haiku-4.5,0,3.0,3,2026-08-16T02:43:44.315895+00:00
appstore_284882215_14424405546,anthropic/claude-haiku-4.5,0,5.0,5,2026-08-16T02:43:44.406615+00:00
appstore_284882215_14424389307,anthropic/claude-haiku-4.5,0,1.0,1,2026-08-16T02:43:44.433889+00:00
appstore_284882215_14424377765,anthropic/claude-haiku-4.5,0,1.0,1,2026-08-16T02:43:44.448876+00:00
appstore_284882215_14424362947,anthropic/claude-haiku-4.5,0,5.0,5,2026-08-16T02:43:45.007799+00:00
appstore_284882215_14424292238,anthropic/claude-haiku-4.5,0,5.0,5,2026-08-16T02:43:45.134300+00:00
appstore_284882215_14424341505,anthropic/claude-haiku-4.5,0,5.0,5,2026-08-16T02:43:45.168074+00:00
appstore_284882215_14424330368,anthropic/claude-haiku-4.5,0,1.0,1,2026-08-16T02:43:45.277675+00:00
appstore_284882215_14424260318,anthropic/claude-haiku-4.5,0,1.0,1,2026-08-16T02:43:45.775135+00:00
appstore_284882215_14424252818,anthropic/claude-haiku-4.5,0,5.0,5,2026-08-16T02:43:45.911029+00:00
appstore_284882215_14424238506,anthropic/claude-haiku-4.5,0,1.0,1,2026-08-16T02:43:46.048278+00:00
appstore_284882215_14424234151,anthropic/claude-haiku-4.5,0,1.0,1,2026-08-16T02:43:46.335213+00:00
appstore_284882215_14424199804,anthropic/claude-haiku-4.5,0,1.0,1,2026-08-16T02:43:46.549627+00:00
appstore_284882215_14424194111,anthropic/claude-haiku-4.5,0,4.0,4,2026-08-16T02:43:46.694201+00:00
appstore_284882215_14424159326,anthropic/claude-haiku-4.5,0,1.0,1,2026-08-16T02:43:46.719022+00:00
appstore_284882215_14424141384,anthropic/claude-haiku-4.5,0,1.0,1,2026-08-16T02:43:47.115505+00:00
appstore_284882215_14424129244,anthropic/claude-haiku-4.5,0,1.0,1,2026-08-16T02:43:47.323264+00:00
appstore_284882215_14424116742,anthropic/claude-haiku-4.5,0,1.0,1,2026-08-16T02:43:47.484641+00:00
appstore_284882215_14424045430,anthropic/claude-haiku-4.5,0,1.0,1,2026-08-16T02:43:47.513783+00:00
appstore_284882215_14424036837,anthropic/claude-haiku-4.5,0,3.0,3,2026-08-16T02:43:48.037952+00:00
appstore_284882215_14424028125,anthropic/claude-haiku-4.5,0,5.0,5,2026-08-16T02:43:48.118616+00:00
appstore_284882215_14424021510,anthropic/claude-haiku-4.5,0,1.0,1,2026-08-16T02:43:48.273065+00:00
appstore_284882215_14424015455,anthropic/claude-haiku-4.5,0,1.0,1,2026-08-16T02:43:48.330501+00:00
appstore_284882215_14423977460,anthropic/claude-haiku-4.5,0,1.0,1,2026-08-16T02:43:48.756110+00:00
appstore_284882215_14423966291,anthropic/claude-haiku-4.5,0,1.0,1,2026-08-16T02:43:49.068990+00:00
appstore_284882215_14423925958,anthropic/claude-haiku-4.5,0,1.0,1,2026-08-16T02:43:49.074631+00:00
appstore_284882215_14423917649,anthropic/claude-haiku-4.5,0,1.0,1,2026-08-16T02:43:49.088622+00:00
appstore_284882215_14423908159,anthropic/claude-haiku-4.5,0,1.0,1,2026-08-16T02:43:49.407514+00:00
appstore_284882215_14423814659,anthropic/claude-haiku-4.5,0,1.0,1,2026-08-16T02:43:49.889187+00:00
appstore_284882215_14423885380,anthropic/claude-haiku-4.5,0,1.0,1,2026-08-16T02:43:49.900660+00:00
appstore_284882215_14423806031,anthropic/claude-haiku-4.5,0,1.0,1,2026-08-16T02:43:50.260782+00:00
appstore_284882215_14423765115,anthropic/claude-haiku-4.5,0,1.0,1,2026-08-16T02:43:50.662414+00:00
appstore_284882215_14423740776,anthropic/claude-haiku-4.5,0,2.0,2,2026-08-16T02:43:50.690706+00:00
appstore_284882215_14423857681,anthropic/claude-haiku-4.5,0,1.0,1,2026-08-16T02:43:50.995587+00:00
appstore_284882215_14423683468,anthropic/claude-haiku-4.5,0,4.0,4,2026-08-16T02:43:51.265858+00:00
appstore_284882215_14423660868,anthropic/claude-haiku-4.5,0,1.0,1,2026-08-16T02:43:51.485560+00:00
appstore_284882215_14423703723,anthropic/claude-haiku-4.5,0,1.0,1,2026-08-16T02:43:51.691163+00:00
appstore_284882215_14423635431,anthropic/claude-haiku-4.5,0,1.0,1,2026-08-16T02:43:51.790052+00:00
appstore_284882215_14423633374,anthropic/claude-haiku-4.5,0,1.0,1,2026-08-16T02:43:52.003176+00:00
appstore_284882215_14423601327,anthropic/claude-haiku-4.5,0,5.0,5,2026-08-16T02:43:52.310554+00:00
appstore_284882215_14423588796,anthropic/claude-haiku-4.5,0,1.0,1,2026-08-16T02:43:52.632934+00:00
appstore_284882215_14423550151,anthropic/claude-haiku-4.5,0,1.0,1,2026-08-16T02:43:52.750623+00:00
appstore_284882215_14423526007,anthropic/claude-haiku-4.5,0,1.0,1,2026-08-16T02:43:52.784574+00:00
appstore_284882215_14423522282,anthropic/claude-haiku-4.5,0,1.0,1,2026-08-16T02:43:53.122784+00:00
appstore_284882215_14423472451,anthropic/claude-haiku-4.5,0,1.0,1,2026-08-16T02:43:53.488062+00:00
appstore_284882215_14423456237,anthropic/claude-haiku-4.5,0,5.0,5,2026-08-16T02:43:53.508215+00:00
appstore_284882215_14423440693,anthropic/claude-haiku-4.5,0,5.0,5,2026-08-16T02:43:53.535844+00:00
appstore_284882215_14423425790,anthropic/claude-haiku-4.5,0,2.0,2,2026-08-16T02:43:53.834613+00:00
appstore_284882215_14423418730,anthropic/claude-haiku-4.5,0,1.0,1,2026-08-16T02:43:54.357868+00:00
appstore_284882215_14423419062,anthropic/claude-haiku-4.5,0,4.0,4,2026-08-16T02:43:54.369754+00:00
appstore_284882215_14423380334,anthropic/claude-haiku-4.5,0,1.0,1,2026-08-16T02:43:54.572488+00:00
appstore_284882215_14423345741,anthropic/claude-haiku-4.5,0,2.0,2,2026-08-16T02:43:55.075527+00:00
appstore_284882215_14423355702,anthropic/claude-haiku-4.5,0,1.0,1,2026-08-16T02:43:55.162755+00:00
appstore_284882215_14423417773,anthropic/claude-haiku-4.5,0,4.0,4,2026-08-16T02:43:55.176931+00:00
appstore_284882215_14423310477,anthropic/claude-haiku-4.5,0,5.0,5,2026-08-16T02:43:55.429107+00:00
appstore_284882215_14423241579,anthropic/claude-haiku-4.5,0,1.0,1,2026-08-16T02:43:55.962396+00:00
appstore_284882215_14423278539,anthropic/claude-haiku-4.5,0,5.0,5,2026-08-16T02:43:56.098323+00:00
appstore_284882215_14423252427,anthropic/claude-haiku-4.5,0,1.0,1,2026-08-16T02:43:56.186472+00:00
appstore_284882215_14423234192,anthropic/claude-haiku-4.5,0,5.0,5,2026-08-16T02:43:56.370878+00:00
appstore_284882215_14423218420,anthropic/claude-haiku-4.5,0,5.0,5,2026-08-16T02:43:56.740254+00:00
appstore_284882215_14423215164,anthropic/claude-haiku-4.5,0,5.0,5,2026-08-16T02:43:56.814625+00:00
appstore_284882215_14423168376,anthropic/claude-haiku-4.5,0,1.0,1,2026-08-16T02:43:57.045742+00:00
appstore_284882215_14423161822,anthropic/claude-haiku-4.5,0,1.0,1,2026-08-16T02:43:57.251159+00:00
appstore_284882215_14423157132,anthropic/claude-haiku-4.5,0,2.0,2,2026-08-16T02:43:57.536429+00:00
appstore_284882215_14423155557,anthropic/claude-haiku-4.5,0,5.0,5,2026-08-16T02:43:57.619235+00:00
appstore_284882215_14423133502,anthropic/claude-haiku-4.5,0,1.0,1,2026-08-16T02:43:57.802846+00:00
appstore_284882215_14423121223,anthropic/claude-haiku-4.5,0,1.0,1,2026-08-16T02:43:58.171391+00:00
appstore_284882215_14423084394,anthropic/claude-haiku-4.5,0,2.0,2,2026-08-16T02:43:58.234907+00:00
appstore_284882215_14423081475,anthropic/claude-haiku-4.5,0,1.0,1,2026-08-16T02:43:58.551657+00:00
appstore_284882215_14423063264,anthropic/claude-haiku-4.5,0,2.0,2,2026-08-16T02:43:58.919457+00:00
appstore_284882215_14423057083,anthropic/claude-haiku-4.5,0,2.0,2,2026-08-16T02:43:59.163069+00:00
appstore_284882215_14423087621,anthropic/claude-haiku-4.5,0,2.0,2,2026-08-16T02:43:59.361815+00:00
appstore_284882215_14423014752,anthropic/claude-haiku-4.5,0,1.0,1,2026-08-16T02:43:59.886461+00:00
appstore_284882215_14423056746,anthropic/claude-haiku-4.5,0,2.0,2,2026-08-16T02:44:00.331761+00:00
appstore_284882215_14423013202,anthropic/claude-haiku-4.5,0,5.0,5,2026-08-16T02:44:00.711526+00:00
appstore_284882215_14423045712,anthropic/claude-haiku-4.5,0,4.0,4,2026-08-16T02:44:00.722103+00:00
appstore_284882215_14422976013,anthropic/claude-haiku-4.5,0,5.0,5,2026-08-16T02:44:01.307799+00:00
appstore_284882215_14423013349,anthropic/claude-haiku-4.5,0,5.0,5,2026-08-16T02:44:01.323260+00:00
appstore_284882215_14422914980,anthropic/claude-haiku-4.5,0,5.0,5,2026-08-16T02:44:01.516435+00:00
appstore_284882215_14422914883,anthropic/claude-haiku-4.5,0,1.0,1,2026-08-16T02:44:01.893008+00:00
appstore_284882215_14422856243,anthropic/claude-haiku-4.5,0,1.0,1,2026-08-16T02:44:02.242424+00:00
appstore_284882215_14422845022,anthropic/claude-haiku-4.5,0,2.0,2,2026-08-16T02:44:02.314639+00:00
appstore_284882215_14422799487,anthropic/claude-haiku-4.5,0,1.0,1,2026-08-16T02:44:02.992123+00:00
appstore_284882215_14422814734,anthropic/claude-haiku-4.5,0,3.0,3,2026-08-16T02:44:03.107156+00:00
appstore_284882215_14422880807,anthropic/claude-haiku-4.5,0,4.0,4,2026-08-16T02:44:03.145143+00:00
appstore_284882215_14422829123,anthropic/claude-haiku-4.5,0,2.0,2,2026-08-16T02:44:03.781939+00:00
appstore_284882215_14422743036,anthropic/claude-haiku-4.5,0,1.0,1,2026-08-16T02:44:03.800457+00:00
appstore_284882215_14422685575,anthropic/claude-haiku-4.5,0,5.0,5,2026-08-16T02:44:03.935417+00:00
appstore_284882215_14422771511,anthropic/claude-haiku-4.5,0,5.0,5,2026-08-16T02:44:04.157146+00:00
appstore_284882215_14422678669,anthropic/claude-haiku-4.5,0,5.0,5,2026-08-16T02:44:04.538139+00:00
appstore_284882215_14422677045,anthropic/claude-haiku-4.5,0,1.0,1,2026-08-16T02:44:04.672691+00:00
appstore_284882215_14422675971,anthropic/claude-haiku-4.5,0,1.0,1,2026-08-16T02:44:04.703764+00:00
appstore_284882215_14422638862,anthropic/claude-haiku-4.5,0,5.0,5,2026-08-16T02:44:04.951481+00:00
appstore_284882215_14422587765,anthropic/claude-haiku-4.5,0,4.0,4,2026-08-16T02:44:05.366830+00:00
appstore_284882215_14422591450,anthropic/claude-haiku-4.5,0,1.0,1,2026-08-16T02:44:05.433322+00:00
appstore_284882215_14422596472,anthropic/claude-haiku-4.5,0,4.0,4,2026-08-16T02:44:05.533556+00:00
appstore_835599320_14428819095,openai/gpt-oss-20b,0,4.0,4,2026-08-16T02:46:13.395467+00:00
appstore_835599320_14428760384,openai/gpt-oss-20b,0,1.0,1,2026-08-16T02:46:13.542012+00:00
appstore_835599320_14428765041,openai/gpt-oss-20b,0,4.0,4,2026-08-16T02:46:13.630483+00:00
appstore_835599320_14428810253,openai/gpt-oss-20b,0,5.0,5,2026-08-16T02:46:13.939628+00:00
appstore_835599320_14428739444,openai/gpt-oss-20b,0,4.0,4,2026-08-16T02:46:14.364533+00:00
appstore_835599320_14428723654,openai/gpt-oss-20b,0,5.0,5,2026-08-16T02:46:14.722242+00:00
appstore_835599320_14428646778,openai/gpt-oss-20b,0,5.0,5,2026-08-16T02:46:15.465322+00:00
appstore_835599320_14428744196,openai/gpt-oss-20b,0,5.0,5,2026-08-16T02:46:15.844849+00:00
appstore_835599320_14428629157,openai/gpt-oss-20b,0,1.0,1,2026-08-16T02:46:16.851205+00:00
appstore_835599320_14428619843,openai/gpt-oss-20b,0,1.0,1,2026-08-16T02:46:17.045442+00:00
appstore_835599320_14428594451,openai/gpt-oss-20b,0,5.0,5,2026-08-16T02:46:17.048140+00:00
appstore_835599320_14428700403,openai/gpt-oss-20b,0,3.0,3,2026-08-16T02:46:17.418411+00:00
appstore_835599320_14428553408,openai/gpt-oss-20b,0,1.0,1,2026-08-16T02:46:17.977897+00:00
appstore_835599320_14428571539,openai/gpt-oss-20b,0,3.0,3,2026-08-16T02:46:18.388270+00:00
appstore_835599320_14428514180,openai/gpt-oss-20b,0,1.0,1,2026-08-16T02:46:19.308040+00:00
appstore_835599320_14428564204,openai/gpt-oss-20b,0,5.0,5,2026-08-16T02:46:19.481571+00:00
appstore_835599320_14428511012,openai/gpt-oss-20b,0,5.0,5,2026-08-16T02:46:19.880862+00:00
appstore_835599320_14428686470,openai/gpt-oss-20b,0,5.0,5,2026-08-16T02:46:20.605878+00:00
appstore_835599320_14428438964,openai/gpt-oss-20b,0,1.0,1,2026-08-16T02:46:21.349980+00:00
appstore_835599320_14428449077,openai/gpt-oss-20b,0,3.0,3,2026-08-16T02:46:21.567430+00:00
appstore_835599320_14428412194,openai/gpt-oss-20b,0,4.0,4,2026-08-16T02:46:22.112270+00:00
appstore_835599320_14428351905,openai/gpt-oss-20b,0,1.0,1,2026-08-16T02:46:22.628887+00:00
appstore_835599320_14428341371,openai/gpt-oss-20b,0,3.0,3,2026-08-16T02:46:23.213921+00:00
appstore_835599320_14428517333,openai/gpt-oss-20b,0,5.0,5,2026-08-16T02:46:23.510046+00:00
appstore_835599320_14428244899,openai/gpt-oss-20b,0,5.0,5,2026-08-16T02:46:23.546839+00:00
appstore_835599320_14428237025,openai/gpt-oss-20b,0,1.0,1,2026-08-16T02:46:24.428602+00:00
appstore_835599320_14428356558,openai/gpt-oss-20b,0,2.0,2,2026-08-16T02:46:24.513934+00:00
appstore_835599320_14428236483,openai/gpt-oss-20b,0,1.0,1,2026-08-16T02:46:25.353912+00:00
appstore_835599320_14428171225,openai/gpt-oss-20b,0,4.0,4,2026-08-16T02:46:25.490402+00:00
appstore_835599320_14428197349,openai/gpt-oss-20b,0,1.0,1,2026-08-16T02:46:25.713762+00:00
appstore_835599320_14428089882,openai/gpt-oss-20b,0,1.0,1,2026-08-16T02:46:26.195605+00:00
appstore_835599320_14428374927,openai/gpt-oss-20b,0,1.0,1,2026-08-16T02:46:26.209191+00:00
appstore_835599320_14427956422,openai/gpt-oss-20b,0,1.0,1,2026-08-16T02:46:27.503563+00:00
appstore_835599320_14428076460,openai/gpt-oss-20b,0,3.0,3,2026-08-16T02:46:27.505985+00:00
appstore_835599320_14428055987,openai/gpt-oss-20b,0,3.0,3,2026-08-16T02:46:27.791123+00:00
appstore_835599320_14427946980,openai/gpt-oss-20b,0,1.0,1,2026-08-16T02:46:28.247681+00:00
appstore_835599320_14427843102,openai/gpt-oss-20b,0,1.0,1,2026-08-16T02:46:28.517942+00:00
appstore_835599320_14427854895,openai/gpt-oss-20b,0,1.0,1,2026-08-16T02:46:28.918438+00:00
appstore_835599320_14427952281,openai/gpt-oss-20b,0,1.0,1,2026-08-16T02:46:29.750306+00:00
appstore_835599320_14427750804,openai/gpt-oss-20b,0,1.0,1,2026-08-16T02:46:30.412310+00:00
appstore_835599320_14427823603,openai/gpt-oss-20b,0,2.0,2,2026-08-16T02:46:30.548259+00:00
appstore_835599320_14427759908,openai/gpt-oss-20b,0,1.0,1,2026-08-16T02:46:30.793605+00:00
appstore_835599320_14427744046,openai/gpt-oss-20b,0,1.0,1,2026-08-16T02:46:31.268843+00:00
appstore_835599320_14427599023,openai/gpt-oss-20b,0,4.0,4,2026-08-16T02:46:31.279013+00:00
appstore_835599320_14427688392,openai/gpt-oss-20b,0,1.0,1,2026-08-16T02:46:31.346732+00:00
appstore_835599320_14427442367,openai/gpt-oss-20b,0,1.0,1,2026-08-16T02:46:31.821473+00:00
appstore_835599320_14427373316,openai/gpt-oss-20b,0,5.0,5,2026-08-16T02:46:32.448056+00:00
appstore_835599320_14427310968,openai/gpt-oss-20b,0,3.0,3,2026-08-16T02:46:32.520151+00:00
appstore_835599320_14427430674,openai/gpt-oss-20b,0,1.0,1,2026-08-16T02:46:32.920298+00:00
appstore_835599320_14427135556,openai/gpt-oss-20b,0,1.0,1,2026-08-16T02:46:33.147386+00:00
appstore_835599320_14427299765,openai/gpt-oss-20b,0,5.0,5,2026-08-16T02:46:33.330543+00:00
appstore_835599320_14426853328,openai/gpt-oss-20b,0,1.0,1,2026-08-16T02:46:33.694306+00:00
appstore_835599320_14426920889,openai/gpt-oss-20b,0,1.0,1,2026-08-16T02:46:33.777977+00:00
appstore_835599320_14426749546,openai/gpt-oss-20b,0,1.0,1,2026-08-16T02:46:34.424518+00:00
appstore_835599320_14426784062,openai/gpt-oss-20b,0,5.0,5,2026-08-16T02:46:34.900562+00:00
appstore_835599320_14427039669,openai/gpt-oss-20b,0,1.0,1,2026-08-16T02:46:35.081453+00:00
appstore_835599320_14427042880,openai/gpt-oss-20b,0,2.0,2,2026-08-16T02:46:35.432002+00:00
appstore_835599320_14426516911,openai/gpt-oss-20b,0,1.0,1,2026-08-16T02:46:35.801266+00:00
appstore_835599320_14426595494,openai/gpt-oss-20b,0,1.0,1,2026-08-16T02:46:35.917276+00:00
appstore_835599320_14426524724,openai/gpt-oss-20b,0,2.0,2,2026-08-16T02:46:36.337571+00:00
appstore_835599320_14426691551,openai/gpt-oss-20b,0,2.0,2,2026-08-16T02:46:36.603557+00:00
appstore_835599320_14426359554,openai/gpt-oss-20b,0,1.0,1,2026-08-16T02:46:37.128426+00:00
appstore_835599320_14426288395,openai/gpt-oss-20b,0,2.0,2,2026-08-16T02:46:37.281153+00:00
appstore_835599320_14426229267,openai/gpt-oss-20b,0,1.0,1,2026-08-16T02:46:37.506254+00:00
appstore_835599320_14426201968,openai/gpt-oss-20b,0,5.0,5,2026-08-16T02:46:37.537782+00:00
appstore_835599320_14426268353,openai/gpt-oss-20b,0,1.0,1,2026-08-16T02:46:37.594388+00:00
appstore_835599320_14426070358,openai/gpt-oss-20b,0,1.0,1,2026-08-16T02:46:38.801821+00:00
appstore_835599320_14426131465,openai/gpt-oss-20b,0,1.0,1,2026-08-16T02:46:40.081623+00:00
appstore_835599320_14425823475,openai/gpt-oss-20b,0,1.0,1,2026-08-16T02:46:40.148603+00:00
appstore_835599320_14425825228,openai/gpt-oss-20b,0,3.0,3,2026-08-16T02:46:40.373457+00:00
appstore_835599320_14425781642,openai/gpt-oss-20b,0,1.0,1,2026-08-16T02:46:40.951346+00:00
appstore_835599320_14425753190,openai/gpt-oss-20b,0,4.0,4,2026-08-16T02:46:40.953991+00:00
appstore_835599320_14425711947,openai/gpt-oss-20b,0,1.0,1,2026-08-16T02:46:41.220505+00:00
appstore_835599320_14425609339,openai/gpt-oss-20b,0,1.0,1,2026-08-16T02:46:41.406664+00:00
appstore_835599320_14425626926,openai/gpt-oss-20b,0,1.0,1,2026-08-16T02:46:41.735752+00:00
appstore_835599320_14425510800,openai/gpt-oss-20b,0,2.0,2,2026-08-16T02:46:42.118791+00:00
appstore_835599320_14425588479,openai/gpt-oss-20b,0,1.0,1,2026-08-16T02:46:42.263430+00:00
appstore_835599320_14425575325,openai/gpt-oss-20b,0,1.0,1,2026-08-16T02:46:42.345404+00:00
appstore_835599320_14425509750,openai/gpt-oss-20b,0,5.0,5,2026-08-16T02:46:42.818359+00:00
appstore_835599320_14425465104,openai/gpt-oss-20b,0,5.0,5,2026-08-16T02:46:42.971938+00:00
appstore_835599320_14425397014,openai/gpt-oss-20b,0,5.0,5,2026-08-16T02:46:43.759328+00:00
appstore_835599320_14425864961,openai/gpt-oss-20b,0,1.0,1,2026-08-16T02:46:43.935957+00:00
appstore_835599320_14425418666,openai/gpt-oss-20b,0,4.0,4,2026-08-16T02:46:43.962345+00:00
appstore_835599320_14425355178,openai/gpt-oss-20b,0,1.0,1,2026-08-16T02:46:44.704936+00:00
appstore_835599320_14425343863,openai/gpt-oss-20b,0,1.0,1,2026-08-16T02:46:44.849576+00:00
appstore_835599320_14425359945,openai/gpt-oss-20b,0,1.0,1,2026-08-16T02:46:45.382661+00:00
appstore_835599320_14425255827,openai/gpt-oss-20b,0,2.0,2,2026-08-16T02:46:45.624299+00:00
appstore_835599320_14425461325,openai/gpt-oss-20b,0,5.0,5,2026-08-16T02:46:45.677174+00:00
appstore_835599320_14425241436,openai/gpt-oss-20b,0,1.0,1,2026-08-16T02:46:45.947361+00:00
appstore_835599320_14425236429,openai/gpt-oss-20b,0,2.0,2,2026-08-16T02:46:47.391980+00:00
appstore_835599320_14425190973,openai/gpt-oss-20b,0,4.0,4,2026-08-16T02:46:47.532011+00:00
appstore_835599320_14425185918,openai/gpt-oss-20b,0,4.0,4,2026-08-16T02:46:47.744581+00:00
appstore_835599320_14425233620,openai/gpt-oss-20b,0,2.0,2,2026-08-16T02:46:48.148327+00:00
appstore_835599320_14425110794,openai/gpt-oss-20b,0,2.0,2,2026-08-16T02:46:48.424074+00:00
appstore_835599320_14425119595,openai/gpt-oss-20b,0,5.0,5,2026-08-16T02:46:48.556015+00:00
appstore_835599320_14425143997,openai/gpt-oss-20b,0,1.0,1,2026-08-16T02:46:49.189778+00:00
appstore_835599320_14425090768,openai/gpt-oss-20b,0,1.0,1,2026-08-16T02:46:49.534287+00:00
appstore_835599320_14425088431,openai/gpt-oss-20b,0,1.0,1,2026-08-16T02:46:49.736191+00:00
appstore_835599320_14425215600,openai/gpt-oss-20b,0,1.0,1,2026-08-16T02:46:50.169414+00:00
appstore_835599320_14425074031,openai/gpt-oss-20b,0,5.0,5,2026-08-16T02:46:50.655591+00:00
appstore_835599320_14425076450,openai/gpt-oss-20b,0,2.0,2,2026-08-16T02:46:50.771700+00:00
appstore_835599320_14425070967,openai/gpt-oss-20b,0,5.0,5,2026-08-16T02:46:51.229495+00:00
appstore_835599320_14425048133,openai/gpt-oss-20b,0,4.0,4,2026-08-16T02:46:51.654054+00:00
appstore_835599320_14424896709,openai/gpt-oss-20b,0,5.0,5,2026-08-16T02:46:52.287001+00:00
appstore_835599320_14424873583,openai/gpt-oss-20b,0,1.0,1,2026-08-16T02:46:53.092558+00:00
appstore_835599320_14424837099,openai/gpt-oss-20b,0,4.0,4,2026-08-16T02:46:53.853339+00:00
appstore_835599320_14424783041,openai/gpt-oss-20b,0,5.0,5,2026-08-16T02:46:53.982441+00:00
appstore_835599320_14424885040,openai/gpt-oss-20b,0,1.0,1,2026-08-16T02:46:54.565389+00:00
appstore_835599320_14425075207,openai/gpt-oss-20b,0,1.0,1,2026-08-16T02:46:54.717254+00:00
appstore_835599320_14424724139,openai/gpt-oss-20b,0,4.0,4,2026-08-16T02:46:55.049290+00:00
appstore_835599320_14424713228,openai/gpt-oss-20b,0,1.0,1,2026-08-16T02:46:56.040194+00:00
appstore_835599320_14424668096,openai/gpt-oss-20b,0,1.0,1,2026-08-16T02:46:56.238604+00:00
appstore_835599320_14424670827,openai/gpt-oss-20b,0,2.0,2,2026-08-16T02:46:56.374888+00:00
appstore_835599320_14424714637,openai/gpt-oss-20b,0,2.0,2,2026-08-16T02:46:56.452034+00:00
appstore_835599320_14424705101,openai/gpt-oss-20b,0,1.0,1,2026-08-16T02:46:56.496740+00:00
appstore_835599320_14424628502,openai/gpt-oss-20b,0,1.0,1,2026-08-16T02:46:56.985755+00:00
appstore_835599320_14424660911,openai/gpt-oss-20b,0,1.0,1,2026-08-16T02:46:57.022560+00:00
appstore_835599320_14424499985,openai/gpt-oss-20b,0,4.0,4,2026-08-16T02:46:57.312852+00:00
appstore_835599320_14424477481,openai/gpt-oss-20b,0,5.0,5,2026-08-16T02:46:58.005256+00:00
appstore_835599320_14424423682,openai/gpt-oss-20b,0,1.0,1,2026-08-16T02:46:58.109668+00:00
appstore_835599320_14424426839,openai/gpt-oss-20b,0,1.0,1,2026-08-16T02:46:59.028942+00:00
appstore_835599320_14424462025,openai/gpt-oss-20b,0,3.0,3,2026-08-16T02:46:59.145722+00:00
appstore_835599320_14424336545,openai/gpt-oss-20b,0,1.0,1,2026-08-16T02:46:59.334963+00:00
appstore_835599320_14424417041,openai/gpt-oss-20b,0,5.0,5,2026-08-16T02:46:59.500354+00:00
appstore_835599320_14424255248,openai/gpt-oss-20b,0,2.0,2,2026-08-16T02:47:00.679875+00:00
appstore_835599320_14424301407,openai/gpt-oss-20b,0,1.0,1,2026-08-16T02:47:00.803108+00:00
appstore_835599320_14424246562,openai/gpt-oss-20b,0,1.0,1,2026-08-16T02:47:00.988624+00:00
appstore_835599320_14424115363,openai/gpt-oss-20b,0,1.0,1,2026-08-16T02:47:01.594669+00:00
appstore_835599320_14424073346,openai/gpt-oss-20b,0,1.0,1,2026-08-16T02:47:02.950260+00:00
appstore_835599320_14424265133,openai/gpt-oss-20b,0,3.0,3,2026-08-16T02:47:03.263759+00:00
appstore_835599320_14424066342,openai/gpt-oss-20b,0,1.0,1,2026-08-16T02:47:03.266347+00:00
appstore_835599320_14424055385,openai/gpt-oss-20b,0,4.0,4,2026-08-16T02:47:04.636353+00:00
appstore_835599320_14424041218,openai/gpt-oss-20b,0,1.0,1,2026-08-16T02:47:04.866089+00:00
appstore_835599320_14424110210,openai/gpt-oss-20b,0,5.0,5,2026-08-16T02:47:05.370607+00:00
appstore_835599320_14424137144,openai/gpt-oss-20b,0,4.0,4,2026-08-16T02:47:05.432111+00:00
appstore_835599320_14423978517,openai/gpt-oss-20b,0,4.0,4,2026-08-16T02:47:06.010163+00:00
appstore_835599320_14423899578,openai/gpt-oss-20b,0,5.0,5,2026-08-16T02:47:06.296908+00:00
appstore_835599320_14423927558,openai/gpt-oss-20b,0,1.0,1,2026-08-16T02:47:06.569082+00:00
appstore_835599320_14423865744,openai/gpt-oss-20b,0,1.0,1,2026-08-16T02:47:07.347911+00:00
appstore_835599320_14423869603,openai/gpt-oss-20b,0,1.0,1,2026-08-16T02:47:07.420166+00:00
appstore_835599320_14423734403,openai/gpt-oss-20b,0,5.0,5,2026-08-16T02:47:08.350067+00:00
appstore_835599320_14423861158,openai/gpt-oss-20b,0,1.0,1,2026-08-16T02:47:08.354171+00:00
appstore_835599320_14423815178,openai/gpt-oss-20b,0,1.0,1,2026-08-16T02:47:08.622864+00:00
appstore_835599320_14423684339,openai/gpt-oss-20b,0,1.0,1,2026-08-16T02:47:08.832940+00:00
appstore_835599320_14423668591,openai/gpt-oss-20b,0,5.0,5,2026-08-16T02:47:09.109976+00:00
appstore_835599320_14423726911,openai/gpt-oss-20b,0,1.0,1,2026-08-16T02:47:09.288757+00:00
appstore_835599320_14423559474,openai/gpt-oss-20b,0,5.0,5,2026-08-16T02:47:10.113394+00:00
appstore_835599320_14423580837,openai/gpt-oss-20b,0,4.0,4,2026-08-16T02:47:10.290102+00:00
appstore_835599320_14423504404,openai/gpt-oss-20b,0,5.0,5,2026-08-16T02:47:10.518550+00:00
appstore_835599320_14423956060,openai/gpt-oss-20b,0,2.0,2,2026-08-16T02:47:10.591983+00:00
appstore_835599320_14423337079,openai/gpt-oss-20b,0,5.0,5,2026-08-16T02:47:10.963263+00:00
appstore_835599320_14423249687,openai/gpt-oss-20b,0,1.0,1,2026-08-16T02:47:10.972620+00:00
appstore_835599320_14423074485,openai/gpt-oss-20b,0,1.0,1,2026-08-16T02:47:11.276474+00:00
appstore_835599320_14423676209,openai/gpt-oss-20b,0,2.0,2,2026-08-16T02:47:11.496539+00:00
appstore_835599320_14423189646,openai/gpt-oss-20b,0,1.0,1,2026-08-16T02:47:11.841649+00:00
appstore_835599320_14422927247,openai/gpt-oss-20b,0,4.0,4,2026-08-16T02:47:12.282932+00:00
appstore_835599320_14423331010,openai/gpt-oss-20b,0,4.0,4,2026-08-16T02:47:12.288252+00:00
appstore_835599320_14422962173,openai/gpt-oss-20b,0,3.0,3,2026-08-16T02:47:12.889262+00:00
appstore_835599320_14422713991,openai/gpt-oss-20b,0,1.0,1,2026-08-16T02:47:13.066424+00:00
appstore_835599320_14422803127,openai/gpt-oss-20b,0,1.0,1,2026-08-16T02:47:13.162740+00:00
appstore_835599320_14422921009,openai/gpt-oss-20b,0,1.0,1,2026-08-16T02:47:13.486076+00:00
appstore_835599320_14422612416,openai/gpt-oss-20b,0,4.0,4,2026-08-16T02:47:14.153465+00:00
appstore_835599320_14422492914,openai/gpt-oss-20b,0,2.0,2,2026-08-16T02:47:14.501324+00:00
appstore_835599320_14422506310,openai/gpt-oss-20b,0,1.0,1,2026-08-16T02:47:14.694152+00:00
appstore_835599320_14422526387,openai/gpt-oss-20b,0,1.0,1,2026-08-16T02:47:14.704373+00:00
appstore_835599320_14422365944,openai/gpt-oss-20b,0,5.0,5,2026-08-16T02:47:15.043572+00:00
appstore_835599320_14422219017,openai/gpt-oss-20b,0,5.0,5,2026-08-16T02:47:16.202917+00:00
appstore_835599320_14422279375,openai/gpt-oss-20b,0,1.0,1,2026-08-16T02:47:16.496145+00:00
appstore_835599320_14422149520,openai/gpt-oss-20b,0,1.0,1,2026-08-16T02:47:16.676392+00:00
appstore_835599320_14422081415,openai/gpt-oss-20b,0,4.0,4,2026-08-16T02:47:16.776901+00:00
appstore_835599320_14422302036,openai/gpt-oss-20b,0,2.0,2,2026-08-16T02:47:17.092129+00:00
appstore_835599320_14421835901,openai/gpt-oss-20b,0,5.0,5,2026-08-16T02:47:17.847398+00:00
appstore_835599320_14422141773,openai/gpt-oss-20b,0,3.0,3,2026-08-16T02:47:17.940551+00:00
appstore_835599320_14421841695,openai/gpt-oss-20b,0,1.0,1,2026-08-16T02:47:18.290477+00:00
appstore_835599320_14421790290,openai/gpt-oss-20b,0,3.0,3,2026-08-16T02:47:18.410192+00:00
appstore_835599320_14421601859,openai/gpt-oss-20b,0,1.0,1,2026-08-16T02:47:18.849476+00:00
appstore_835599320_14421601206,openai/gpt-oss-20b,0,1.0,1,2026-08-16T02:47:19.485923+00:00
appstore_835599320_14421652191,openai/gpt-oss-20b,0,2.0,2,2026-08-16T02:47:19.765020+00:00
appstore_835599320_14421482014,openai/gpt-oss-20b,0,1.0,1,2026-08-16T02:47:19.820418+00:00
appstore_835599320_14421399995,openai/gpt-oss-20b,0,1.0,1,2026-08-16T02:47:20.236517+00:00
appstore_835599320_14421382125,openai/gpt-oss-20b,0,2.0,2,2026-08-16T02:47:21.251636+00:00
appstore_835599320_14421383900,openai/gpt-oss-20b,0,1.0,1,2026-08-16T02:47:21.456520+00:00
appstore_835599320_14421311082,openai/gpt-oss-20b,0,5.0,5,2026-08-16T02:47:21.719113+00:00
appstore_835599320_14421270657,openai/gpt-oss-20b,0,1.0,1,2026-08-16T02:47:22.693240+00:00
appstore_835599320_14421289461,openai/gpt-oss-20b,0,1.0,1,2026-08-16T02:47:22.925603+00:00
appstore_835599320_14421217190,openai/gpt-oss-20b,0,5.0,5,2026-08-16T02:47:23.853135+00:00
appstore_835599320_14421263552,openai/gpt-oss-20b,0,1.0,1,2026-08-16T02:47:23.946976+00:00
appstore_835599320_14421225884,openai/gpt-oss-20b,0,3.0,3,2026-08-16T02:47:24.501268+00:00
appstore_835599320_14421202898,openai/gpt-oss-20b,0,1.0,1,2026-08-16T02:47:24.625884+00:00
appstore_835599320_14421124846,openai/gpt-oss-20b,0,1.0,1,2026-08-16T02:47:24.864293+00:00
appstore_835599320_14421554714,openai/gpt-oss-20b,0,1.0,1,2026-08-16T02:47:24.966837+00:00
appstore_835599320_14421112045,openai/gpt-oss-20b,0,5.0,5,2026-08-16T02:47:25.286877+00:00
appstore_835599320_14421105426,openai/gpt-oss-20b,0,1.0,1,2026-08-16T02:47:25.486256+00:00
appstore_835599320_14421010180,openai/gpt-oss-20b,0,1.0,1,2026-08-16T02:47:26.143896+00:00
appstore_835599320_14421047904,openai/gpt-oss-20b,0,4.0,4,2026-08-16T02:47:26.462650+00:00
appstore_835599320_14421017445,openai/gpt-oss-20b,0,1.0,1,2026-08-16T02:47:26.485746+00:00
appstore_835599320_14421040710,openai/gpt-oss-20b,0,1.0,1,2026-08-16T02:47:26.640345+00:00
appstore_835599320_14420932538,openai/gpt-oss-20b,0,1.0,1,2026-08-16T02:47:27.053692+00:00
appstore_835599320_14420914725,openai/gpt-oss-20b,0,1.0,1,2026-08-16T02:47:27.095674+00:00
appstore_835599320_14420958576,openai/gpt-oss-20b,0,5.0,5,2026-08-16T02:47:27.697854+00:00
appstore_835599320_14420896448,openai/gpt-oss-20b,0,2.0,2,2026-08-16T02:47:28.054015+00:00
appstore_835599320_14420880461,openai/gpt-oss-20b,0,3.0,3,2026-08-16T02:47:28.178257+00:00
appstore_835599320_14420882224,openai/gpt-oss-20b,0,2.0,2,2026-08-16T02:47:28.412459+00:00
appstore_835599320_14420884194,openai/gpt-oss-20b,0,1.0,1,2026-08-16T02:47:28.437581+00:00
appstore_835599320_14420841153,openai/gpt-oss-20b,0,1.0,1,2026-08-16T02:47:28.928168+00:00
appstore_835599320_14420750046,openai/gpt-oss-20b,0,1.0,1,2026-08-16T02:47:29.048969+00:00
appstore_835599320_14420649357,openai/gpt-oss-20b,0,1.0,1,2026-08-16T02:47:29.252658+00:00
appstore_835599320_14420691497,openai/gpt-oss-20b,0,5.0,5,2026-08-16T02:47:29.953281+00:00
appstore_835599320_14420620609,openai/gpt-oss-20b,0,1.0,1,2026-08-16T02:47:30.313280+00:00
appstore_835599320_14420697889,openai/gpt-oss-20b,0,1.0,1,2026-08-16T02:47:31.048427+00:00
appstore_835599320_14420541644,openai/gpt-oss-20b,0,1.0,1,2026-08-16T02:47:31.738874+00:00
appstore_835599320_14420566934,openai/gpt-oss-20b,0,1.0,1,2026-08-16T02:47:31.896380+00:00
appstore_835599320_14420800108,openai/gpt-oss-20b,0,2.0,2,2026-08-16T02:47:32.224309+00:00
appstore_835599320_14420610187,openai/gpt-oss-20b,0,1.0,1,2026-08-16T02:47:32.228118+00:00
appstore_835599320_14420533330,openai/gpt-oss-20b,0,4.0,4,2026-08-16T02:47:32.480185+00:00
appstore_835599320_14420475555,openai/gpt-oss-20b,0,5.0,5,2026-08-16T02:47:32.962232+00:00
appstore_835599320_14420458498,openai/gpt-oss-20b,0,4.0,4,2026-08-16T02:47:33.142811+00:00
appstore_835599320_14420482131,openai/gpt-oss-20b,0,1.0,1,2026-08-16T02:47:33.392133+00:00
appstore_835599320_14420439313,openai/gpt-oss-20b,0,5.0,5,2026-08-16T02:47:33.945682+00:00
appstore_835599320_14420457785,openai/gpt-oss-20b,0,5.0,5,2026-08-16T02:47:34.049872+00:00
appstore_835599320_14420455029,openai/gpt-oss-20b,0,1.0,1,2026-08-16T02:47:34.136438+00:00
appstore_835599320_14420384156,openai/gpt-oss-20b,0,1.0,1,2026-08-16T02:47:34.503879+00:00
appstore_835599320_14420363729,openai/gpt-oss-20b,0,3.0,3,2026-08-16T02:47:35.687755+00:00
appstore_835599320_14420333816,openai/gpt-oss-20b,0,1.0,1,2026-08-16T02:47:35.806530+00:00
appstore_835599320_14420271820,openai/gpt-oss-20b,0,4.0,4,2026-08-16T02:47:35.962363+00:00
appstore_835599320_14420159427,openai/gpt-oss-20b,0,5.0,5,2026-08-16T02:47:36.624021+00:00
appstore_835599320_14420140692,openai/gpt-oss-20b,0,1.0,1,2026-08-16T02:47:36.818221+00:00
appstore_835599320_14420202745,openai/gpt-oss-20b,0,1.0,1,2026-08-16T02:47:36.950225+00:00
appstore_835599320_14420109552,openai/gpt-oss-20b,0,1.0,1,2026-08-16T02:47:37.750111+00:00
appstore_835599320_14420114856,openai/gpt-oss-20b,0,1.0,1,2026-08-16T02:47:37.904153+00:00
appstore_835599320_14420021596,openai/gpt-oss-20b,0,1.0,1,2026-08-16T02:47:38.155789+00:00
appstore_835599320_14420072866,openai/gpt-oss-20b,0,1.0,1,2026-08-16T02:47:38.501276+00:00
appstore_835599320_14419991510,openai/gpt-oss-20b,0,2.0,2,2026-08-16T02:47:38.523134+00:00
appstore_835599320_14420049416,openai/gpt-oss-20b,0,1.0,1,2026-08-16T02:47:38.863778+00:00
appstore_835599320_14419969293,openai/gpt-oss-20b,0,1.0,1,2026-08-16T02:47:39.285994+00:00
appstore_835599320_14419944782,openai/gpt-oss-20b,0,5.0,5,2026-08-16T02:47:39.923601+00:00
appstore_835599320_14420381152,openai/gpt-oss-20b,0,1.0,1,2026-08-16T02:47:40.191323+00:00
appstore_835599320_14419924321,openai/gpt-oss-20b,0,1.0,1,2026-08-16T02:47:40.353622+00:00
appstore_835599320_14419932398,openai/gpt-oss-20b,0,1.0,1,2026-08-16T02:47:40.435743+00:00
appstore_835599320_14419869794,openai/gpt-oss-20b,0,1.0,1,2026-08-16T02:47:41.278120+00:00
appstore_835599320_14419800887,openai/gpt-oss-20b,0,1.0,1,2026-08-16T02:47:42.241989+00:00
appstore_835599320_14419871522,openai/gpt-oss-20b,0,1.0,1,2026-08-16T02:47:42.333272+00:00
appstore_835599320_14419772472,openai/gpt-oss-20b,0,1.0,1,2026-08-16T02:47:43.880257+00:00
appstore_835599320_14419900675,openai/gpt-oss-20b,0,1.0,1,2026-08-16T02:47:43.985078+00:00
appstore_835599320_14419751232,openai/gpt-oss-20b,0,3.0,3,2026-08-16T02:47:44.621552+00:00
appstore_835599320_14419747573,openai/gpt-oss-20b,0,1.0,1,2026-08-16T02:47:44.812761+00:00
appstore_835599320_14419743970,openai/gpt-oss-20b,0,1.0,1,2026-08-16T02:47:45.206938+00:00
appstore_835599320_14419737568,openai/gpt-oss-20b,0,5.0,5,2026-08-16T02:47:45.789002+00:00
appstore_835599320_14419856386,openai/gpt-oss-20b,0,4.0,4,2026-08-16T02:47:45.836735+00:00
appstore_835599320_14419732196,openai/gpt-oss-20b,0,1.0,1,2026-08-16T02:47:46.070785+00:00
appstore_835599320_14419687564,openai/gpt-oss-20b,0,3.0,3,2026-08-16T02:47:46.994697+00:00
appstore_835599320_14419667565,openai/gpt-oss-20b,0,1.0,1,2026-08-16T02:47:47.252632+00:00
appstore_835599320_14419685031,openai/gpt-oss-20b,0,1.0,1,2026-08-16T02:47:47.899827+00:00
appstore_835599320_14419664869,openai/gpt-oss-20b,0,5.0,5,2026-08-16T02:47:48.032336+00:00
appstore_835599320_14419721669,openai/gpt-oss-20b,0,4.0,4,2026-08-16T02:47:48.193068+00:00
appstore_835599320_14419633686,openai/gpt-oss-20b,0,1.0,1,2026-08-16T02:47:48.793797+00:00
appstore_835599320_14419650084,openai/gpt-oss-20b,0,4.0,4,2026-08-16T02:47:49.017172+00:00
appstore_835599320_14419574151,openai/gpt-oss-20b,0,1.0,1,2026-08-16T02:47:49.078449+00:00
appstore_835599320_14419551408,openai/gpt-oss-20b,0,1.0,1,2026-08-16T02:47:49.695644+00:00
appstore_835599320_14419648864,openai/gpt-oss-20b,0,4.0,4,2026-08-16T02:47:50.316035+00:00
appstore_835599320_14419573591,openai/gpt-oss-20b,0,5.0,5,2026-08-16T02:47:50.734420+00:00
appstore_835599320_14419528612,openai/gpt-oss-20b,0,1.0,1,2026-08-16T02:47:50.788930+00:00
appstore_835599320_14419499758,openai/gpt-oss-20b,0,1.0,1,2026-08-16T02:47:51.169730+00:00
appstore_835599320_14419467237,openai/gpt-oss-20b,0,1.0,1,2026-08-16T02:47:51.433095+00:00
appstore_835599320_14419437559,openai/gpt-oss-20b,0,5.0,5,2026-08-16T02:47:52.381001+00:00
appstore_835599320_14419458506,openai/gpt-oss-20b,0,2.0,2,2026-08-16T02:47:52.488718+00:00
appstore_835599320_14419439371,openai/gpt-oss-20b,0,3.0,3,2026-08-16T02:47:53.044783+00:00
appstore_835599320_14419271983,openai/gpt-oss-20b,0,3.0,3,2026-08-16T02:47:53.428029+00:00
appstore_835599320_14419297186,openai/gpt-oss-20b,0,2.0,2,2026-08-16T02:47:53.826286+00:00
appstore_835599320_14419341379,openai/gpt-oss-20b,0,1.0,1,2026-08-16T02:47:54.004684+00:00
appstore_835599320_14419025628,openai/gpt-oss-20b,0,1.0,1,2026-08-16T02:47:54.761718+00:00
appstore_835599320_14419025859,openai/gpt-oss-20b,0,4.0,4,2026-08-16T02:47:54.773004+00:00
appstore_835599320_14419118612,openai/gpt-oss-20b,0,1.0,1,2026-08-16T02:47:54.887864+00:00
appstore_835599320_14419245908,openai/gpt-oss-20b,0,4.0,4,2026-08-16T02:47:56.078382+00:00
appstore_835599320_14418862781,openai/gpt-oss-20b,0,1.0,1,2026-08-16T02:47:56.452835+00:00
appstore_835599320_14418998683,openai/gpt-oss-20b,0,4.0,4,2026-08-16T02:47:56.535253+00:00
appstore_835599320_14418896955,openai/gpt-oss-20b,0,2.0,2,2026-08-16T02:47:56.640408+00:00
appstore_835599320_14418738452,openai/gpt-oss-20b,0,1.0,1,2026-08-16T02:47:56.940399+00:00
appstore_835599320_14418544529,openai/gpt-oss-20b,0,4.0,4,2026-08-16T02:47:57.132041+00:00
appstore_835599320_14418730632,openai/gpt-oss-20b,0,1.0,1,2026-08-16T02:47:57.197271+00:00
appstore_835599320_14418519528,openai/gpt-oss-20b,0,1.0,1,2026-08-16T02:47:57.717625+00:00
appstore_835599320_14418491190,openai/gpt-oss-20b,0,1.0,1,2026-08-16T02:47:58.025089+00:00
appstore_835599320_14418482050,openai/gpt-oss-20b,0,1.0,1,2026-08-16T02:47:58.140413+00:00
appstore_835599320_14418557201,openai/gpt-oss-20b,0,1.0,1,2026-08-16T02:47:58.211431+00:00
appstore_835599320_14417762147,openai/gpt-oss-20b,0,1.0,1,2026-08-16T02:47:59.135214+00:00
appstore_835599320_14417859649,openai/gpt-oss-20b,0,5.0,5,2026-08-16T02:47:59.246135+00:00
appstore_835599320_14418162100,openai/gpt-oss-20b,0,1.0,1,2026-08-16T02:47:59.699831+00:00
appstore_835599320_14417740628,openai/gpt-oss-20b,0,1.0,1,2026-08-16T02:48:01.109730+00:00
appstore_835599320_14418392882,openai/gpt-oss-20b,0,2.0,2,2026-08-16T02:48:01.299864+00:00
appstore_835599320_14417711071,openai/gpt-oss-20b,0,2.0,2,2026-08-16T02:48:01.378180+00:00
appstore_835599320_14417723558,openai/gpt-oss-20b,0,2.0,2,2026-08-16T02:48:01.386714+00:00
appstore_835599320_14417691449,openai/gpt-oss-20b,0,4.0,4,2026-08-16T02:48:02.135148+00:00
appstore_835599320_14417660986,openai/gpt-oss-20b,0,4.0,4,2026-08-16T02:48:02.280357+00:00
appstore_835599320_14417550565,openai/gpt-oss-20b,0,1.0,1,2026-08-16T02:48:02.549275+00:00
appstore_835599320_14417503820,openai/gpt-oss-20b,0,1.0,1,2026-08-16T02:48:03.221961+00:00
appstore_835599320_14417480058,openai/gpt-oss-20b,0,1.0,1,2026-08-16T02:48:03.363968+00:00
appstore_835599320_14417684171,openai/gpt-oss-20b,0,2.0,2,2026-08-16T02:48:03.596005+00:00
appstore_585027354_14428833015,openai/gpt-oss-20b,0,2.0,2,2026-08-16T02:48:03.932057+00:00
appstore_835599320_14417440948,openai/gpt-oss-20b,0,1.0,1,2026-08-16T02:48:04.062339+00:00
appstore_835599320_14417510769,openai/gpt-oss-20b,0,4.0,4,2026-08-16T02:48:04.261763+00:00
appstore_835599320_14417433483,openai/gpt-oss-20b,0,5.0,5,2026-08-16T02:48:04.769075+00:00
appstore_585027354_14428689579,openai/gpt-oss-20b,0,5.0,5,2026-08-16T02:48:05.343970+00:00
appstore_585027354_14428408914,openai/gpt-oss-20b,0,1.0,1,2026-08-16T02:48:06.038233+00:00
appstore_585027354_14428596464,openai/gpt-oss-20b,0,2.0,2,2026-08-16T02:48:06.627190+00:00
appstore_585027354_14428641457,openai/gpt-oss-20b,0,3.0,3,2026-08-16T02:48:06.631858+00:00
appstore_585027354_14428361942,openai/gpt-oss-20b,0,5.0,5,2026-08-16T02:48:06.952556+00:00
appstore_585027354_14428453575,openai/gpt-oss-20b,0,3.0,3,2026-08-16T02:48:07.393189+00:00
appstore_585027354_14428366660,openai/gpt-oss-20b,0,5.0,5,2026-08-16T02:48:07.525269+00:00
appstore_585027354_14428296472,openai/gpt-oss-20b,0,1.0,1,2026-08-16T02:48:08.263608+00:00
appstore_585027354_14428273347,openai/gpt-oss-20b,0,1.0,1,2026-08-16T02:48:08.435747+00:00
appstore_585027354_14428022000,openai/gpt-oss-20b,0,1.0,1,2026-08-16T02:48:09.205544+00:00
appstore_585027354_14428191470,openai/gpt-oss-20b,0,4.0,4,2026-08-16T02:48:09.340199+00:00
appstore_585027354_14427691172,openai/gpt-oss-20b,0,1.0,1,2026-08-16T02:48:09.641203+00:00
appstore_585027354_14426259590,openai/gpt-oss-20b,0,1.0,1,2026-08-16T02:48:09.929783+00:00
appstore_585027354_14427327680,openai/gpt-oss-20b,0,1.0,1,2026-08-16T02:48:10.085708+00:00
appstore_585027354_14427866888,openai/gpt-oss-20b,0,2.0,2,2026-08-16T02:48:10.364702+00:00
appstore_585027354_14426067084,openai/gpt-oss-20b,0,1.0,1,2026-08-16T02:48:10.444686+00:00
appstore_585027354_14425206743,openai/gpt-oss-20b,0,1.0,1,2026-08-16T02:48:10.470547+00:00
appstore_585027354_14426891681,openai/gpt-oss-20b,0,4.0,4,2026-08-16T02:48:10.906960+00:00
appstore_585027354_14424910929,openai/gpt-oss-20b,0,1.0,1,2026-08-16T02:48:12.156432+00:00
appstore_585027354_14424807185,openai/gpt-oss-20b,0,1.0,1,2026-08-16T02:48:12.328430+00:00
appstore_585027354_14424340877,openai/gpt-oss-20b,0,5.0,5,2026-08-16T02:48:12.869152+00:00
appstore_585027354_14425062580,openai/gpt-oss-20b,0,5.0,5,2026-08-16T02:48:12.910703+00:00
appstore_585027354_14424948927,openai/gpt-oss-20b,0,2.0,2,2026-08-16T02:48:13.306250+00:00
appstore_585027354_14424332252,openai/gpt-oss-20b,0,2.0,2,2026-08-16T02:48:14.048409+00:00
appstore_585027354_14424211835,openai/gpt-oss-20b,0,1.0,1,2026-08-16T02:48:14.435550+00:00
appstore_585027354_14424234899,openai/gpt-oss-20b,0,3.0,3,2026-08-16T02:48:14.571487+00:00
appstore_585027354_14424143402,openai/gpt-oss-20b,0,4.0,4,2026-08-16T02:48:15.138497+00:00
appstore_585027354_14424105030,openai/gpt-oss-20b,0,1.0,1,2026-08-16T02:48:15.848381+00:00
appstore_585027354_14423760643,openai/gpt-oss-20b,0,5.0,5,2026-08-16T02:48:15.912546+00:00
appstore_585027354_14423940380,openai/gpt-oss-20b,0,1.0,1,2026-08-16T02:48:16.112089+00:00
appstore_585027354_14423360316,openai/gpt-oss-20b,0,5.0,5,2026-08-16T02:48:16.250224+00:00
appstore_585027354_14424138502,openai/gpt-oss-20b,0,1.0,1,2026-08-16T02:48:16.565266+00:00
appstore_585027354_14423250040,openai/gpt-oss-20b,0,5.0,5,2026-08-16T02:48:16.956589+00:00
appstore_585027354_14423143964,openai/gpt-oss-20b,0,5.0,5,2026-08-16T02:48:17.475073+00:00
appstore_585027354_14422698193,openai/gpt-oss-20b,0,5.0,5,2026-08-16T02:48:18.039951+00:00
appstore_585027354_14423134891,openai/gpt-oss-20b,0,1.0,1,2026-08-16T02:48:18.186125+00:00
appstore_585027354_14422714592,openai/gpt-oss-20b,0,5.0,5,2026-08-16T02:48:18.190476+00:00
appstore_585027354_14421198547,openai/gpt-oss-20b,0,5.0,5,2026-08-16T02:48:18.748603+00:00
appstore_585027354_14423631384,openai/gpt-oss-20b,0,5.0,5,2026-08-16T02:48:18.882817+00:00
appstore_585027354_14421142569,openai/gpt-oss-20b,0,1.0,1,2026-08-16T02:48:18.931783+00:00
appstore_585027354_14421472470,openai/gpt-oss-20b,0,1.0,1,2026-08-16T02:48:19.206438+00:00
appstore_585027354_14421163326,openai/gpt-oss-20b,0,5.0,5,2026-08-16T02:48:19.519695+00:00
appstore_585027354_14421090841,openai/gpt-oss-20b,0,1.0,1,2026-08-16T02:48:19.961595+00:00
appstore_585027354_14420812260,openai/gpt-oss-20b,0,5.0,5,2026-08-16T02:48:20.161779+00:00
appstore_585027354_14420692095,openai/gpt-oss-20b,0,5.0,5,2026-08-16T02:48:20.322028+00:00
appstore_585027354_14419895850,openai/gpt-oss-20b,0,5.0,5,2026-08-16T02:48:20.966096+00:00
appstore_585027354_14420184963,openai/gpt-oss-20b,0,1.0,1,2026-08-16T02:48:21.042801+00:00
appstore_585027354_14419828497,openai/gpt-oss-20b,0,5.0,5,2026-08-16T02:48:21.087547+00:00
appstore_585027354_14419558958,openai/gpt-oss-20b,0,5.0,5,2026-08-16T02:48:21.206485+00:00
appstore_585027354_14419722589,openai/gpt-oss-20b,0,5.0,5,2026-08-16T02:48:21.747990+00:00
appstore_585027354_14419335739,openai/gpt-oss-20b,0,5.0,5,2026-08-16T02:48:22.076182+00:00
appstore_585027354_14419370318,openai/gpt-oss-20b,0,5.0,5,2026-08-16T02:48:22.461981+00:00
appstore_585027354_14419161386,openai/gpt-oss-20b,0,1.0,1,2026-08-16T02:48:23.293757+00:00
appstore_585027354_14419232344,openai/gpt-oss-20b,0,2.0,2,2026-08-16T02:48:23.490983+00:00
appstore_585027354_14419239181,openai/gpt-oss-20b,0,3.0,3,2026-08-16T02:48:23.850664+00:00
appstore_585027354_14421131098,openai/gpt-oss-20b,0,2.0,2,2026-08-16T02:48:23.905537+00:00
appstore_585027354_14419149197,openai/gpt-oss-20b,0,5.0,5,2026-08-16T02:48:23.944113+00:00
appstore_585027354_14419128261,openai/gpt-oss-20b,0,4.0,4,2026-08-16T02:48:24.190788+00:00
appstore_585027354_14418886368,openai/gpt-oss-20b,0,1.0,1,2026-08-16T02:48:24.790125+00:00
appstore_585027354_14418678018,openai/gpt-oss-20b,0,1.0,1,2026-08-16T02:48:24.881797+00:00
appstore_585027354_14418556875,openai/gpt-oss-20b,0,1.0,1,2026-08-16T02:48:25.062187+00:00
appstore_585027354_14418829956,openai/gpt-oss-20b,0,2.0,2,2026-08-16T02:48:26.155616+00:00
appstore_585027354_14418230266,openai/gpt-oss-20b,0,5.0,5,2026-08-16T02:48:26.387397+00:00
appstore_585027354_14417211242,openai/gpt-oss-20b,0,3.0,3,2026-08-16T02:48:26.428945+00:00
appstore_585027354_14416888008,openai/gpt-oss-20b,0,3.0,3,2026-08-16T02:48:27.090794+00:00
appstore_585027354_14416223053,openai/gpt-oss-20b,0,5.0,5,2026-08-16T02:48:27.093697+00:00
appstore_585027354_14418376836,openai/gpt-oss-20b,0,3.0,3,2026-08-16T02:48:27.628921+00:00
appstore_585027354_14416385800,openai/gpt-oss-20b,0,1.0,1,2026-08-16T02:48:28.029176+00:00
appstore_585027354_14416214488,openai/gpt-oss-20b,0,4.0,4,2026-08-16T02:48:28.032403+00:00
appstore_585027354_14416120338,openai/gpt-oss-20b,0,1.0,1,2026-08-16T02:48:28.363141+00:00
appstore_585027354_14416160147,openai/gpt-oss-20b,0,5.0,5,2026-08-16T02:48:28.841900+00:00
appstore_585027354_14415519492,openai/gpt-oss-20b,0,5.0,5,2026-08-16T02:48:29.303047+00:00
appstore_585027354_14416083123,openai/gpt-oss-20b,0,5.0,5,2026-08-16T02:48:29.507633+00:00
appstore_585027354_14415345765,openai/gpt-oss-20b,0,5.0,5,2026-08-16T02:48:30.074906+00:00
appstore_585027354_14415245116,openai/gpt-oss-20b,0,5.0,5,2026-08-16T02:48:30.227345+00:00
appstore_585027354_14415690581,openai/gpt-oss-20b,0,5.0,5,2026-08-16T02:48:30.231844+00:00
appstore_585027354_14414687854,openai/gpt-oss-20b,0,1.0,1,2026-08-16T02:48:30.615889+00:00
appstore_585027354_14414661974,openai/gpt-oss-20b,0,3.0,3,2026-08-16T02:48:30.791034+00:00
appstore_585027354_14414296513,openai/gpt-oss-20b,0,2.0,2,2026-08-16T02:48:30.854682+00:00
appstore_585027354_14414479510,openai/gpt-oss-20b,0,5.0,5,2026-08-16T02:48:31.092431+00:00
appstore_585027354_14414874036,openai/gpt-oss-20b,0,1.0,1,2026-08-16T02:48:31.186171+00:00
appstore_585027354_14413800912,openai/gpt-oss-20b,0,1.0,1,2026-08-16T02:48:31.872092+00:00
appstore_585027354_14413577188,openai/gpt-oss-20b,0,1.0,1,2026-08-16T02:48:32.290207+00:00
appstore_585027354_14414169755,openai/gpt-oss-20b,0,1.0,1,2026-08-16T02:48:32.475464+00:00
appstore_585027354_14413451551,openai/gpt-oss-20b,0,1.0,1,2026-08-16T02:48:32.562447+00:00
appstore_585027354_14413012178,openai/gpt-oss-20b,0,5.0,5,2026-08-16T02:48:32.981761+00:00
appstore_585027354_14412407625,openai/gpt-oss-20b,0,5.0,5,2026-08-16T02:48:33.086461+00:00
appstore_585027354_14411925996,openai/gpt-oss-20b,0,1.0,1,2026-08-16T02:48:33.098721+00:00
appstore_585027354_14411771958,openai/gpt-oss-20b,0,5.0,5,2026-08-16T02:48:33.903119+00:00
appstore_585027354_14412316481,openai/gpt-oss-20b,0,1.0,1,2026-08-16T02:48:34.131706+00:00
appstore_585027354_14411904662,openai/gpt-oss-20b,0,1.0,1,2026-08-16T02:48:34.173522+00:00
appstore_585027354_14411762340,openai/gpt-oss-20b,0,1.0,1,2026-08-16T02:48:34.695112+00:00
appstore_585027354_14411571901,openai/gpt-oss-20b,0,5.0,5,2026-08-16T02:48:34.933668+00:00
appstore_585027354_14411277885,openai/gpt-oss-20b,0,1.0,1,2026-08-16T02:48:35.398939+00:00
appstore_585027354_14411048229,openai/gpt-oss-20b,0,5.0,5,2026-08-16T02:48:35.757782+00:00
appstore_585027354_14411258267,openai/gpt-oss-20b,0,1.0,1,2026-08-16T02:48:36.134971+00:00
appstore_585027354_14411903886,openai/gpt-oss-20b,0,5.0,5,2026-08-16T02:48:36.322750+00:00
appstore_585027354_14411012450,openai/gpt-oss-20b,0,1.0,1,2026-08-16T02:48:36.681022+00:00
appstore_585027354_14410739861,openai/gpt-oss-20b,0,5.0,5,2026-08-16T02:48:36.968888+00:00
appstore_585027354_14411046806,openai/gpt-oss-20b,0,1.0,1,2026-08-16T02:48:37.154482+00:00
appstore_585027354_14410566775,openai/gpt-oss-20b,0,3.0,3,2026-08-16T02:48:37.247501+00:00
appstore_585027354_14410304123,openai/gpt-oss-20b,0,1.0,1,2026-08-16T02:48:37.650029+00:00
appstore_585027354_14410373832,openai/gpt-oss-20b,0,5.0,5,2026-08-16T02:48:38.045478+00:00
appstore_585027354_14408742528,openai/gpt-oss-20b,0,1.0,1,2026-08-16T02:48:38.234156+00:00
appstore_585027354_14409101618,openai/gpt-oss-20b,0,5.0,5,2026-08-16T02:48:38.314955+00:00
appstore_585027354_14410068565,openai/gpt-oss-20b,0,1.0,1,2026-08-16T02:48:38.512306+00:00
appstore_585027354_14410219451,openai/gpt-oss-20b,0,5.0,5,2026-08-16T02:48:38.604919+00:00
appstore_585027354_14408384137,openai/gpt-oss-20b,0,5.0,5,2026-08-16T02:48:39.081584+00:00
appstore_585027354_14408550281,openai/gpt-oss-20b,0,2.0,2,2026-08-16T02:48:39.346568+00:00
appstore_585027354_14408234909,openai/gpt-oss-20b,0,1.0,1,2026-08-16T02:48:39.400734+00:00
appstore_585027354_14408130336,openai/gpt-oss-20b,0,1.0,1,2026-08-16T02:48:39.718902+00:00
appstore_585027354_14408061035,openai/gpt-oss-20b,0,4.0,4,2026-08-16T02:48:40.082960+00:00
appstore_585027354_14408263413,openai/gpt-oss-20b,0,3.0,3,2026-08-16T02:48:40.223744+00:00
appstore_585027354_14408339052,openai/gpt-oss-20b,0,1.0,1,2026-08-16T02:48:40.324937+00:00
appstore_585027354_14407724020,openai/gpt-oss-20b,0,5.0,5,2026-08-16T02:48:40.847752+00:00
appstore_585027354_14407136325,openai/gpt-oss-20b,0,1.0,1,2026-08-16T02:48:41.734325+00:00
appstore_585027354_14408086321,openai/gpt-oss-20b,0,2.0,2,2026-08-16T02:48:41.887150+00:00
appstore_585027354_14407252453,openai/gpt-oss-20b,0,1.0,1,2026-08-16T02:48:41.939102+00:00
appstore_585027354_14406513006,openai/gpt-oss-20b,0,5.0,5,2026-08-16T02:48:42.572107+00:00
appstore_585027354_14407690933,openai/gpt-oss-20b,0,1.0,1,2026-08-16T02:48:43.315120+00:00
appstore_585027354_14406760375,openai/gpt-oss-20b,0,1.0,1,2026-08-16T02:48:43.676225+00:00
appstore_585027354_14406509677,openai/gpt-oss-20b,0,1.0,1,2026-08-16T02:48:43.802073+00:00
appstore_585027354_14405786151,openai/gpt-oss-20b,0,3.0,3,2026-08-16T02:48:43.923379+00:00
appstore_585027354_14406229446,openai/gpt-oss-20b,0,1.0,1,2026-08-16T02:48:44.160960+00:00
appstore_585027354_14404669448,openai/gpt-oss-20b,0,2.0,2,2026-08-16T02:48:44.793653+00:00
appstore_585027354_14404648893,openai/gpt-oss-20b,0,5.0,5,2026-08-16T02:48:44.938888+00:00
appstore_585027354_14405925245,openai/gpt-oss-20b,0,1.0,1,2026-08-16T02:48:45.048400+00:00
appstore_585027354_14404545603,openai/gpt-oss-20b,0,5.0,5,2026-08-16T02:48:45.333740+00:00
appstore_585027354_14404610654,openai/gpt-oss-20b,0,5.0,5,2026-08-16T02:48:45.428161+00:00
appstore_585027354_14404367586,openai/gpt-oss-20b,0,5.0,5,2026-08-16T02:48:45.934259+00:00
appstore_585027354_14404396151,openai/gpt-oss-20b,0,5.0,5,2026-08-16T02:48:46.220222+00:00
appstore_585027354_14403792095,openai/gpt-oss-20b,0,5.0,5,2026-08-16T02:48:46.227067+00:00
appstore_585027354_14403464518,openai/gpt-oss-20b,0,5.0,5,2026-08-16T02:48:46.750443+00:00
appstore_585027354_14403471197,openai/gpt-oss-20b,0,1.0,1,2026-08-16T02:48:46.874433+00:00
appstore_585027354_14404297608,openai/gpt-oss-20b,0,5.0,5,2026-08-16T02:48:46.983850+00:00
appstore_585027354_14403746809,openai/gpt-oss-20b,0,5.0,5,2026-08-16T02:48:47.039673+00:00
appstore_585027354_14402044426,openai/gpt-oss-20b,0,5.0,5,2026-08-16T02:48:48.197009+00:00
appstore_585027354_14402573207,openai/gpt-oss-20b,0,1.0,1,2026-08-16T02:48:48.209682+00:00
appstore_585027354_14401339961,openai/gpt-oss-20b,0,5.0,5,2026-08-16T02:48:48.264261+00:00
appstore_585027354_14402557431,openai/gpt-oss-20b,0,3.0,3,2026-08-16T02:48:49.152133+00:00
appstore_585027354_14400753234,openai/gpt-oss-20b,0,5.0,5,2026-08-16T02:48:50.032268+00:00
appstore_585027354_14401101540,openai/gpt-oss-20b,0,1.0,1,2026-08-16T02:48:50.143958+00:00
appstore_585027354_14401161394,openai/gpt-oss-20b,0,2.0,2,2026-08-16T02:48:50.430122+00:00
appstore_585027354_14400621433,openai/gpt-oss-20b,0,5.0,5,2026-08-16T02:48:50.974477+00:00
appstore_585027354_14400635936,openai/gpt-oss-20b,0,1.0,1,2026-08-16T02:48:51.019100+00:00
appstore_585027354_14400581277,openai/gpt-oss-20b,0,1.0,1,2026-08-16T02:48:51.459872+00:00
appstore_585027354_14400430543,openai/gpt-oss-20b,0,5.0,5,2026-08-16T02:48:52.191314+00:00
appstore_585027354_14400570238,openai/gpt-oss-20b,0,1.0,1,2026-08-16T02:48:52.314052+00:00
appstore_585027354_14400980022,openai/gpt-oss-20b,0,1.0,1,2026-08-16T02:48:52.638502+00:00
appstore_585027354_14400561038,openai/gpt-oss-20b,0,1.0,1,2026-08-16T02:48:52.827943+00:00
appstore_585027354_14400356476,openai/gpt-oss-20b,0,5.0,5,2026-08-16T02:48:53.624729+00:00
appstore_585027354_14400342614,openai/gpt-oss-20b,0,5.0,5,2026-08-16T02:48:53.760578+00:00
appstore_585027354_14400327635,openai/gpt-oss-20b,0,5.0,5,2026-08-16T02:48:53.869769+00:00
appstore_585027354_14400022103,openai/gpt-oss-20b,0,5.0,5,2026-08-16T02:48:54.161302+00:00
appstore_585027354_14400079189,openai/gpt-oss-20b,0,2.0,2,2026-08-16T02:48:54.547203+00:00
appstore_585027354_14399871114,openai/gpt-oss-20b,0,2.0,2,2026-08-16T02:48:54.792796+00:00
appstore_585027354_14399946046,openai/gpt-oss-20b,0,1.0,1,2026-08-16T02:48:54.949155+00:00
appstore_585027354_14399972092,openai/gpt-oss-20b,0,1.0,1,2026-08-16T02:48:55.472163+00:00
appstore_585027354_14399872041,openai/gpt-oss-20b,0,5.0,5,2026-08-16T02:48:55.482672+00:00
appstore_585027354_14399718563,openai/gpt-oss-20b,0,2.0,2,2026-08-16T02:48:56.701860+00:00
appstore_585027354_14399585623,openai/gpt-oss-20b,0,5.0,5,2026-08-16T02:48:56.933177+00:00
appstore_585027354_14399550645,openai/gpt-oss-20b,0,1.0,1,2026-08-16T02:48:57.358140+00:00
appstore_585027354_14399548321,openai/gpt-oss-20b,0,5.0,5,2026-08-16T02:48:57.735791+00:00
appstore_585027354_14399284460,openai/gpt-oss-20b,0,1.0,1,2026-08-16T02:48:57.857978+00:00
appstore_585027354_14398675616,openai/gpt-oss-20b,0,5.0,5,2026-08-16T02:48:59.120507+00:00
appstore_585027354_14398921727,openai/gpt-oss-20b,0,4.0,4,2026-08-16T02:48:59.213242+00:00
appstore_585027354_14399613415,openai/gpt-oss-20b,0,1.0,1,2026-08-16T02:48:59.411394+00:00
appstore_585027354_14398536976,openai/gpt-oss-20b,0,1.0,1,2026-08-16T02:48:59.819917+00:00
appstore_585027354_14397514991,openai/gpt-oss-20b,0,5.0,5,2026-08-16T02:49:00.123100+00:00
appstore_585027354_14397464787,openai/gpt-oss-20b,0,1.0,1,2026-08-16T02:49:00.468922+00:00
appstore_585027354_14396879252,openai/gpt-oss-20b,0,4.0,4,2026-08-16T02:49:00.585733+00:00
appstore_585027354_14396795877,openai/gpt-oss-20b,0,5.0,5,2026-08-16T02:49:00.786140+00:00
appstore_585027354_14396863498,openai/gpt-oss-20b,0,4.0,4,2026-08-16T02:49:01.103332+00:00
appstore_585027354_14396671903,openai/gpt-oss-20b,0,1.0,1,2026-08-16T02:49:01.601068+00:00
appstore_585027354_14396774475,openai/gpt-oss-20b,0,1.0,1,2026-08-16T02:49:01.701350+00:00
appstore_585027354_14396591037,openai/gpt-oss-20b,0,1.0,1,2026-08-16T02:49:02.779269+00:00
appstore_585027354_14396617897,openai/gpt-oss-20b,0,2.0,2,2026-08-16T02:49:02.957276+00:00
appstore_585027354_14396367317,openai/gpt-oss-20b,0,4.0,4,2026-08-16T02:49:02.999421+00:00
appstore_585027354_14396541804,openai/gpt-oss-20b,0,3.0,3,2026-08-16T02:49:03.332881+00:00
appstore_585027354_14396204911,openai/gpt-oss-20b,0,1.0,1,2026-08-16T02:49:04.203652+00:00
appstore_585027354_14396172771,openai/gpt-oss-20b,0,5.0,5,2026-08-16T02:49:04.318388+00:00
appstore_585027354_14396321680,openai/gpt-oss-20b,0,1.0,1,2026-08-16T02:49:04.836343+00:00
appstore_585027354_14396013369,openai/gpt-oss-20b,0,1.0,1,2026-08-16T02:49:05.020402+00:00
appstore_585027354_14396386931,openai/gpt-oss-20b,0,2.0,2,2026-08-16T02:49:05.170478+00:00
appstore_585027354_14395652732,openai/gpt-oss-20b,0,1.0,1,2026-08-16T02:49:06.112385+00:00
appstore_585027354_14395226116,openai/gpt-oss-20b,0,5.0,5,2026-08-16T02:49:06.571920+00:00
appstore_585027354_14395537187,openai/gpt-oss-20b,0,1.0,1,2026-08-16T02:49:06.987014+00:00
appstore_585027354_14395211022,openai/gpt-oss-20b,0,1.0,1,2026-08-16T02:49:07.563252+00:00
appstore_585027354_14395109976,openai/gpt-oss-20b,0,1.0,1,2026-08-16T02:49:07.738515+00:00
appstore_585027354_14394721767,openai/gpt-oss-20b,0,5.0,5,2026-08-16T02:49:09.042430+00:00
appstore_585027354_14394818739,openai/gpt-oss-20b,0,1.0,1,2026-08-16T02:49:09.357562+00:00
appstore_585027354_14395077189,openai/gpt-oss-20b,0,2.0,2,2026-08-16T02:49:09.596197+00:00
appstore_585027354_14394588227,openai/gpt-oss-20b,0,5.0,5,2026-08-16T02:49:09.693237+00:00
appstore_585027354_14394157208,openai/gpt-oss-20b,0,2.0,2,2026-08-16T02:49:09.884905+00:00
appstore_585027354_14393214649,openai/gpt-oss-20b,0,5.0,5,2026-08-16T02:49:10.005671+00:00
appstore_585027354_14394444337,openai/gpt-oss-20b,0,5.0,5,2026-08-16T02:49:10.127348+00:00
appstore_585027354_14393182435,openai/gpt-oss-20b,0,5.0,5,2026-08-16T02:49:10.788498+00:00
appstore_585027354_14393165489,openai/gpt-oss-20b,0,1.0,1,2026-08-16T02:49:11.487250+00:00
appstore_585027354_14393085798,openai/gpt-oss-20b,0,1.0,1,2026-08-16T02:49:11.552439+00:00
appstore_585027354_14392675330,openai/gpt-oss-20b,0,1.0,1,2026-08-16T02:49:11.659464+00:00
appstore_585027354_14392506411,openai/gpt-oss-20b,0,5.0,5,2026-08-16T02:49:12.187062+00:00
appstore_585027354_14392450560,openai/gpt-oss-20b,0,1.0,1,2026-08-16T02:49:12.874802+00:00
appstore_585027354_14392487257,openai/gpt-oss-20b,0,1.0,1,2026-08-16T02:49:12.994541+00:00
appstore_585027354_14395706723,openai/gpt-oss-20b,0,1.0,1,2026-08-16T02:49:13.168034+00:00
appstore_585027354_14392429811,openai/gpt-oss-20b,0,4.0,4,2026-08-16T02:49:14.909055+00:00
appstore_585027354_14392463243,openai/gpt-oss-20b,0,2.0,2,2026-08-16T02:49:15.281474+00:00
appstore_585027354_14392144215,openai/gpt-oss-20b,0,2.0,2,2026-08-16T02:49:15.506098+00:00
appstore_585027354_14391903918,openai/gpt-oss-20b,0,5.0,5,2026-08-16T02:49:15.528166+00:00
appstore_585027354_14392145096,openai/gpt-oss-20b,0,4.0,4,2026-08-16T02:49:16.139269+00:00
appstore_585027354_14391901668,openai/gpt-oss-20b,0,5.0,5,2026-08-16T02:49:16.308395+00:00
appstore_585027354_14391993524,openai/gpt-oss-20b,0,1.0,1,2026-08-16T02:49:16.344767+00:00
appstore_585027354_14391683854,openai/gpt-oss-20b,0,2.0,2,2026-08-16T02:49:17.165463+00:00
appstore_585027354_14391406631,openai/gpt-oss-20b,0,1.0,1,2026-08-16T02:49:17.427016+00:00
appstore_585027354_14390953554,openai/gpt-oss-20b,0,5.0,5,2026-08-16T02:49:18.060037+00:00
appstore_585027354_14391378798,openai/gpt-oss-20b,0,5.0,5,2026-08-16T02:49:18.622768+00:00
appstore_585027354_14391604469,openai/gpt-oss-20b,0,1.0,1,2026-08-16T02:49:18.958038+00:00
appstore_585027354_14391660543,openai/gpt-oss-20b,0,2.0,2,2026-08-16T02:49:19.028918+00:00
appstore_585027354_14390890395,openai/gpt-oss-20b,0,5.0,5,2026-08-16T02:49:19.615030+00:00
appstore_585027354_14389061609,openai/gpt-oss-20b,0,1.0,1,2026-08-16T02:49:20.575615+00:00
appstore_585027354_14390238090,openai/gpt-oss-20b,0,1.0,1,2026-08-16T02:49:20.678506+00:00
appstore_585027354_14389467296,openai/gpt-oss-20b,0,1.0,1,2026-08-16T02:49:20.704209+00:00
appstore_585027354_14388856368,openai/gpt-oss-20b,0,1.0,1,2026-08-16T02:49:21.475608+00:00
appstore_585027354_14388962921,openai/gpt-oss-20b,0,5.0,5,2026-08-16T02:49:21.601888+00:00
appstore_585027354_14389940259,openai/gpt-oss-20b,0,4.0,4,2026-08-16T02:49:21.864005+00:00
appstore_585027354_14388892863,openai/gpt-oss-20b,0,5.0,5,2026-08-16T02:49:21.881396+00:00
appstore_585027354_14388647979,openai/gpt-oss-20b,0,1.0,1,2026-08-16T02:49:22.403407+00:00
appstore_585027354_14387891476,openai/gpt-oss-20b,0,5.0,5,2026-08-16T02:49:23.223403+00:00
appstore_585027354_14388555298,openai/gpt-oss-20b,0,5.0,5,2026-08-16T02:49:23.227533+00:00
appstore_585027354_14387835912,openai/gpt-oss-20b,0,1.0,1,2026-08-16T02:49:24.088193+00:00
appstore_585027354_14388770805,openai/gpt-oss-20b,0,2.0,2,2026-08-16T02:49:24.171647+00:00
appstore_585027354_14388203470,openai/gpt-oss-20b,0,2.0,2,2026-08-16T02:49:24.611206+00:00
appstore_585027354_14387888026,openai/gpt-oss-20b,0,1.0,1,2026-08-16T02:49:24.649760+00:00
appstore_585027354_14387811107,openai/gpt-oss-20b,0,2.0,2,2026-08-16T02:49:25.761460+00:00
appstore_585027354_14387393260,openai/gpt-oss-20b,0,4.0,4,2026-08-16T02:49:25.795359+00:00
appstore_585027354_14387806463,openai/gpt-oss-20b,0,5.0,5,2026-08-16T02:49:25.844137+00:00
appstore_585027354_14387672514,openai/gpt-oss-20b,0,5.0,5,2026-08-16T02:49:25.919655+00:00
appstore_585027354_14387315079,openai/gpt-oss-20b,0,1.0,1,2026-08-16T02:49:26.054384+00:00
appstore_585027354_14385476576,openai/gpt-oss-20b,0,1.0,1,2026-08-16T02:49:26.807198+00:00
appstore_585027354_14384873197,openai/gpt-oss-20b,0,1.0,1,2026-08-16T02:49:27.200200+00:00
appstore_585027354_14385366616,openai/gpt-oss-20b,0,5.0,5,2026-08-16T02:49:27.239496+00:00
appstore_585027354_14384678192,openai/gpt-oss-20b,0,5.0,5,2026-08-16T02:49:28.260341+00:00
appstore_585027354_14384426297,openai/gpt-oss-20b,0,4.0,4,2026-08-16T02:49:28.720482+00:00
appstore_585027354_14384741751,openai/gpt-oss-20b,0,4.0,4,2026-08-16T02:49:28.934186+00:00
appstore_585027354_14387221179,openai/gpt-oss-20b,0,3.0,3,2026-08-16T02:49:29.265459+00:00
appstore_585027354_14384196415,openai/gpt-oss-20b,0,1.0,1,2026-08-16T02:49:29.747786+00:00
appstore_585027354_14383979860,openai/gpt-oss-20b,0,4.0,4,2026-08-16T02:49:29.994758+00:00
appstore_585027354_14384220458,openai/gpt-oss-20b,0,5.0,5,2026-08-16T02:49:30.163189+00:00
appstore_585027354_14384093627,openai/gpt-oss-20b,0,1.0,1,2026-08-16T02:49:30.254606+00:00
appstore_585027354_14384000755,openai/gpt-oss-20b,0,5.0,5,2026-08-16T02:49:30.889882+00:00
appstore_585027354_14383351426,openai/gpt-oss-20b,0,1.0,1,2026-08-16T02:49:30.968100+00:00
appstore_585027354_14383197447,openai/gpt-oss-20b,0,1.0,1,2026-08-16T02:49:31.013740+00:00
appstore_585027354_14383975438,openai/gpt-oss-20b,0,1.0,1,2026-08-16T02:49:31.155132+00:00
appstore_585027354_14383104814,openai/gpt-oss-20b,0,5.0,5,2026-08-16T02:49:31.402789+00:00
appstore_585027354_14383080156,openai/gpt-oss-20b,0,5.0,5,2026-08-16T02:49:31.823378+00:00
appstore_585027354_14382939509,openai/gpt-oss-20b,0,1.0,1,2026-08-16T02:49:31.855154+00:00
appstore_585027354_14382611261,openai/gpt-oss-20b,0,5.0,5,2026-08-16T02:49:32.731433+00:00
appstore_585027354_14382888107,openai/gpt-oss-20b,0,5.0,5,2026-08-16T02:49:32.951600+00:00
appstore_585027354_14382554353,openai/gpt-oss-20b,0,5.0,5,2026-08-16T02:49:33.043589+00:00
appstore_585027354_14381739053,openai/gpt-oss-20b,0,1.0,1,2026-08-16T02:49:33.260507+00:00
appstore_585027354_14381600359,openai/gpt-oss-20b,0,5.0,5,2026-08-16T02:49:33.437553+00:00
appstore_585027354_14380891787,openai/gpt-oss-20b,0,1.0,1,2026-08-16T02:49:34.281899+00:00
appstore_585027354_14381592395,openai/gpt-oss-20b,0,4.0,4,2026-08-16T02:49:34.550363+00:00
appstore_585027354_14381070377,openai/gpt-oss-20b,0,5.0,5,2026-08-16T02:49:34.706085+00:00
appstore_585027354_14380783082,openai/gpt-oss-20b,0,1.0,1,2026-08-16T02:49:35.311839+00:00
appstore_585027354_14380706960,openai/gpt-oss-20b,0,1.0,1,2026-08-16T02:49:35.478598+00:00
appstore_585027354_14380740581,openai/gpt-oss-20b,0,1.0,1,2026-08-16T02:49:35.877472+00:00
appstore_585027354_14380599480,openai/gpt-oss-20b,0,1.0,1,2026-08-16T02:49:36.290584+00:00
appstore_585027354_14380407720,openai/gpt-oss-20b,0,5.0,5,2026-08-16T02:49:36.675618+00:00
appstore_585027354_14380258220,openai/gpt-oss-20b,0,5.0,5,2026-08-16T02:49:36.830025+00:00
appstore_585027354_14380289026,openai/gpt-oss-20b,0,5.0,5,2026-08-16T02:49:36.895717+00:00
appstore_585027354_14380181116,openai/gpt-oss-20b,0,1.0,1,2026-08-16T02:49:37.230643+00:00
appstore_585027354_14380073667,openai/gpt-oss-20b,0,2.0,2,2026-08-16T02:49:37.303931+00:00
appstore_585027354_14380538564,openai/gpt-oss-20b,0,1.0,1,2026-08-16T02:49:37.550878+00:00
appstore_585027354_14380063874,openai/gpt-oss-20b,0,1.0,1,2026-08-16T02:49:37.644776+00:00
appstore_585027354_14380013742,openai/gpt-oss-20b,0,5.0,5,2026-08-16T02:49:38.204701+00:00
appstore_585027354_14380157430,openai/gpt-oss-20b,0,2.0,2,2026-08-16T02:49:38.411837+00:00
appstore_585027354_14379943260,openai/gpt-oss-20b,0,5.0,5,2026-08-16T02:49:38.561054+00:00
appstore_585027354_14380060602,openai/gpt-oss-20b,0,1.0,1,2026-08-16T02:49:38.594944+00:00
appstore_585027354_14379862799,openai/gpt-oss-20b,0,1.0,1,2026-08-16T02:49:39.246004+00:00
appstore_585027354_14379916944,openai/gpt-oss-20b,0,1.0,1,2026-08-16T02:49:39.583998+00:00
appstore_585027354_14379882870,openai/gpt-oss-20b,0,1.0,1,2026-08-16T02:49:39.662365+00:00
appstore_585027354_14379695967,openai/gpt-oss-20b,0,1.0,1,2026-08-16T02:49:39.921511+00:00
appstore_585027354_14379450729,openai/gpt-oss-20b,0,5.0,5,2026-08-16T02:49:40.184116+00:00
appstore_585027354_14379379302,openai/gpt-oss-20b,0,5.0,5,2026-08-16T02:49:40.871621+00:00
appstore_585027354_14379896664,openai/gpt-oss-20b,0,2.0,2,2026-08-16T02:49:41.020455+00:00
appstore_585027354_14378621830,openai/gpt-oss-20b,0,1.0,1,2026-08-16T02:49:41.215488+00:00
appstore_585027354_14379433500,openai/gpt-oss-20b,0,1.0,1,2026-08-16T02:49:41.587956+00:00
appstore_585027354_14378610558,openai/gpt-oss-20b,0,5.0,5,2026-08-16T02:49:42.286872+00:00
appstore_585027354_14378378297,openai/gpt-oss-20b,0,2.0,2,2026-08-16T02:49:42.554042+00:00
appstore_585027354_14378208641,openai/gpt-oss-20b,0,1.0,1,2026-08-16T02:49:43.021852+00:00
appstore_585027354_14378069602,openai/gpt-oss-20b,0,1.0,1,2026-08-16T02:49:43.402390+00:00
appstore_585027354_14378453151,openai/gpt-oss-20b,0,1.0,1,2026-08-16T02:49:43.603532+00:00
appstore_585027354_14377843913,openai/gpt-oss-20b,0,5.0,5,2026-08-16T02:49:43.648919+00:00
appstore_585027354_14377304136,openai/gpt-oss-20b,0,2.0,2,2026-08-16T02:49:43.837777+00:00
appstore_585027354_14377135151,openai/gpt-oss-20b,0,1.0,1,2026-08-16T02:49:44.421113+00:00
appstore_585027354_14377045004,openai/gpt-oss-20b,0,1.0,1,2026-08-16T02:49:45.000101+00:00
appstore_585027354_14377042680,openai/gpt-oss-20b,0,1.0,1,2026-08-16T02:49:45.004605+00:00
appstore_585027354_14376614482,openai/gpt-oss-20b,0,3.0,3,2026-08-16T02:49:45.107102+00:00
appstore_585027354_14376923056,openai/gpt-oss-20b,0,5.0,5,2026-08-16T02:49:45.215355+00:00
appstore_389801252_14428763014,openai/gpt-oss-20b,0,1.0,1,2026-08-16T02:49:45.682292+00:00
appstore_389801252_14428757988,openai/gpt-oss-20b,0,1.0,1,2026-08-16T02:49:46.310586+00:00
appstore_389801252_14428756666,openai/gpt-oss-20b,0,1.0,1,2026-08-16T02:49:46.477939+00:00
appstore_389801252_14428750627,openai/gpt-oss-20b,0,1.0,1,2026-08-16T02:49:47.032414+00:00
appstore_389801252_14428711704,openai/gpt-oss-20b,0,1.0,1,2026-08-16T02:49:47.354296+00:00
appstore_389801252_14428658339,openai/gpt-oss-20b,0,1.0,1,2026-08-16T02:49:48.004171+00:00
appstore_389801252_14428746676,openai/gpt-oss-20b,0,5.0,5,2026-08-16T02:49:48.064343+00:00
appstore_389801252_14428768707,openai/gpt-oss-20b,0,4.0,4,2026-08-16T02:49:48.188272+00:00
appstore_389801252_14428554670,openai/gpt-oss-20b,0,5.0,5,2026-08-16T02:49:48.394676+00:00
appstore_389801252_14428613836,openai/gpt-oss-20b,0,2.0,2,2026-08-16T02:49:49.253889+00:00
appstore_389801252_14428494583,openai/gpt-oss-20b,0,5.0,5,2026-08-16T02:49:49.864593+00:00
appstore_389801252_14428599575,openai/gpt-oss-20b,0,1.0,1,2026-08-16T02:49:49.903286+00:00
appstore_389801252_14428488282,openai/gpt-oss-20b,0,5.0,5,2026-08-16T02:49:50.562556+00:00
appstore_389801252_14428474765,openai/gpt-oss-20b,0,1.0,1,2026-08-16T02:49:50.565349+00:00
appstore_389801252_14428558882,openai/gpt-oss-20b,0,1.0,1,2026-08-16T02:49:51.335835+00:00
appstore_389801252_14428468272,openai/gpt-oss-20b,0,1.0,1,2026-08-16T02:49:51.424461+00:00
appstore_389801252_14428405644,openai/gpt-oss-20b,0,1.0,1,2026-08-16T02:49:51.469189+00:00
appstore_389801252_14428448454,openai/gpt-oss-20b,0,1.0,1,2026-08-16T02:49:51.476415+00:00
appstore_389801252_14428231959,openai/gpt-oss-20b,0,5.0,5,2026-08-16T02:49:51.775391+00:00
appstore_389801252_14428342618,openai/gpt-oss-20b,0,5.0,5,2026-08-16T02:49:52.136081+00:00
appstore_389801252_14428232629,openai/gpt-oss-20b,0,1.0,1,2026-08-16T02:49:52.319449+00:00
appstore_389801252_14428143802,openai/gpt-oss-20b,0,5.0,5,2026-08-16T02:49:52.404196+00:00
appstore_389801252_14428087642,openai/gpt-oss-20b,0,1.0,1,2026-08-16T02:49:52.686567+00:00
appstore_389801252_14428196596,openai/gpt-oss-20b,0,5.0,5,2026-08-16T02:49:52.715948+00:00
appstore_389801252_14428037732,openai/gpt-oss-20b,0,5.0,5,2026-08-16T02:49:53.085904+00:00
appstore_389801252_14428035633,openai/gpt-oss-20b,0,1.0,1,2026-08-16T02:49:53.122335+00:00
appstore_389801252_14428379222,openai/gpt-oss-20b,0,5.0,5,2026-08-16T02:49:53.274556+00:00
appstore_389801252_14427928458,openai/gpt-oss-20b,0,5.0,5,2026-08-16T02:49:53.643822+00:00
appstore_389801252_14428081414,openai/gpt-oss-20b,0,2.0,2,2026-08-16T02:49:54.171597+00:00
appstore_389801252_14427905789,openai/gpt-oss-20b,0,5.0,5,2026-08-16T02:49:54.335576+00:00
appstore_389801252_14428028302,openai/gpt-oss-20b,0,1.0,1,2026-08-16T02:49:54.812737+00:00
appstore_389801252_14427839502,openai/gpt-oss-20b,0,3.0,3,2026-08-16T02:49:55.076044+00:00
appstore_389801252_14427886251,openai/gpt-oss-20b,0,3.0,3,2026-08-16T02:49:55.147846+00:00
appstore_389801252_14427862071,openai/gpt-oss-20b,0,5.0,5,2026-08-16T02:49:55.906162+00:00
appstore_389801252_14427830104,openai/gpt-oss-20b,0,5.0,5,2026-08-16T02:49:56.010808+00:00
appstore_389801252_14427823131,openai/gpt-oss-20b,0,1.0,1,2026-08-16T02:49:56.155385+00:00
appstore_389801252_14427873998,openai/gpt-oss-20b,0,1.0,1,2026-08-16T02:49:56.409164+00:00
appstore_389801252_14427808904,openai/gpt-oss-20b,0,1.0,1,2026-08-16T02:49:57.922388+00:00
appstore_389801252_14427749342,openai/gpt-oss-20b,0,1.0,1,2026-08-16T02:49:58.051838+00:00
appstore_389801252_14427594275,openai/gpt-oss-20b,0,1.0,1,2026-08-16T02:49:58.207814+00:00
appstore_389801252_14427571120,openai/gpt-oss-20b,0,5.0,5,2026-08-16T02:49:59.041398+00:00
appstore_389801252_14427476262,openai/gpt-oss-20b,0,1.0,1,2026-08-16T02:49:59.297024+00:00
appstore_389801252_14427529423,openai/gpt-oss-20b,0,2.0,2,2026-08-16T02:49:59.929161+00:00
appstore_389801252_14427641891,openai/gpt-oss-20b,0,5.0,5,2026-08-16T02:50:00.230724+00:00
appstore_389801252_14427429397,openai/gpt-oss-20b,0,1.0,1,2026-08-16T02:50:00.520852+00:00
appstore_389801252_14427353293,openai/gpt-oss-20b,0,1.0,1,2026-08-16T02:50:00.829296+00:00
appstore_389801252_14427369033,openai/gpt-oss-20b,0,4.0,4,2026-08-16T02:50:00.956872+00:00
appstore_389801252_14427235680,openai/gpt-oss-20b,0,2.0,2,2026-08-16T02:50:01.299740+00:00
appstore_389801252_14427341451,openai/gpt-oss-20b,0,1.0,1,2026-08-16T02:50:01.363356+00:00
appstore_389801252_14427294989,openai/gpt-oss-20b,0,5.0,5,2026-08-16T02:50:02.062657+00:00
appstore_389801252_14427021697,openai/gpt-oss-20b,0,1.0,1,2026-08-16T02:50:02.144863+00:00
appstore_389801252_14427012731,openai/gpt-oss-20b,0,1.0,1,2026-08-16T02:50:02.509101+00:00
appstore_389801252_14426959261,openai/gpt-oss-20b,0,1.0,1,2026-08-16T02:50:02.646817+00:00
appstore_389801252_14426927238,openai/gpt-oss-20b,0,5.0,5,2026-08-16T02:50:03.332999+00:00
appstore_389801252_14426868030,openai/gpt-oss-20b,0,2.0,2,2026-08-16T02:50:04.589179+00:00
appstore_389801252_14427321592,openai/gpt-oss-20b,0,2.0,2,2026-08-16T02:50:04.626953+00:00
appstore_389801252_14426823711,openai/gpt-oss-20b,0,1.0,1,2026-08-16T02:50:04.759100+00:00
appstore_389801252_14426898781,openai/gpt-oss-20b,0,3.0,3,2026-08-16T02:50:05.094839+00:00
appstore_389801252_14426656339,openai/gpt-oss-20b,0,1.0,1,2026-08-16T02:50:05.339539+00:00
appstore_389801252_14426768248,openai/gpt-oss-20b,0,5.0,5,2026-08-16T02:50:05.410362+00:00
appstore_389801252_14426797157,openai/gpt-oss-20b,0,5.0,5,2026-08-16T02:50:05.546606+00:00
appstore_389801252_14426638799,openai/gpt-oss-20b,0,4.0,4,2026-08-16T02:50:06.138045+00:00
appstore_389801252_14426635523,openai/gpt-oss-20b,0,5.0,5,2026-08-16T02:50:06.278918+00:00
appstore_389801252_14426580630,openai/gpt-oss-20b,0,1.0,1,2026-08-16T02:50:06.761345+00:00
appstore_389801252_14426578171,openai/gpt-oss-20b,0,1.0,1,2026-08-16T02:50:07.584975+00:00
appstore_389801252_14426495651,openai/gpt-oss-20b,0,1.0,1,2026-08-16T02:50:07.660968+00:00
appstore_389801252_14426399573,openai/gpt-oss-20b,0,5.0,5,2026-08-16T02:50:09.045166+00:00
appstore_389801252_14426426883,openai/gpt-oss-20b,0,1.0,1,2026-08-16T02:50:09.154747+00:00
appstore_389801252_14426542809,openai/gpt-oss-20b,0,4.0,4,2026-08-16T02:50:09.809301+00:00
appstore_389801252_14426323402,openai/gpt-oss-20b,0,1.0,1,2026-08-16T02:50:10.318129+00:00
appstore_389801252_14426389048,openai/gpt-oss-20b,0,1.0,1,2026-08-16T02:50:10.620991+00:00
appstore_389801252_14426551614,openai/gpt-oss-20b,0,1.0,1,2026-08-16T02:50:10.699869+00:00
appstore_389801252_14426276191,openai/gpt-oss-20b,0,1.0,1,2026-08-16T02:50:11.257661+00:00
appstore_389801252_14425810402,openai/gpt-oss-20b,0,1.0,1,2026-08-16T02:50:11.373195+00:00
appstore_389801252_14426106170,openai/gpt-oss-20b,0,5.0,5,2026-08-16T02:50:11.821055+00:00
appstore_389801252_14425692858,openai/gpt-oss-20b,0,1.0,1,2026-08-16T02:50:11.994227+00:00
appstore_389801252_14425535846,openai/gpt-oss-20b,0,1.0,1,2026-08-16T02:50:12.446529+00:00
appstore_389801252_14425740857,openai/gpt-oss-20b,0,5.0,5,2026-08-16T02:50:13.667567+00:00
appstore_389801252_14425574385,openai/gpt-oss-20b,0,1.0,1,2026-08-16T02:50:14.204621+00:00
appstore_389801252_14426217942,openai/gpt-oss-20b,0,2.0,2,2026-08-16T02:50:14.716941+00:00
appstore_389801252_14425463023,openai/gpt-oss-20b,0,1.0,1,2026-08-16T02:50:14.923765+00:00
appstore_389801252_14425517755,openai/gpt-oss-20b,0,1.0,1,2026-08-16T02:50:15.219388+00:00
appstore_389801252_14425298401,openai/gpt-oss-20b,0,1.0,1,2026-08-16T02:50:15.421595+00:00
appstore_389801252_14425334399,openai/gpt-oss-20b,0,1.0,1,2026-08-16T02:50:15.495668+00:00
appstore_389801252_14425464434,openai/gpt-oss-20b,0,1.0,1,2026-08-16T02:50:15.616319+00:00
appstore_389801252_14425273116,openai/gpt-oss-20b,0,5.0,5,2026-08-16T02:50:16.022885+00:00
appstore_389801252_14425268425,openai/gpt-oss-20b,0,1.0,1,2026-08-16T02:50:16.706247+00:00
appstore_389801252_14425278404,openai/gpt-oss-20b,0,5.0,5,2026-08-16T02:50:17.265050+00:00
appstore_389801252_14425527612,openai/gpt-oss-20b,0,1.0,1,2026-08-16T02:50:17.549262+00:00
appstore_389801252_14425265208,openai/gpt-oss-20b,0,1.0,1,2026-08-16T02:50:17.844616+00:00
appstore_389801252_14425217799,openai/gpt-oss-20b,0,1.0,1,2026-08-16T02:50:18.230642+00:00
appstore_389801252_14425220865,openai/gpt-oss-20b,0,1.0,1,2026-08-16T02:50:18.359346+00:00
appstore_389801252_14425208673,openai/gpt-oss-20b,0,1.0,1,2026-08-16T02:50:18.723675+00:00
appstore_389801252_14425250078,openai/gpt-oss-20b,0,5.0,5,2026-08-16T02:50:18.953323+00:00
appstore_389801252_14425204254,openai/gpt-oss-20b,0,2.0,2,2026-08-16T02:50:19.374800+00:00
appstore_389801252_14425198635,openai/gpt-oss-20b,0,5.0,5,2026-08-16T02:50:19.409983+00:00
appstore_389801252_14425198986,openai/gpt-oss-20b,0,1.0,1,2026-08-16T02:50:19.772271+00:00
appstore_389801252_14425171225,openai/gpt-oss-20b,0,1.0,1,2026-08-16T02:50:20.076463+00:00
appstore_389801252_14425153309,openai/gpt-oss-20b,0,1.0,1,2026-08-16T02:50:20.163512+00:00
appstore_389801252_14425154867,openai/gpt-oss-20b,0,4.0,4,2026-08-16T02:50:20.565463+00:00
appstore_389801252_14425151380,openai/gpt-oss-20b,0,1.0,1,2026-08-16T02:50:20.809771+00:00
appstore_389801252_14425147593,openai/gpt-oss-20b,0,1.0,1,2026-08-16T02:50:20.992791+00:00
appstore_389801252_14425167507,openai/gpt-oss-20b,0,4.0,4,2026-08-16T02:50:21.586496+00:00
appstore_389801252_14425134153,openai/gpt-oss-20b,0,1.0,1,2026-08-16T02:50:21.845328+00:00
appstore_389801252_14425047812,openai/gpt-oss-20b,0,1.0,1,2026-08-16T02:50:22.204116+00:00
appstore_389801252_14425102746,openai/gpt-oss-20b,0,4.0,4,2026-08-16T02:50:22.605517+00:00
appstore_389801252_14425138055,openai/gpt-oss-20b,0,1.0,1,2026-08-16T02:50:22.846673+00:00
appstore_389801252_14424972767,openai/gpt-oss-20b,0,1.0,1,2026-08-16T02:50:23.694584+00:00
appstore_389801252_14424961657,openai/gpt-oss-20b,0,5.0,5,2026-08-16T02:50:24.056268+00:00
appstore_389801252_14424822255,openai/gpt-oss-20b,0,3.0,3,2026-08-16T02:50:24.271434+00:00
appstore_389801252_14425036985,openai/gpt-oss-20b,0,3.0,3,2026-08-16T02:50:24.831974+00:00
appstore_389801252_14424920022,openai/gpt-oss-20b,0,1.0,1,2026-08-16T02:50:25.277591+00:00
appstore_389801252_14424762914,openai/gpt-oss-20b,0,1.0,1,2026-08-16T02:50:25.822468+00:00
appstore_389801252_14424820065,openai/gpt-oss-20b,0,5.0,5,2026-08-16T02:50:26.006220+00:00
appstore_389801252_14424703330,openai/gpt-oss-20b,0,1.0,1,2026-08-16T02:50:26.236761+00:00
appstore_389801252_14424722100,openai/gpt-oss-20b,0,4.0,4,2026-08-16T02:50:26.358951+00:00
appstore_389801252_14425060953,openai/gpt-oss-20b,0,1.0,1,2026-08-16T02:50:26.583876+00:00
appstore_389801252_14424715021,openai/gpt-oss-20b,0,5.0,5,2026-08-16T02:50:26.711765+00:00
appstore_389801252_14424488016,openai/gpt-oss-20b,0,5.0,5,2026-08-16T02:50:26.864047+00:00
appstore_389801252_14424573717,openai/gpt-oss-20b,0,1.0,1,2026-08-16T02:50:26.999121+00:00
appstore_389801252_14424605514,openai/gpt-oss-20b,0,1.0,1,2026-08-16T02:50:27.106181+00:00
appstore_389801252_14424290142,openai/gpt-oss-20b,0,5.0,5,2026-08-16T02:50:27.179805+00:00
appstore_389801252_14424486255,openai/gpt-oss-20b,0,1.0,1,2026-08-16T02:50:27.820701+00:00
appstore_389801252_14424197463,openai/gpt-oss-20b,0,1.0,1,2026-08-16T02:50:27.823470+00:00
appstore_389801252_14424493666,openai/gpt-oss-20b,0,1.0,1,2026-08-16T02:50:27.869379+00:00
appstore_389801252_14424093809,openai/gpt-oss-20b,0,1.0,1,2026-08-16T02:50:28.444203+00:00
appstore_389801252_14424051023,openai/gpt-oss-20b,0,1.0,1,2026-08-16T02:50:29.014632+00:00
appstore_389801252_14424083664,openai/gpt-oss-20b,0,1.0,1,2026-08-16T02:50:29.094518+00:00
appstore_389801252_14424238234,openai/gpt-oss-20b,0,3.0,3,2026-08-16T02:50:29.477971+00:00
appstore_389801252_14423968861,openai/gpt-oss-20b,0,1.0,1,2026-08-16T02:50:29.816941+00:00
appstore_389801252_14423859226,openai/gpt-oss-20b,0,1.0,1,2026-08-16T02:50:30.597735+00:00
appstore_389801252_14423942005,openai/gpt-oss-20b,0,2.0,2,2026-08-16T02:50:30.685406+00:00
appstore_389801252_14423905840,openai/gpt-oss-20b,0,1.0,1,2026-08-16T02:50:30.871758+00:00
appstore_389801252_14423831588,openai/gpt-oss-20b,0,1.0,1,2026-08-16T02:50:31.506814+00:00
appstore_389801252_14423801304,openai/gpt-oss-20b,0,2.0,2,2026-08-16T02:50:31.548862+00:00
appstore_389801252_14423838365,openai/gpt-oss-20b,0,4.0,4,2026-08-16T02:50:32.211842+00:00
appstore_389801252_14423640201,openai/gpt-oss-20b,0,5.0,5,2026-08-16T02:50:32.279162+00:00
appstore_389801252_14423680782,openai/gpt-oss-20b,0,1.0,1,2026-08-16T02:50:32.464586+00:00
appstore_389801252_14423603375,openai/gpt-oss-20b,0,1.0,1,2026-08-16T02:50:32.566224+00:00
appstore_389801252_14423469816,openai/gpt-oss-20b,0,5.0,5,2026-08-16T02:50:33.388705+00:00
appstore_389801252_14423773631,openai/gpt-oss-20b,0,2.0,2,2026-08-16T02:50:33.451888+00:00
appstore_389801252_14423631654,openai/gpt-oss-20b,0,1.0,1,2026-08-16T02:50:33.746712+00:00
appstore_389801252_14423500560,openai/gpt-oss-20b,0,1.0,1,2026-08-16T02:50:33.982781+00:00
appstore_389801252_14423466662,openai/gpt-oss-20b,0,1.0,1,2026-08-16T02:50:34.240343+00:00
appstore_389801252_14423330453,openai/gpt-oss-20b,0,4.0,4,2026-08-16T02:50:34.776802+00:00
appstore_389801252_14423303545,openai/gpt-oss-20b,0,1.0,1,2026-08-16T02:50:34.909792+00:00
appstore_389801252_14423298319,openai/gpt-oss-20b,0,1.0,1,2026-08-16T02:50:34.970833+00:00
appstore_389801252_14423375502,openai/gpt-oss-20b,0,2.0,2,2026-08-16T02:50:36.067973+00:00
appstore_389801252_14423277803,openai/gpt-oss-20b,0,5.0,5,2026-08-16T02:50:36.418608+00:00
appstore_389801252_14423272396,openai/gpt-oss-20b,0,4.0,4,2026-08-16T02:50:36.434866+00:00
appstore_389801252_14423258408,openai/gpt-oss-20b,0,5.0,5,2026-08-16T02:50:36.857734+00:00
appstore_389801252_14423249082,openai/gpt-oss-20b,0,5.0,5,2026-08-16T02:50:37.770590+00:00
appstore_389801252_14423282109,openai/gpt-oss-20b,0,3.0,3,2026-08-16T02:50:38.118030+00:00
appstore_389801252_14423218894,openai/gpt-oss-20b,0,1.0,1,2026-08-16T02:50:38.190356+00:00
appstore_389801252_14423125641,openai/gpt-oss-20b,0,1.0,1,2026-08-16T02:50:39.088954+00:00
appstore_389801252_14423249148,openai/gpt-oss-20b,0,2.0,2,2026-08-16T02:50:39.361893+00:00
appstore_389801252_14423179092,openai/gpt-oss-20b,0,2.0,2,2026-08-16T02:50:39.991056+00:00
appstore_389801252_14423074542,openai/gpt-oss-20b,0,5.0,5,2026-08-16T02:50:40.163829+00:00
appstore_389801252_14423047102,openai/gpt-oss-20b,0,1.0,1,2026-08-16T02:50:40.481852+00:00
appstore_389801252_14423010641,openai/gpt-oss-20b,0,4.0,4,2026-08-16T02:50:41.266335+00:00
appstore_389801252_14422999796,openai/gpt-oss-20b,0,1.0,1,2026-08-16T02:50:41.379144+00:00
appstore_389801252_14422981199,openai/gpt-oss-20b,0,2.0,2,2026-08-16T02:50:42.106668+00:00
appstore_389801252_14422866182,openai/gpt-oss-20b,0,1.0,1,2026-08-16T02:50:42.923929+00:00
appstore_389801252_14422936864,openai/gpt-oss-20b,0,5.0,5,2026-08-16T02:50:43.035432+00:00
appstore_389801252_14422948852,openai/gpt-oss-20b,0,2.0,2,2026-08-16T02:50:43.074523+00:00
appstore_389801252_14423187855,openai/gpt-oss-20b,0,1.0,1,2026-08-16T02:50:43.753661+00:00
appstore_389801252_14422750479,openai/gpt-oss-20b,0,2.0,2,2026-08-16T02:50:44.186314+00:00
appstore_389801252_14422806221,openai/gpt-oss-20b,0,1.0,1,2026-08-16T02:50:44.270579+00:00
appstore_389801252_14422655104,openai/gpt-oss-20b,0,4.0,4,2026-08-16T02:50:44.574639+00:00
appstore_389801252_14422445670,openai/gpt-oss-20b,0,5.0,5,2026-08-16T02:50:44.709573+00:00
appstore_389801252_14422163758,openai/gpt-oss-20b,0,5.0,5,2026-08-16T02:50:45.553992+00:00
appstore_389801252_14422335423,openai/gpt-oss-20b,0,1.0,1,2026-08-16T02:50:46.061260+00:00
appstore_389801252_14422367861,openai/gpt-oss-20b,0,5.0,5,2026-08-16T02:50:46.470324+00:00
appstore_389801252_14422222049,openai/gpt-oss-20b,0,3.0,3,2026-08-16T02:50:46.522330+00:00
appstore_389801252_14422094220,openai/gpt-oss-20b,0,1.0,1,2026-08-16T02:50:46.683870+00:00
appstore_389801252_14421638012,openai/gpt-oss-20b,0,5.0,5,2026-08-16T02:50:47.363005+00:00
appstore_389801252_14421542644,openai/gpt-oss-20b,0,1.0,1,2026-08-16T02:50:47.530484+00:00
appstore_389801252_14421575734,openai/gpt-oss-20b,0,5.0,5,2026-08-16T02:50:47.537627+00:00
appstore_389801252_14421701068,openai/gpt-oss-20b,0,1.0,1,2026-08-16T02:50:47.573773+00:00
appstore_389801252_14421912425,openai/gpt-oss-20b,0,1.0,1,2026-08-16T02:50:47.721761+00:00
appstore_389801252_14421343524,openai/gpt-oss-20b,0,1.0,1,2026-08-16T02:50:48.203411+00:00
appstore_389801252_14421471029,openai/gpt-oss-20b,0,5.0,5,2026-08-16T02:50:48.386489+00:00
appstore_389801252_14421228497,openai/gpt-oss-20b,0,5.0,5,2026-08-16T02:50:49.029771+00:00
appstore_389801252_14421481491,openai/gpt-oss-20b,0,1.0,1,2026-08-16T02:50:49.047929+00:00
appstore_389801252_14421258838,openai/gpt-oss-20b,0,5.0,5,2026-08-16T02:50:49.130561+00:00
appstore_389801252_14421221257,openai/gpt-oss-20b,0,1.0,1,2026-08-16T02:50:49.431306+00:00
appstore_389801252_14421152674,openai/gpt-oss-20b,0,5.0,5,2026-08-16T02:50:49.752272+00:00
appstore_389801252_14421220050,openai/gpt-oss-20b,0,5.0,5,2026-08-16T02:50:50.290665+00:00
appstore_389801252_14421176404,openai/gpt-oss-20b,0,1.0,1,2026-08-16T02:50:50.764321+00:00
appstore_389801252_14421096393,openai/gpt-oss-20b,0,5.0,5,2026-08-16T02:50:51.387166+00:00
appstore_389801252_14421026999,openai/gpt-oss-20b,0,1.0,1,2026-08-16T02:50:51.689247+00:00
appstore_389801252_14420986853,openai/gpt-oss-20b,0,1.0,1,2026-08-16T02:50:52.557735+00:00
appstore_389801252_14421087304,openai/gpt-oss-20b,0,1.0,1,2026-08-16T02:50:52.674177+00:00
appstore_389801252_14421024755,openai/gpt-oss-20b,0,4.0,4,2026-08-16T02:50:52.776719+00:00
appstore_389801252_14420968084,openai/gpt-oss-20b,0,5.0,5,2026-08-16T02:50:53.219898+00:00
appstore_389801252_14420945118,openai/gpt-oss-20b,0,1.0,1,2026-08-16T02:50:53.427106+00:00
appstore_389801252_14420925124,openai/gpt-oss-20b,0,1.0,1,2026-08-16T02:50:54.090318+00:00
appstore_389801252_14420805205,openai/gpt-oss-20b,0,1.0,1,2026-08-16T02:50:54.818561+00:00
appstore_389801252_14420845887,openai/gpt-oss-20b,0,1.0,1,2026-08-16T02:50:55.013183+00:00
appstore_389801252_14420878860,openai/gpt-oss-20b,0,4.0,4,2026-08-16T02:50:55.110261+00:00
appstore_389801252_14420804725,openai/gpt-oss-20b,0,1.0,1,2026-08-16T02:50:55.571197+00:00
appstore_389801252_14420787819,openai/gpt-oss-20b,0,1.0,1,2026-08-16T02:50:56.282479+00:00
appstore_389801252_14420666865,openai/gpt-oss-20b,0,1.0,1,2026-08-16T02:50:56.463984+00:00
appstore_389801252_14420697811,openai/gpt-oss-20b,0,2.0,2,2026-08-16T02:50:56.685253+00:00
appstore_389801252_14420670955,openai/gpt-oss-20b,0,2.0,2,2026-08-16T02:50:57.225709+00:00
appstore_389801252_14420557105,openai/gpt-oss-20b,0,1.0,1,2026-08-16T02:50:57.428588+00:00
appstore_389801252_14420517710,openai/gpt-oss-20b,0,5.0,5,2026-08-16T02:50:58.379547+00:00
appstore_389801252_14420608883,openai/gpt-oss-20b,0,1.0,1,2026-08-16T02:50:58.992959+00:00
appstore_389801252_14420492885,openai/gpt-oss-20b,0,5.0,5,2026-08-16T02:50:59.086066+00:00
appstore_389801252_14420548238,openai/gpt-oss-20b,0,5.0,5,2026-08-16T02:50:59.256170+00:00
appstore_389801252_14420476732,openai/gpt-oss-20b,0,1.0,1,2026-08-16T02:50:59.655793+00:00
appstore_389801252_14421134324,openai/gpt-oss-20b,0,1.0,1,2026-08-16T02:50:59.975321+00:00
appstore_389801252_14420400432,openai/gpt-oss-20b,0,5.0,5,2026-08-16T02:51:00.873378+00:00
appstore_389801252_14420394091,openai/gpt-oss-20b,0,5.0,5,2026-08-16T02:51:01.028672+00:00
appstore_389801252_14420434453,openai/gpt-oss-20b,0,1.0,1,2026-08-16T02:51:01.064118+00:00
appstore_389801252_14420308467,openai/gpt-oss-20b,0,5.0,5,2026-08-16T02:51:01.825186+00:00
appstore_389801252_14420300336,openai/gpt-oss-20b,0,5.0,5,2026-08-16T02:51:02.069776+00:00
appstore_389801252_14420437447,openai/gpt-oss-20b,0,5.0,5,2026-08-16T02:51:02.238251+00:00
appstore_389801252_14420380622,openai/gpt-oss-20b,0,5.0,5,2026-08-16T02:51:02.505412+00:00
appstore_389801252_14420373045,openai/gpt-oss-20b,0,1.0,1,2026-08-16T02:51:02.807380+00:00
appstore_389801252_14420299824,openai/gpt-oss-20b,0,4.0,4,2026-08-16T02:51:03.705265+00:00
appstore_389801252_14420282770,openai/gpt-oss-20b,0,1.0,1,2026-08-16T02:51:03.709480+00:00
appstore_389801252_14420208485,openai/gpt-oss-20b,0,1.0,1,2026-08-16T02:51:04.268830+00:00
appstore_389801252_14420233542,openai/gpt-oss-20b,0,1.0,1,2026-08-16T02:51:04.311357+00:00
appstore_389801252_14420262302,openai/gpt-oss-20b,0,3.0,3,2026-08-16T02:51:04.620056+00:00
appstore_389801252_14420204716,openai/gpt-oss-20b,0,1.0,1,2026-08-16T02:51:05.143391+00:00
appstore_389801252_14420174804,openai/gpt-oss-20b,0,1.0,1,2026-08-16T02:51:05.240964+00:00
appstore_389801252_14420246471,openai/gpt-oss-20b,0,4.0,4,2026-08-16T02:51:05.683084+00:00
appstore_389801252_14419987135,openai/gpt-oss-20b,0,5.0,5,2026-08-16T02:51:05.931628+00:00
appstore_389801252_14419748495,openai/gpt-oss-20b,0,1.0,1,2026-08-16T02:51:06.206464+00:00
appstore_389801252_14419868466,openai/gpt-oss-20b,0,5.0,5,2026-08-16T02:51:06.388262+00:00
appstore_389801252_14419767103,openai/gpt-oss-20b,0,1.0,1,2026-08-16T02:51:06.697698+00:00
appstore_389801252_14419669101,openai/gpt-oss-20b,0,5.0,5,2026-08-16T02:51:06.989242+00:00
appstore_389801252_14419677424,openai/gpt-oss-20b,0,1.0,1,2026-08-16T02:51:07.266162+00:00
appstore_389801252_14419836397,openai/gpt-oss-20b,0,1.0,1,2026-08-16T02:51:07.563825+00:00
appstore_389801252_14419640684,openai/gpt-oss-20b,0,1.0,1,2026-08-16T02:51:07.681479+00:00
appstore_389801252_14419673180,openai/gpt-oss-20b,0,1.0,1,2026-08-16T02:51:07.986480+00:00
appstore_389801252_14419542194,openai/gpt-oss-20b,0,1.0,1,2026-08-16T02:51:07.992665+00:00
appstore_389801252_14419610318,openai/gpt-oss-20b,0,1.0,1,2026-08-16T02:51:08.057265+00:00
appstore_389801252_14419487913,openai/gpt-oss-20b,0,5.0,5,2026-08-16T02:51:08.723212+00:00
appstore_389801252_14419554865,openai/gpt-oss-20b,0,1.0,1,2026-08-16T02:51:08.746567+00:00
appstore_389801252_14419542039,openai/gpt-oss-20b,0,5.0,5,2026-08-16T02:51:08.828207+00:00
appstore_389801252_14419520531,openai/gpt-oss-20b,0,1.0,1,2026-08-16T02:51:08.908739+00:00
appstore_389801252_14419362300,openai/gpt-oss-20b,0,5.0,5,2026-08-16T02:51:09.881341+00:00
appstore_389801252_14419447357,openai/gpt-oss-20b,0,1.0,1,2026-08-16T02:51:10.312192+00:00
appstore_389801252_14419304799,openai/gpt-oss-20b,0,1.0,1,2026-08-16T02:51:10.743214+00:00
appstore_389801252_14419408513,openai/gpt-oss-20b,0,2.0,2,2026-08-16T02:51:10.878074+00:00
appstore_389801252_14419112453,openai/gpt-oss-20b,0,1.0,1,2026-08-16T02:51:11.240205+00:00
appstore_389801252_14419172548,openai/gpt-oss-20b,0,1.0,1,2026-08-16T02:51:11.345039+00:00
appstore_389801252_14419116275,openai/gpt-oss-20b,0,1.0,1,2026-08-16T02:51:11.548176+00:00
appstore_389801252_14419356447,openai/gpt-oss-20b,0,1.0,1,2026-08-16T02:51:11.564883+00:00
appstore_389801252_14419080557,openai/gpt-oss-20b,0,5.0,5,2026-08-16T02:51:11.898471+00:00
appstore_389801252_14418881846,openai/gpt-oss-20b,0,5.0,5,2026-08-16T02:51:12.907312+00:00
appstore_389801252_14419065391,openai/gpt-oss-20b,0,5.0,5,2026-08-16T02:51:12.961721+00:00
appstore_389801252_14418975862,openai/gpt-oss-20b,0,1.0,1,2026-08-16T02:51:13.323831+00:00
appstore_389801252_14418898754,openai/gpt-oss-20b,0,1.0,1,2026-08-16T02:51:13.628683+00:00
appstore_389801252_14418798991,openai/gpt-oss-20b,0,5.0,5,2026-08-16T02:51:13.800550+00:00
appstore_389801252_14418765569,openai/gpt-oss-20b,0,1.0,1,2026-08-16T02:51:13.894903+00:00
appstore_389801252_14418683836,openai/gpt-oss-20b,0,5.0,5,2026-08-16T02:51:14.393938+00:00
appstore_389801252_14418684513,openai/gpt-oss-20b,0,4.0,4,2026-08-16T02:51:14.680450+00:00
appstore_389801252_14418441479,openai/gpt-oss-20b,0,2.0,2,2026-08-16T02:51:14.698367+00:00
appstore_389801252_14418579850,openai/gpt-oss-20b,0,1.0,1,2026-08-16T02:51:15.186197+00:00
appstore_389801252_14418719490,openai/gpt-oss-20b,0,1.0,1,2026-08-16T02:51:15.306340+00:00
appstore_389801252_14418204823,openai/gpt-oss-20b,0,5.0,5,2026-08-16T02:51:15.944068+00:00
appstore_389801252_14418296342,openai/gpt-oss-20b,0,1.0,1,2026-08-16T02:51:16.000636+00:00
appstore_389801252_14418435862,openai/gpt-oss-20b,0,1.0,1,2026-08-16T02:51:16.030177+00:00
appstore_389801252_14418278450,openai/gpt-oss-20b,0,1.0,1,2026-08-16T02:51:16.517019+00:00
appstore_389801252_14418082596,openai/gpt-oss-20b,0,5.0,5,2026-08-16T02:51:16.926318+00:00
appstore_389801252_14418133864,openai/gpt-oss-20b,0,1.0,1,2026-08-16T02:51:17.002899+00:00
appstore_389801252_14418083582,openai/gpt-oss-20b,0,1.0,1,2026-08-16T02:51:17.190763+00:00
appstore_389801252_14418078540,openai/gpt-oss-20b,0,1.0,1,2026-08-16T02:51:17.565269+00:00
appstore_389801252_14417814010,openai/gpt-oss-20b,0,1.0,1,2026-08-16T02:51:18.855073+00:00
appstore_389801252_14417810257,openai/gpt-oss-20b,0,5.0,5,2026-08-16T02:51:18.882015+00:00
appstore_389801252_14417736332,openai/gpt-oss-20b,0,5.0,5,2026-08-16T02:51:19.014209+00:00
appstore_389801252_14417725563,openai/gpt-oss-20b,0,1.0,1,2026-08-16T02:51:19.456694+00:00
appstore_389801252_14418050608,openai/gpt-oss-20b,0,2.0,2,2026-08-16T02:51:19.464625+00:00
appstore_389801252_14417676728,openai/gpt-oss-20b,0,1.0,1,2026-08-16T02:51:20.080254+00:00
appstore_389801252_14417679252,openai/gpt-oss-20b,0,1.0,1,2026-08-16T02:51:20.316579+00:00
appstore_389801252_14417579476,openai/gpt-oss-20b,0,1.0,1,2026-08-16T02:51:21.086068+00:00
appstore_389801252_14417399099,openai/gpt-oss-20b,0,1.0,1,2026-08-16T02:51:21.336485+00:00
appstore_389801252_14417447547,openai/gpt-oss-20b,0,1.0,1,2026-08-16T02:51:21.827564+00:00
appstore_389801252_14417378704,openai/gpt-oss-20b,0,1.0,1,2026-08-16T02:51:21.911276+00:00
appstore_389801252_14417353261,openai/gpt-oss-20b,0,5.0,5,2026-08-16T02:51:22.077570+00:00
appstore_389801252_14417628246,openai/gpt-oss-20b,0,1.0,1,2026-08-16T02:51:22.604206+00:00
appstore_389801252_14417347862,openai/gpt-oss-20b,0,5.0,5,2026-08-16T02:51:22.666183+00:00
appstore_389801252_14417251046,openai/gpt-oss-20b,0,1.0,1,2026-08-16T02:51:22.762659+00:00
appstore_389801252_14417248764,openai/gpt-oss-20b,0,1.0,1,2026-08-16T02:51:23.663246+00:00
appstore_389801252_14417156729,openai/gpt-oss-20b,0,1.0,1,2026-08-16T02:51:23.810897+00:00
appstore_389801252_14417289757,openai/gpt-oss-20b,0,1.0,1,2026-08-16T02:51:23.978172+00:00
appstore_389801252_14417027988,openai/gpt-oss-20b,0,5.0,5,2026-08-16T02:51:24.598271+00:00
appstore_389801252_14417130659,openai/gpt-oss-20b,0,5.0,5,2026-08-16T02:51:24.778246+00:00
appstore_389801252_14417197908,openai/gpt-oss-20b,0,1.0,1,2026-08-16T02:51:25.086568+00:00
appstore_389801252_14417022505,openai/gpt-oss-20b,0,2.0,2,2026-08-16T02:51:26.399900+00:00
appstore_389801252_14416920987,openai/gpt-oss-20b,0,1.0,1,2026-08-16T02:51:26.581840+00:00
appstore_389801252_14417012856,openai/gpt-oss-20b,0,1.0,1,2026-08-16T02:51:27.405062+00:00
appstore_389801252_14416857407,openai/gpt-oss-20b,0,1.0,1,2026-08-16T02:51:27.528472+00:00
appstore_389801252_14417110313,openai/gpt-oss-20b,0,2.0,2,2026-08-16T02:51:27.581096+00:00
appstore_389801252_14416846978,openai/gpt-oss-20b,0,1.0,1,2026-08-16T02:51:28.336064+00:00
appstore_284882215_14428839648,openai/gpt-oss-20b,0,1.0,1,2026-08-16T02:51:28.423634+00:00
appstore_389801252_14416966505,openai/gpt-oss-20b,0,5.0,5,2026-08-16T02:51:28.717922+00:00
appstore_389801252_14416832289,openai/gpt-oss-20b,0,1.0,1,2026-08-16T02:51:29.048243+00:00
appstore_284882215_14428770904,openai/gpt-oss-20b,0,3.0,3,2026-08-16T02:51:29.338102+00:00
appstore_284882215_14428782256,openai/gpt-oss-20b,0,5.0,5,2026-08-16T02:51:29.442728+00:00
appstore_284882215_14428821148,openai/gpt-oss-20b,0,1.0,1,2026-08-16T02:51:29.673084+00:00
appstore_284882215_14428758899,openai/gpt-oss-20b,0,1.0,1,2026-08-16T02:51:30.315784+00:00
appstore_284882215_14428808937,openai/gpt-oss-20b,0,1.0,1,2026-08-16T02:51:30.468602+00:00
appstore_284882215_14428740212,openai/gpt-oss-20b,0,1.0,1,2026-08-16T02:51:30.484130+00:00
appstore_284882215_14428692246,openai/gpt-oss-20b,0,5.0,5,2026-08-16T02:51:30.814523+00:00
appstore_284882215_14428760901,openai/gpt-oss-20b,0,1.0,1,2026-08-16T02:51:30.876530+00:00
appstore_284882215_14428731605,openai/gpt-oss-20b,0,1.0,1,2026-08-16T02:51:31.310739+00:00
appstore_284882215_14428669442,openai/gpt-oss-20b,0,4.0,4,2026-08-16T02:51:31.638520+00:00
appstore_284882215_14428677868,openai/gpt-oss-20b,0,1.0,1,2026-08-16T02:51:32.476056+00:00
appstore_284882215_14428713395,openai/gpt-oss-20b,0,4.0,4,2026-08-16T02:51:32.639654+00:00
appstore_284882215_14428682603,openai/gpt-oss-20b,0,2.0,2,2026-08-16T02:51:32.860605+00:00
appstore_284882215_14428619037,openai/gpt-oss-20b,0,2.0,2,2026-08-16T02:51:33.112827+00:00
appstore_284882215_14428615670,openai/gpt-oss-20b,0,1.0,1,2026-08-16T02:51:33.188767+00:00
appstore_284882215_14428570810,openai/gpt-oss-20b,0,1.0,1,2026-08-16T02:51:33.806208+00:00
appstore_284882215_14428601768,openai/gpt-oss-20b,0,5.0,5,2026-08-16T02:51:33.840072+00:00
appstore_284882215_14428544471,openai/gpt-oss-20b,0,5.0,5,2026-08-16T02:51:33.961090+00:00
appstore_284882215_14428603357,openai/gpt-oss-20b,0,1.0,1,2026-08-16T02:51:34.047624+00:00
appstore_284882215_14428523619,openai/gpt-oss-20b,0,1.0,1,2026-08-16T02:51:34.691659+00:00
appstore_284882215_14428499646,openai/gpt-oss-20b,0,5.0,5,2026-08-16T02:51:35.135071+00:00
appstore_284882215_14428496868,openai/gpt-oss-20b,0,5.0,5,2026-08-16T02:51:35.638012+00:00
appstore_284882215_14428537498,openai/gpt-oss-20b,0,4.0,4,2026-08-16T02:51:35.646081+00:00
appstore_284882215_14428501072,openai/gpt-oss-20b,0,1.0,1,2026-08-16T02:51:35.725975+00:00
appstore_284882215_14428481791,openai/gpt-oss-20b,0,5.0,5,2026-08-16T02:51:36.161013+00:00
appstore_284882215_14428496539,openai/gpt-oss-20b,0,2.0,2,2026-08-16T02:51:36.281207+00:00
appstore_284882215_14428479886,openai/gpt-oss-20b,0,1.0,1,2026-08-16T02:51:36.489220+00:00
appstore_284882215_14428433036,openai/gpt-oss-20b,0,5.0,5,2026-08-16T02:51:37.042686+00:00
appstore_284882215_14428333527,openai/gpt-oss-20b,0,1.0,1,2026-08-16T02:51:37.440468+00:00
appstore_284882215_14428458789,openai/gpt-oss-20b,0,5.0,5,2026-08-16T02:51:37.445876+00:00
appstore_284882215_14428349692,openai/gpt-oss-20b,0,5.0,5,2026-08-16T02:51:37.491699+00:00
appstore_284882215_14428330404,openai/gpt-oss-20b,0,1.0,1,2026-08-16T02:51:38.524419+00:00
appstore_284882215_14428280973,openai/gpt-oss-20b,0,1.0,1,2026-08-16T02:51:38.860489+00:00
appstore_284882215_14428255978,openai/gpt-oss-20b,0,4.0,4,2026-08-16T02:51:38.885216+00:00
appstore_284882215_14428324998,openai/gpt-oss-20b,0,1.0,1,2026-08-16T02:51:38.888833+00:00
appstore_284882215_14428280284,openai/gpt-oss-20b,0,5.0,5,2026-08-16T02:51:39.079732+00:00
appstore_284882215_14428250205,openai/gpt-oss-20b,0,5.0,5,2026-08-16T02:51:39.206882+00:00
appstore_284882215_14428252690,openai/gpt-oss-20b,0,5.0,5,2026-08-16T02:51:39.479112+00:00
appstore_284882215_14428147491,openai/gpt-oss-20b,0,5.0,5,2026-08-16T02:51:40.178630+00:00
appstore_284882215_14428230928,openai/gpt-oss-20b,0,1.0,1,2026-08-16T02:51:40.756601+00:00
appstore_284882215_14428117504,openai/gpt-oss-20b,0,5.0,5,2026-08-16T02:51:40.759912+00:00
appstore_284882215_14428179082,openai/gpt-oss-20b,0,1.0,1,2026-08-16T02:51:40.813748+00:00
appstore_284882215_14428245793,openai/gpt-oss-20b,0,3.0,3,2026-08-16T02:51:40.937748+00:00
appstore_284882215_14428108520,openai/gpt-oss-20b,0,5.0,5,2026-08-16T02:51:41.031825+00:00
appstore_284882215_14428044158,openai/gpt-oss-20b,0,5.0,5,2026-08-16T02:51:41.979117+00:00
appstore_284882215_14428107407,openai/gpt-oss-20b,0,5.0,5,2026-08-16T02:51:42.245885+00:00
appstore_284882215_14428082991,openai/gpt-oss-20b,0,5.0,5,2026-08-16T02:51:42.482888+00:00
appstore_284882215_14428031513,openai/gpt-oss-20b,0,5.0,5,2026-08-16T02:51:43.383097+00:00
appstore_284882215_14428089406,openai/gpt-oss-20b,0,1.0,1,2026-08-16T02:51:43.528380+00:00
appstore_284882215_14428042007,openai/gpt-oss-20b,0,2.0,2,2026-08-16T02:51:43.831282+00:00
appstore_284882215_14427983497,openai/gpt-oss-20b,0,1.0,1,2026-08-16T02:51:44.078974+00:00
appstore_284882215_14427979508,openai/gpt-oss-20b,0,1.0,1,2026-08-16T02:51:45.558384+00:00
appstore_284882215_14427971682,openai/gpt-oss-20b,0,2.0,2,2026-08-16T02:51:45.597686+00:00
appstore_284882215_14427963376,openai/gpt-oss-20b,0,3.0,3,2026-08-16T02:51:46.411228+00:00
appstore_284882215_14427980511,openai/gpt-oss-20b,0,2.0,2,2026-08-16T02:51:46.414109+00:00
appstore_284882215_14427848697,openai/gpt-oss-20b,0,5.0,5,2026-08-16T02:51:46.789260+00:00
appstore_284882215_14427879531,openai/gpt-oss-20b,0,5.0,5,2026-08-16T02:51:46.834684+00:00
appstore_284882215_14427819859,openai/gpt-oss-20b,0,1.0,1,2026-08-16T02:51:47.710811+00:00
appstore_284882215_14427847118,openai/gpt-oss-20b,0,5.0,5,2026-08-16T02:51:47.994148+00:00
appstore_284882215_14427813618,openai/gpt-oss-20b,0,5.0,5,2026-08-16T02:51:48.207716+00:00
appstore_284882215_14427822623,openai/gpt-oss-20b,0,4.0,4,2026-08-16T02:51:48.505842+00:00
appstore_284882215_14427805730,openai/gpt-oss-20b,0,1.0,1,2026-08-16T02:51:48.875370+00:00
appstore_284882215_14427789270,openai/gpt-oss-20b,0,1.0,1,2026-08-16T02:51:48.891598+00:00
appstore_284882215_14427802433,openai/gpt-oss-20b,0,1.0,1,2026-08-16T02:51:49.394758+00:00
appstore_284882215_14427770540,openai/gpt-oss-20b,0,5.0,5,2026-08-16T02:51:49.889159+00:00
appstore_284882215_14427788565,openai/gpt-oss-20b,0,5.0,5,2026-08-16T02:51:49.909516+00:00
appstore_284882215_14427789380,openai/gpt-oss-20b,0,1.0,1,2026-08-16T02:51:50.116406+00:00
appstore_284882215_14427743867,openai/gpt-oss-20b,0,1.0,1,2026-08-16T02:51:50.919540+00:00
appstore_284882215_14427768659,openai/gpt-oss-20b,0,4.0,4,2026-08-16T02:51:50.921922+00:00
appstore_284882215_14427740159,openai/gpt-oss-20b,0,1.0,1,2026-08-16T02:51:50.929927+00:00
appstore_284882215_14427633357,openai/gpt-oss-20b,0,5.0,5,2026-08-16T02:51:51.806482+00:00
appstore_284882215_14427708197,openai/gpt-oss-20b,0,2.0,2,2026-08-16T02:51:51.809745+00:00
appstore_284882215_14427691427,openai/gpt-oss-20b,0,4.0,4,2026-08-16T02:51:52.319309+00:00
appstore_284882215_14427540451,openai/gpt-oss-20b,0,5.0,5,2026-08-16T02:51:52.863492+00:00
appstore_284882215_14427534705,openai/gpt-oss-20b,0,5.0,5,2026-08-16T02:51:52.972941+00:00
appstore_284882215_14427477377,openai/gpt-oss-20b,0,5.0,5,2026-08-16T02:51:54.523774+00:00
appstore_284882215_14427577893,openai/gpt-oss-20b,0,1.0,1,2026-08-16T02:51:54.644113+00:00
appstore_284882215_14427457942,openai/gpt-oss-20b,0,2.0,2,2026-08-16T02:51:54.740791+00:00
appstore_284882215_14427437925,openai/gpt-oss-20b,0,1.0,1,2026-08-16T02:51:54.931251+00:00
appstore_284882215_14427352667,openai/gpt-oss-20b,0,4.0,4,2026-08-16T02:51:55.861839+00:00
appstore_284882215_14427427936,openai/gpt-oss-20b,0,1.0,1,2026-08-16T02:51:56.147122+00:00
appstore_284882215_14427423582,openai/gpt-oss-20b,0,1.0,1,2026-08-16T02:51:56.556203+00:00
appstore_284882215_14427287481,openai/gpt-oss-20b,0,1.0,1,2026-08-16T02:51:56.823034+00:00
appstore_284882215_14427312285,openai/gpt-oss-20b,0,1.0,1,2026-08-16T02:51:57.129715+00:00
appstore_284882215_14427436540,openai/gpt-oss-20b,0,2.0,2,2026-08-16T02:51:57.564612+00:00
appstore_284882215_14427243110,openai/gpt-oss-20b,0,1.0,1,2026-08-16T02:51:58.129685+00:00
appstore_284882215_14427241404,openai/gpt-oss-20b,0,5.0,5,2026-08-16T02:51:58.325568+00:00
appstore_284882215_14427231941,openai/gpt-oss-20b,0,1.0,1,2026-08-16T02:51:59.088346+00:00
appstore_284882215_14427227713,openai/gpt-oss-20b,0,1.0,1,2026-08-16T02:51:59.355768+00:00
appstore_284882215_14427229827,openai/gpt-oss-20b,0,4.0,4,2026-08-16T02:52:00.127702+00:00
appstore_284882215_14427213612,openai/gpt-oss-20b,0,5.0,5,2026-08-16T02:52:01.398223+00:00
appstore_284882215_14427188298,openai/gpt-oss-20b,0,3.0,3,2026-08-16T02:52:03.613409+00:00
appstore_284882215_14427222801,openai/gpt-oss-20b,0,1.0,1,2026-08-16T02:52:04.494859+00:00
appstore_284882215_14427143617,openai/gpt-oss-20b,0,2.0,2,2026-08-16T02:52:04.505497+00:00
appstore_284882215_14427139966,openai/gpt-oss-20b,0,5.0,5,2026-08-16T02:52:05.277414+00:00
appstore_284882215_14427346047,openai/gpt-oss-20b,0,5.0,5,2026-08-16T02:52:05.728229+00:00
appstore_284882215_14427107338,openai/gpt-oss-20b,0,1.0,1,2026-08-16T02:52:05.848601+00:00
appstore_284882215_14427108595,openai/gpt-oss-20b,0,5.0,5,2026-08-16T02:52:06.156322+00:00
appstore_284882215_14426984170,openai/gpt-oss-20b,0,2.0,2,2026-08-16T02:52:06.302474+00:00
appstore_284882215_14427079385,openai/gpt-oss-20b,0,1.0,1,2026-08-16T02:52:06.928839+00:00
appstore_284882215_14427041258,openai/gpt-oss-20b,0,5.0,5,2026-08-16T02:52:07.014389+00:00
appstore_284882215_14426932799,openai/gpt-oss-20b,0,1.0,1,2026-08-16T02:52:07.142516+00:00
appstore_284882215_14426917484,openai/gpt-oss-20b,0,5.0,5,2026-08-16T02:52:07.855689+00:00
appstore_284882215_14426936020,openai/gpt-oss-20b,0,1.0,1,2026-08-16T02:52:08.629412+00:00
appstore_284882215_14426894657,openai/gpt-oss-20b,0,1.0,1,2026-08-16T02:52:08.649382+00:00
appstore_284882215_14426909890,openai/gpt-oss-20b,0,1.0,1,2026-08-16T02:52:09.109243+00:00
appstore_284882215_14426873424,openai/gpt-oss-20b,0,1.0,1,2026-08-16T02:52:09.353922+00:00
appstore_284882215_14426892962,openai/gpt-oss-20b,0,5.0,5,2026-08-16T02:52:09.369113+00:00
appstore_284882215_14426880560,openai/gpt-oss-20b,0,5.0,5,2026-08-16T02:52:09.453754+00:00
appstore_284882215_14426870441,openai/gpt-oss-20b,0,5.0,5,2026-08-16T02:52:09.969956+00:00
appstore_284882215_14426827690,openai/gpt-oss-20b,0,1.0,1,2026-08-16T02:52:10.269168+00:00
appstore_284882215_14426857755,openai/gpt-oss-20b,0,1.0,1,2026-08-16T02:52:10.453202+00:00
appstore_284882215_14426841582,openai/gpt-oss-20b,0,5.0,5,2026-08-16T02:52:10.533711+00:00
appstore_284882215_14426803737,openai/gpt-oss-20b,0,1.0,1,2026-08-16T02:52:11.198224+00:00
appstore_284882215_14426756178,openai/gpt-oss-20b,0,5.0,5,2026-08-16T02:52:11.313763+00:00
appstore_284882215_14426765076,openai/gpt-oss-20b,0,1.0,1,2026-08-16T02:52:11.368715+00:00
appstore_284882215_14426710654,openai/gpt-oss-20b,0,1.0,1,2026-08-16T02:52:12.194556+00:00
appstore_284882215_14426758117,openai/gpt-oss-20b,0,5.0,5,2026-08-16T02:52:12.203687+00:00
appstore_284882215_14426749547,openai/gpt-oss-20b,0,1.0,1,2026-08-16T02:52:12.233261+00:00
appstore_284882215_14426737578,openai/gpt-oss-20b,0,1.0,1,2026-08-16T02:52:12.274389+00:00
appstore_284882215_14426646234,openai/gpt-oss-20b,0,5.0,5,2026-08-16T02:52:13.443171+00:00
appstore_284882215_14426645910,openai/gpt-oss-20b,0,1.0,1,2026-08-16T02:52:13.645831+00:00
appstore_284882215_14426686542,openai/gpt-oss-20b,0,3.0,3,2026-08-16T02:52:13.771330+00:00
appstore_284882215_14426593408,openai/gpt-oss-20b,0,1.0,1,2026-08-16T02:52:13.884297+00:00
appstore_284882215_14426532908,openai/gpt-oss-20b,0,3.0,3,2026-08-16T02:52:14.460786+00:00
appstore_284882215_14426534557,openai/gpt-oss-20b,0,5.0,5,2026-08-16T02:52:14.770171+00:00
appstore_284882215_14426519878,openai/gpt-oss-20b,0,1.0,1,2026-08-16T02:52:14.773068+00:00
appstore_284882215_14426469405,openai/gpt-oss-20b,0,1.0,1,2026-08-16T02:52:15.001515+00:00
appstore_284882215_14426476021,openai/gpt-oss-20b,0,1.0,1,2026-08-16T02:52:15.059506+00:00
appstore_284882215_14426530720,openai/gpt-oss-20b,0,1.0,1,2026-08-16T02:52:15.093602+00:00
appstore_284882215_14426465630,openai/gpt-oss-20b,0,1.0,1,2026-08-16T02:52:15.993316+00:00
appstore_284882215_14426512070,openai/gpt-oss-20b,0,5.0,5,2026-08-16T02:52:16.170325+00:00
appstore_284882215_14426427494,openai/gpt-oss-20b,0,1.0,1,2026-08-16T02:52:16.799840+00:00
appstore_284882215_14426466886,openai/gpt-oss-20b,0,1.0,1,2026-08-16T02:52:17.097139+00:00
appstore_284882215_14426421728,openai/gpt-oss-20b,0,5.0,5,2026-08-16T02:52:17.144902+00:00
appstore_284882215_14426373669,openai/gpt-oss-20b,0,1.0,1,2026-08-16T02:52:17.869546+00:00
appstore_284882215_14426326736,openai/gpt-oss-20b,0,5.0,5,2026-08-16T02:52:18.430393+00:00
appstore_284882215_14426336833,openai/gpt-oss-20b,0,1.0,1,2026-08-16T02:52:18.488268+00:00
appstore_284882215_14426274092,openai/gpt-oss-20b,0,5.0,5,2026-08-16T02:52:18.532298+00:00
appstore_284882215_14426353652,openai/gpt-oss-20b,0,1.0,1,2026-08-16T02:52:18.704554+00:00
appstore_284882215_14426266935,openai/gpt-oss-20b,0,1.0,1,2026-08-16T02:52:20.004469+00:00
appstore_284882215_14426177240,openai/gpt-oss-20b,0,1.0,1,2026-08-16T02:52:20.193871+00:00
appstore_284882215_14426078119,openai/gpt-oss-20b,0,4.0,4,2026-08-16T02:52:20.262176+00:00
appstore_284882215_14426001203,openai/gpt-oss-20b,0,1.0,1,2026-08-16T02:52:20.361615+00:00
appstore_284882215_14425761989,openai/gpt-oss-20b,0,4.0,4,2026-08-16T02:52:21.501159+00:00
appstore_284882215_14425750212,openai/gpt-oss-20b,0,1.0,1,2026-08-16T02:52:21.643147+00:00
appstore_284882215_14425785313,openai/gpt-oss-20b,0,1.0,1,2026-08-16T02:52:21.722800+00:00
appstore_284882215_14425696042,openai/gpt-oss-20b,0,1.0,1,2026-08-16T02:52:21.944089+00:00
appstore_284882215_14425787025,openai/gpt-oss-20b,0,1.0,1,2026-08-16T02:52:22.546056+00:00
appstore_284882215_14425532475,openai/gpt-oss-20b,0,1.0,1,2026-08-16T02:52:22.717175+00:00
appstore_284882215_14425666132,openai/gpt-oss-20b,0,1.0,1,2026-08-16T02:52:22.720553+00:00
appstore_284882215_14425489939,openai/gpt-oss-20b,0,1.0,1,2026-08-16T02:52:23.490943+00:00
appstore_284882215_14425483082,openai/gpt-oss-20b,0,1.0,1,2026-08-16T02:52:24.196881+00:00
appstore_284882215_14425712811,openai/gpt-oss-20b,0,1.0,1,2026-08-16T02:52:24.372944+00:00
appstore_284882215_14425408273,openai/gpt-oss-20b,0,5.0,5,2026-08-16T02:52:25.113435+00:00
appstore_284882215_14425355158,openai/gpt-oss-20b,0,5.0,5,2026-08-16T02:52:25.325157+00:00
appstore_284882215_14425358120,openai/gpt-oss-20b,0,1.0,1,2026-08-16T02:52:26.070314+00:00
appstore_284882215_14425403739,openai/gpt-oss-20b,0,2.0,2,2026-08-16T02:52:26.225200+00:00
appstore_284882215_14425337615,openai/gpt-oss-20b,0,5.0,5,2026-08-16T02:52:26.386609+00:00
appstore_284882215_14425283240,openai/gpt-oss-20b,0,5.0,5,2026-08-16T02:52:26.424389+00:00
appstore_284882215_14425326582,openai/gpt-oss-20b,0,2.0,2,2026-08-16T02:52:26.833922+00:00
appstore_284882215_14425278373,openai/gpt-oss-20b,0,5.0,5,2026-08-16T02:52:27.570962+00:00
appstore_284882215_14425252732,openai/gpt-oss-20b,0,5.0,5,2026-08-16T02:52:27.981413+00:00
appstore_284882215_14425300622,openai/gpt-oss-20b,0,4.0,4,2026-08-16T02:52:28.002106+00:00
appstore_284882215_14425212774,openai/gpt-oss-20b,0,1.0,1,2026-08-16T02:52:28.826509+00:00
appstore_284882215_14425204038,openai/gpt-oss-20b,0,1.0,1,2026-08-16T02:52:28.944917+00:00
appstore_284882215_14425239722,openai/gpt-oss-20b,0,3.0,3,2026-08-16T02:52:29.028149+00:00
appstore_284882215_14425186765,openai/gpt-oss-20b,0,5.0,5,2026-08-16T02:52:29.412344+00:00
appstore_284882215_14425159796,openai/gpt-oss-20b,0,1.0,1,2026-08-16T02:52:29.573407+00:00
appstore_284882215_14425238116,openai/gpt-oss-20b,0,5.0,5,2026-08-16T02:52:29.620461+00:00
appstore_284882215_14425175881,openai/gpt-oss-20b,0,1.0,1,2026-08-16T02:52:29.746788+00:00
appstore_284882215_14425062485,openai/gpt-oss-20b,0,1.0,1,2026-08-16T02:52:30.865753+00:00
appstore_284882215_14425075368,openai/gpt-oss-20b,0,1.0,1,2026-08-16T02:52:30.873528+00:00
appstore_284882215_14425056547,openai/gpt-oss-20b,0,1.0,1,2026-08-16T02:52:31.379068+00:00
appstore_284882215_14424951603,openai/gpt-oss-20b,0,5.0,5,2026-08-16T02:52:32.039568+00:00
appstore_284882215_14424908291,openai/gpt-oss-20b,0,5.0,5,2026-08-16T02:52:32.144412+00:00
appstore_284882215_14425022365,openai/gpt-oss-20b,0,1.0,1,2026-08-16T02:52:32.567310+00:00
appstore_284882215_14424830387,openai/gpt-oss-20b,0,2.0,2,2026-08-16T02:52:32.981941+00:00
appstore_284882215_14424966681,openai/gpt-oss-20b,0,2.0,2,2026-08-16T02:52:33.180700+00:00
appstore_284882215_14424861576,openai/gpt-oss-20b,0,2.0,2,2026-08-16T02:52:34.107861+00:00
appstore_284882215_14424848138,openai/gpt-oss-20b,0,3.0,3,2026-08-16T02:52:34.819013+00:00
appstore_284882215_14424780261,openai/gpt-oss-20b,0,2.0,2,2026-08-16T02:52:35.121927+00:00
appstore_284882215_14424775623,openai/gpt-oss-20b,0,5.0,5,2026-08-16T02:52:35.558549+00:00
appstore_284882215_14424772449,openai/gpt-oss-20b,0,1.0,1,2026-08-16T02:52:35.837749+00:00
appstore_284882215_14424731353,openai/gpt-oss-20b,0,5.0,5,2026-08-16T02:52:36.435656+00:00
appstore_284882215_14424759903,openai/gpt-oss-20b,0,1.0,1,2026-08-16T02:52:36.801831+00:00
appstore_284882215_14424710417,openai/gpt-oss-20b,0,5.0,5,2026-08-16T02:52:36.994665+00:00
appstore_284882215_14424787190,openai/gpt-oss-20b,0,1.0,1,2026-08-16T02:52:37.066949+00:00
appstore_284882215_14424708403,openai/gpt-oss-20b,0,5.0,5,2026-08-16T02:52:37.200414+00:00
appstore_284882215_14424697352,openai/gpt-oss-20b,0,2.0,2,2026-08-16T02:52:37.397553+00:00
appstore_284882215_14424701783,openai/gpt-oss-20b,0,1.0,1,2026-08-16T02:52:37.678028+00:00
appstore_284882215_14424687531,openai/gpt-oss-20b,0,5.0,5,2026-08-16T02:52:38.005203+00:00
appstore_284882215_14424683464,openai/gpt-oss-20b,0,1.0,1,2026-08-16T02:52:38.146969+00:00
appstore_284882215_14424614660,openai/gpt-oss-20b,0,2.0,2,2026-08-16T02:52:38.528390+00:00
appstore_284882215_14424623417,openai/gpt-oss-20b,0,1.0,1,2026-08-16T02:52:38.689682+00:00
appstore_284882215_14424662503,openai/gpt-oss-20b,0,3.0,3,2026-08-16T02:52:39.280695+00:00
appstore_284882215_14424594595,openai/gpt-oss-20b,0,5.0,5,2026-08-16T02:52:39.401413+00:00
appstore_284882215_14424568626,openai/gpt-oss-20b,0,1.0,1,2026-08-16T02:52:39.530989+00:00
appstore_284882215_14424439544,openai/gpt-oss-20b,0,1.0,1,2026-08-16T02:52:39.793028+00:00
appstore_284882215_14424494136,openai/gpt-oss-20b,0,5.0,5,2026-08-16T02:52:39.814326+00:00
appstore_284882215_14424590946,openai/gpt-oss-20b,0,4.0,4,2026-08-16T02:52:39.846076+00:00
appstore_284882215_14424405546,openai/gpt-oss-20b,0,5.0,5,2026-08-16T02:52:41.003468+00:00
appstore_284882215_14424418708,openai/gpt-oss-20b,0,1.0,1,2026-08-16T02:52:41.082296+00:00
appstore_284882215_14424431337,openai/gpt-oss-20b,0,5.0,5,2026-08-16T02:52:41.103437+00:00
appstore_284882215_14424492332,openai/gpt-oss-20b,0,5.0,5,2026-08-16T02:52:41.274638+00:00
appstore_284882215_14424389307,openai/gpt-oss-20b,0,1.0,1,2026-08-16T02:52:41.831264+00:00
appstore_284882215_14424362947,openai/gpt-oss-20b,0,5.0,5,2026-08-16T02:52:42.585156+00:00
appstore_284882215_14424377765,openai/gpt-oss-20b,0,1.0,1,2026-08-16T02:52:43.154145+00:00
appstore_284882215_14424341505,openai/gpt-oss-20b,0,4.0,4,2026-08-16T02:52:43.376532+00:00
appstore_284882215_14424292238,openai/gpt-oss-20b,0,5.0,5,2026-08-16T02:52:43.403858+00:00
appstore_284882215_14424330368,openai/gpt-oss-20b,0,1.0,1,2026-08-16T02:52:43.627305+00:00
appstore_284882215_14424252818,openai/gpt-oss-20b,0,5.0,5,2026-08-16T02:52:44.360452+00:00
appstore_284882215_14424260318,openai/gpt-oss-20b,0,1.0,1,2026-08-16T02:52:44.718969+00:00
appstore_284882215_14424234151,openai/gpt-oss-20b,0,1.0,1,2026-08-16T02:52:45.078693+00:00
appstore_284882215_14424238506,openai/gpt-oss-20b,0,2.0,2,2026-08-16T02:52:45.228852+00:00
appstore_284882215_14424199804,openai/gpt-oss-20b,0,1.0,1,2026-08-16T02:52:45.790515+00:00
appstore_284882215_14424194111,openai/gpt-oss-20b,0,4.0,4,2026-08-16T02:52:46.422739+00:00
appstore_284882215_14424159326,openai/gpt-oss-20b,0,1.0,1,2026-08-16T02:52:46.435814+00:00
appstore_284882215_14424141384,openai/gpt-oss-20b,0,1.0,1,2026-08-16T02:52:46.611666+00:00
appstore_284882215_14424129244,openai/gpt-oss-20b,0,1.0,1,2026-08-16T02:52:47.265638+00:00
appstore_284882215_14424045430,openai/gpt-oss-20b,0,1.0,1,2026-08-16T02:52:47.819457+00:00
appstore_284882215_14424116742,openai/gpt-oss-20b,0,1.0,1,2026-08-16T02:52:48.080714+00:00
appstore_284882215_14424028125,openai/gpt-oss-20b,0,5.0,5,2026-08-16T02:52:48.389082+00:00
appstore_284882215_14424021510,openai/gpt-oss-20b,0,1.0,1,2026-08-16T02:52:48.427776+00:00
appstore_284882215_14424036837,openai/gpt-oss-20b,0,5.0,5,2026-08-16T02:52:48.958429+00:00
appstore_284882215_14424015455,openai/gpt-oss-20b,0,1.0,1,2026-08-16T02:52:49.026361+00:00
appstore_284882215_14423917649,openai/gpt-oss-20b,0,2.0,2,2026-08-16T02:52:49.402447+00:00
appstore_284882215_14423925958,openai/gpt-oss-20b,0,1.0,1,2026-08-16T02:52:49.751552+00:00
appstore_284882215_14423977460,openai/gpt-oss-20b,0,1.0,1,2026-08-16T02:52:49.779783+00:00
appstore_284882215_14423966291,openai/gpt-oss-20b,0,1.0,1,2026-08-16T02:52:49.969953+00:00
appstore_284882215_14423885380,openai/gpt-oss-20b,0,1.0,1,2026-08-16T02:52:50.362749+00:00
appstore_284882215_14423908159,openai/gpt-oss-20b,0,1.0,1,2026-08-16T02:52:50.744221+00:00
appstore_284882215_14423857681,openai/gpt-oss-20b,0,1.0,1,2026-08-16T02:52:50.944552+00:00
appstore_284882215_14423814659,openai/gpt-oss-20b,0,1.0,1,2026-08-16T02:52:51.320480+00:00
appstore_284882215_14423806031,openai/gpt-oss-20b,0,1.0,1,2026-08-16T02:52:51.973417+00:00
appstore_284882215_14423703723,openai/gpt-oss-20b,0,1.0,1,2026-08-16T02:52:52.671014+00:00
appstore_284882215_14423740776,openai/gpt-oss-20b,0,3.0,3,2026-08-16T02:52:53.049950+00:00
appstore_284882215_14423765115,openai/gpt-oss-20b,0,2.0,2,2026-08-16T02:52:53.072717+00:00
appstore_284882215_14423660868,openai/gpt-oss-20b,0,1.0,1,2026-08-16T02:52:53.314807+00:00
appstore_284882215_14423683468,openai/gpt-oss-20b,0,4.0,4,2026-08-16T02:52:53.480481+00:00
appstore_284882215_14423601327,openai/gpt-oss-20b,0,5.0,5,2026-08-16T02:52:54.180809+00:00
appstore_284882215_14423635431,openai/gpt-oss-20b,0,1.0,1,2026-08-16T02:52:54.362321+00:00
appstore_284882215_14423550151,openai/gpt-oss-20b,0,2.0,2,2026-08-16T02:52:54.485072+00:00
appstore_284882215_14423588796,openai/gpt-oss-20b,0,1.0,1,2026-08-16T02:52:54.522925+00:00
appstore_284882215_14423633374,openai/gpt-oss-20b,0,1.0,1,2026-08-16T02:52:54.564468+00:00
appstore_284882215_14423456237,openai/gpt-oss-20b,0,5.0,5,2026-08-16T02:52:55.231616+00:00
appstore_284882215_14423526007,openai/gpt-oss-20b,0,1.0,1,2026-08-16T02:52:55.874209+00:00
appstore_284882215_14423425790,openai/gpt-oss-20b,0,1.0,1,2026-08-16T02:52:56.214965+00:00
appstore_284882215_14423522282,openai/gpt-oss-20b,0,2.0,2,2026-08-16T02:52:56.282662+00:00
appstore_284882215_14423440693,openai/gpt-oss-20b,0,4.0,4,2026-08-16T02:52:56.894120+00:00
appstore_284882215_14423418730,openai/gpt-oss-20b,0,5.0,5,2026-08-16T02:52:56.898106+00:00
appstore_284882215_14423419062,openai/gpt-oss-20b,0,5.0,5,2026-08-16T02:52:57.539526+00:00
appstore_284882215_14423417773,openai/gpt-oss-20b,0,5.0,5,2026-08-16T02:52:57.647498+00:00
appstore_284882215_14423380334,openai/gpt-oss-20b,0,1.0,1,2026-08-16T02:52:57.879901+00:00
appstore_284882215_14423355702,openai/gpt-oss-20b,0,1.0,1,2026-08-16T02:52:58.613050+00:00
appstore_284882215_14423472451,openai/gpt-oss-20b,0,3.0,3,2026-08-16T02:52:58.820640+00:00
appstore_284882215_14423278539,openai/gpt-oss-20b,0,5.0,5,2026-08-16T02:52:58.971589+00:00
appstore_284882215_14423310477,openai/gpt-oss-20b,0,5.0,5,2026-08-16T02:52:59.077158+00:00
appstore_284882215_14423345741,openai/gpt-oss-20b,0,2.0,2,2026-08-16T02:52:59.174412+00:00
appstore_284882215_14423234192,openai/gpt-oss-20b,0,5.0,5,2026-08-16T02:52:59.768426+00:00
appstore_284882215_14423218420,openai/gpt-oss-20b,0,5.0,5,2026-08-16T02:52:59.793257+00:00
appstore_284882215_14423241579,openai/gpt-oss-20b,0,1.0,1,2026-08-16T02:52:59.861930+00:00
appstore_284882215_14423215164,openai/gpt-oss-20b,0,5.0,5,2026-08-16T02:53:00.589748+00:00
appstore_284882215_14423161822,openai/gpt-oss-20b,0,1.0,1,2026-08-16T02:53:00.938133+00:00
appstore_284882215_14423168376,openai/gpt-oss-20b,0,1.0,1,2026-08-16T02:53:01.111823+00:00
appstore_284882215_14423252427,openai/gpt-oss-20b,0,1.0,1,2026-08-16T02:53:01.527636+00:00
appstore_284882215_14423155557,openai/gpt-oss-20b,0,5.0,5,2026-08-16T02:53:01.585832+00:00
appstore_284882215_14423121223,openai/gpt-oss-20b,0,1.0,1,2026-08-16T02:53:01.981355+00:00
appstore_284882215_14423157132,openai/gpt-oss-20b,0,2.0,2,2026-08-16T02:53:02.951740+00:00
appstore_284882215_14423087621,openai/gpt-oss-20b,0,3.0,3,2026-08-16T02:53:03.685449+00:00
appstore_284882215_14423084394,openai/gpt-oss-20b,0,1.0,1,2026-08-16T02:53:03.804807+00:00
appstore_284882215_14423081475,openai/gpt-oss-20b,0,1.0,1,2026-08-16T02:53:03.808477+00:00
appstore_284882215_14423057083,openai/gpt-oss-20b,0,1.0,1,2026-08-16T02:53:05.139986+00:00
appstore_284882215_14423056746,openai/gpt-oss-20b,0,2.0,2,2026-08-16T02:53:05.526951+00:00
appstore_284882215_14423063264,openai/gpt-oss-20b,0,2.0,2,2026-08-16T02:53:05.636036+00:00
appstore_284882215_14423045712,openai/gpt-oss-20b,0,5.0,5,2026-08-16T02:53:05.774127+00:00
appstore_284882215_14423133502,openai/gpt-oss-20b,0,1.0,1,2026-08-16T02:53:06.036272+00:00
appstore_284882215_14423013202,openai/gpt-oss-20b,0,5.0,5,2026-08-16T02:53:06.689573+00:00
appstore_284882215_14423013349,openai/gpt-oss-20b,0,5.0,5,2026-08-16T02:53:06.693767+00:00
appstore_284882215_14422976013,openai/gpt-oss-20b,0,5.0,5,2026-08-16T02:53:06.770255+00:00
appstore_284882215_14423014752,openai/gpt-oss-20b,0,1.0,1,2026-08-16T02:53:07.192671+00:00
appstore_284882215_14422880807,openai/gpt-oss-20b,0,4.0,4,2026-08-16T02:53:07.310238+00:00
appstore_284882215_14422914980,openai/gpt-oss-20b,0,5.0,5,2026-08-16T02:53:07.878814+00:00
appstore_284882215_14422856243,openai/gpt-oss-20b,0,1.0,1,2026-08-16T02:53:07.962602+00:00
appstore_284882215_14422914883,openai/gpt-oss-20b,0,1.0,1,2026-08-16T02:53:08.559473+00:00
appstore_284882215_14422799487,openai/gpt-oss-20b,0,1.0,1,2026-08-16T02:53:08.921471+00:00
appstore_284882215_14422814734,openai/gpt-oss-20b,0,5.0,5,2026-08-16T02:53:09.237500+00:00
appstore_284882215_14422829123,openai/gpt-oss-20b,0,1.0,1,2026-08-16T02:53:09.482075+00:00
appstore_284882215_14422771511,openai/gpt-oss-20b,0,5.0,5,2026-08-16T02:53:09.811458+00:00
appstore_284882215_14422743036,openai/gpt-oss-20b,0,1.0,1,2026-08-16T02:53:09.931904+00:00
appstore_284882215_14422845022,openai/gpt-oss-20b,0,1.0,1,2026-08-16T02:53:10.218392+00:00
appstore_284882215_14422685575,openai/gpt-oss-20b,0,5.0,5,2026-08-16T02:53:10.230669+00:00
appstore_284882215_14422678669,openai/gpt-oss-20b,0,5.0,5,2026-08-16T02:53:10.956315+00:00
appstore_284882215_14422677045,openai/gpt-oss-20b,0,1.0,1,2026-08-16T02:53:10.980861+00:00
appstore_284882215_14422638862,openai/gpt-oss-20b,0,5.0,5,2026-08-16T02:53:11.473038+00:00
appstore_284882215_14422596472,openai/gpt-oss-20b,0,4.0,4,2026-08-16T02:53:12.064925+00:00
appstore_284882215_14422675971,openai/gpt-oss-20b,0,1.0,1,2026-08-16T02:53:12.836082+00:00
appstore_284882215_14422587765,openai/gpt-oss-20b,0,5.0,5,2026-08-16T02:53:12.864369+00:00
appstore_284882215_14422591450,openai/gpt-oss-20b,0,1.0,1,2026-08-16T02:53:13.009045+00:00
appstore_835599320_14428810253,ibm-granite/granite-4.1-8b,0,4.0,4,2026-08-16T02:53:13.268586+00:00
appstore_835599320_14428765041,ibm-granite/granite-4.1-8b,0,4.0,4,2026-08-16T02:53:13.278164+00:00
appstore_835599320_14428819095,ibm-granite/granite-4.1-8b,0,3.0,3,2026-08-16T02:53:13.289330+00:00
appstore_835599320_14428739444,ibm-granite/granite-4.1-8b,0,4.0,4,2026-08-16T02:53:13.398099+00:00
appstore_835599320_14428744196,ibm-granite/granite-4.1-8b,0,2.0,2,2026-08-16T02:53:13.421768+00:00
appstore_835599320_14428723654,ibm-granite/granite-4.1-8b,0,3.0,3,2026-08-16T02:53:13.427656+00:00
appstore_835599320_14428760384,ibm-granite/granite-4.1-8b,0,1.0,1,2026-08-16T02:53:13.479165+00:00
appstore_835599320_14428686470,ibm-granite/granite-4.1-8b,0,5.0,5,2026-08-16T02:53:13.548407+00:00
appstore_835599320_14428646778,ibm-granite/granite-4.1-8b,0,5.0,5,2026-08-16T02:53:13.559681+00:00
appstore_835599320_14428629157,ibm-granite/granite-4.1-8b,0,2.0,2,2026-08-16T02:53:13.616937+00:00
appstore_835599320_14428619843,ibm-granite/granite-4.1-8b,0,2.0,2,2026-08-16T02:53:13.670729+00:00
appstore_835599320_14428594451,ibm-granite/granite-4.1-8b,0,3.0,3,2026-08-16T02:53:13.707225+00:00
appstore_835599320_14428571539,ibm-granite/granite-4.1-8b,0,3.0,3,2026-08-16T02:53:13.739575+00:00
appstore_835599320_14428564204,ibm-granite/granite-4.1-8b,0,3.0,3,2026-08-16T02:53:13.791553+00:00
appstore_835599320_14428700403,ibm-granite/granite-4.1-8b,0,3.0,"3

The review is extremely brief, providing only the title ""Larp"" and no additional context or sentiment. Without more information, a neutral rating of 3 (average) is the most reasonable assumption.",2026-08-16T02:53:13.829159+00:00
appstore_835599320_14428553408,ibm-granite/granite-4.1-8b,0,1.0,1,2026-08-16T02:53:13.831447+00:00
appstore_835599320_14428514180,ibm-granite/granite-4.1-8b,0,2.0,2,2026-08-16T02:53:13.914030+00:00
appstore_835599320_14428511012,ibm-granite/granite-4.1-8b,0,3.0,3,2026-08-16T02:53:13.958627+00:00
appstore_835599320_14428449077,ibm-granite/granite-4.1-8b,0,3.0,3,2026-08-16T02:53:13.968254+00:00
appstore_835599320_14428438964,ibm-granite/granite-4.1-8b,0,1.0,1,2026-08-16T02:53:14.060852+00:00
appstore_835599320_14428412194,ibm-granite/granite-4.1-8b,0,4.0,4,2026-08-16T02:53:14.084758+00:00
appstore_835599320_14428374927,ibm-granite/granite-4.1-8b,0,2.0,2,2026-08-16T02:53:14.101371+00:00
appstore_835599320_14428356558,ibm-granite/granite-4.1-8b,0,3.0,3,2026-08-16T02:53:14.191259+00:00
appstore_835599320_14428351905,ibm-granite/granite-4.1-8b,0,1.0,1,2026-08-16T02:53:14.211461+00:00
appstore_835599320_14428517333,ibm-granite/granite-4.1-8b,0,3.0,"3

The review title ""Numnum"" and the text ""Numnumnumnumnumnumnum"" lack substantive content or clear sentiment, suggesting a neutral to mildly positive experience without strong praise or criticism. Therefore, a rating of 3 (neutral) is a reasonable prediction.",2026-08-16T02:53:14.266688+00:00
appstore_835599320_14428244899,ibm-granite/granite-4.1-8b,0,5.0,5,2026-08-16T02:53:14.313014+00:00
appstore_835599320_14428237025,ibm-granite/granite-4.1-8b,0,2.0,2,2026-08-16T02:53:14.353708+00:00
appstore_835599320_14428236483,ibm-granite/granite-4.1-8b,0,2.0,2,2026-08-16T02:53:14.401525+00:00
appstore_835599320_14428197349,ibm-granite/granite-4.1-8b,0,1.0,1,2026-08-16T02:53:14.435411+00:00
appstore_835599320_14428171225,ibm-granite/granite-4.1-8b,0,4.0,4,2026-08-16T02:53:14.477247+00:00
appstore_835599320_14428089882,ibm-granite/granite-4.1-8b,0,2.0,2,2026-08-16T02:53:14.521564+00:00
appstore_835599320_14428076460,ibm-granite/granite-4.1-8b,0,3.0,3,2026-08-16T02:53:14.556552+00:00
appstore_835599320_14428055987,ibm-granite/granite-4.1-8b,0,2.0,2,2026-08-16T02:53:14.594735+00:00
appstore_835599320_14428341371,ibm-granite/granite-4.1-8b,0,3.0,"3

The review title ""Susie"" and the text ""Susie"" provide very little substantive information about the user's experience with the app. Without any clear indication of satisfaction or dissatisfaction, a neutral rating of 3 (average) is the most reasonable assumption.",2026-08-16T02:53:14.637280+00:00
appstore_835599320_14427956422,ibm-granite/granite-4.1-8b,0,3.0,3,2026-08-16T02:53:14.656694+00:00
appstore_835599320_14427952281,ibm-granite/granite-4.1-8b,0,1.0,1,2026-08-16T02:53:14.692839+00:00
appstore_835599320_14427946980,ibm-granite/granite-4.1-8b,0,2.0,2,2026-08-16T02:53:14.721503+00:00
appstore_835599320_14427854895,ibm-granite/granite-4.1-8b,0,1.0,1,2026-08-16T02:53:14.769107+00:00
appstore_835599320_14427843102,ibm-granite/granite-4.1-8b,0,1.0,1,2026-08-16T02:53:14.796186+00:00
appstore_835599320_14427823603,ibm-granite/granite-4.1-8b,0,3.0,3,2026-08-16T02:53:14.822447+00:00
appstore_835599320_14427759908,ibm-granite/granite-4.1-8b,0,2.0,2,2026-08-16T02:53:14.845649+00:00
appstore_835599320_14427750804,ibm-granite/granite-4.1-8b,0,1.0,1,2026-08-16T02:53:14.896143+00:00
appstore_835599320_14427744046,ibm-granite/granite-4.1-8b,0,1.0,1,2026-08-16T02:53:14.933224+00:00
appstore_835599320_14427688392,ibm-granite/granite-4.1-8b,0,3.0,3,2026-08-16T02:53:14.947702+00:00
appstore_835599320_14427599023,ibm-granite/granite-4.1-8b,0,4.0,4,2026-08-16T02:53:14.972872+00:00
appstore_835599320_14427442367,ibm-granite/granite-4.1-8b,0,1.0,1,2026-08-16T02:53:15.019060+00:00
appstore_835599320_14427430674,ibm-granite/granite-4.1-8b,0,2.0,2,2026-08-16T02:53:15.055602+00:00
appstore_835599320_14427373316,ibm-granite/granite-4.1-8b,0,5.0,5,2026-08-16T02:53:15.071564+00:00
appstore_835599320_14427299765,ibm-granite/granite-4.1-8b,0,5.0,5,2026-08-16T02:53:15.154860+00:00
appstore_835599320_14427135556,ibm-granite/granite-4.1-8b,0,1.0,1,2026-08-16T02:53:15.197508+00:00
appstore_835599320_14427042880,ibm-granite/granite-4.1-8b,0,3.0,3,2026-08-16T02:53:15.215981+00:00
appstore_835599320_14427039669,ibm-granite/granite-4.1-8b,0,2.0,2,2026-08-16T02:53:15.286535+00:00
appstore_835599320_14426920889,ibm-granite/granite-4.1-8b,0,2.0,2,2026-08-16T02:53:15.331456+00:00
appstore_835599320_14426853328,ibm-granite/granite-4.1-8b,0,2.0,2,2026-08-16T02:53:15.367081+00:00
appstore_835599320_14426784062,ibm-granite/granite-4.1-8b,0,5.0,5,2026-08-16T02:53:15.429682+00:00
appstore_835599320_14426749546,ibm-granite/granite-4.1-8b,0,1.0,1,2026-08-16T02:53:15.459472+00:00
appstore_835599320_14426691551,ibm-granite/granite-4.1-8b,0,2.0,2,2026-08-16T02:53:15.504361+00:00
appstore_835599320_14426595494,ibm-granite/granite-4.1-8b,0,2.0,2,2026-08-16T02:53:15.576629+00:00
appstore_835599320_14427310968,ibm-granite/granite-4.1-8b,0,3.0,"3

The review is brief and lacks substantive content about the app's features, performance, or user experience. It appears to be a simple request or promotion rather than a detailed critique. Therefore, a neutral rating of 3 is appropriate, assuming the user is neither highly satisfied nor dissatisfied but simply engaging in a casual interaction.",2026-08-16T02:53:15.579599+00:00
appstore_835599320_14426524724,ibm-granite/granite-4.1-8b,0,3.0,3,2026-08-16T02:53:15.591822+00:00
appstore_835599320_14426516911,ibm-granite/granite-4.1-8b,0,1.0,1,2026-08-16T02:53:15.626580+00:00
appstore_835599320_14426359554,ibm-granite/granite-4.1-8b,0,2.0,2,2026-08-16T02:53:15.700683+00:00
appstore_835599320_14426288395,ibm-granite/granite-4.1-8b,0,2.0,2,2026-08-16T02:53:15.705267+00:00
appstore_835599320_14426268353,ibm-granite/granite-4.1-8b,0,1.0,1,2026-08-16T02:53:15.736899+00:00
appstore_835599320_14426229267,ibm-granite/granite-4.1-8b,0,2.0,2,2026-08-16T02:53:15.760903+00:00
appstore_835599320_14426201968,ibm-granite/granite-4.1-8b,0,3.0,3,2026-08-16T02:53:15.838929+00:00
appstore_835599320_14426131465,ibm-granite/granite-4.1-8b,0,2.0,2,2026-08-16T02:53:15.845290+00:00
appstore_835599320_14426070358,ibm-granite/granite-4.1-8b,0,2.0,2,2026-08-16T02:53:15.862836+00:00
appstore_835599320_14425864961,ibm-granite/granite-4.1-8b,0,2.0,2,2026-08-16T02:53:15.893708+00:00
appstore_835599320_14425823475,ibm-granite/granite-4.1-8b,0,2.0,2,2026-08-16T02:53:15.974042+00:00
appstore_835599320_14425825228,ibm-granite/granite-4.1-8b,0,3.0,3,2026-08-16T02:53:15.978625+00:00
appstore_835599320_14425781642,ibm-granite/granite-4.1-8b,0,2.0,2,2026-08-16T02:53:16.018834+00:00
appstore_835599320_14425753190,ibm-granite/granite-4.1-8b,0,3.0,3,2026-08-16T02:53:16.038891+00:00
appstore_835599320_14425711947,ibm-granite/granite-4.1-8b,0,1.0,1,2026-08-16T02:53:16.095488+00:00
appstore_835599320_14425626926,ibm-granite/granite-4.1-8b,0,2.0,2,2026-08-16T02:53:16.105845+00:00
appstore_835599320_14425609339,ibm-granite/granite-4.1-8b,0,2.0,2,2026-08-16T02:53:16.142563+00:00
appstore_835599320_14425588479,ibm-granite/granite-4.1-8b,0,2.0,2,2026-08-16T02:53:16.167971+00:00
appstore_835599320_14425575325,ibm-granite/granite-4.1-8b,0,2.0,2,2026-08-16T02:53:16.221473+00:00
appstore_835599320_14425510800,ibm-granite/granite-4.1-8b,0,2.0,2,2026-08-16T02:53:16.236853+00:00
appstore_835599320_14425509750,ibm-granite/granite-4.1-8b,0,5.0,5,2026-08-16T02:53:16.279265+00:00
appstore_835599320_14425465104,ibm-granite/granite-4.1-8b,0,5.0,5,2026-08-16T02:53:16.313185+00:00
appstore_835599320_14425461325,ibm-granite/granite-4.1-8b,0,5.0,5,2026-08-16T02:53:16.361761+00:00
appstore_835599320_14425418666,ibm-granite/granite-4.1-8b,0,3.0,3,2026-08-16T02:53:16.374602+00:00
appstore_835599320_14425397014,ibm-granite/granite-4.1-8b,0,5.0,5,2026-08-16T02:53:16.409072+00:00
appstore_835599320_14425359945,ibm-granite/granite-4.1-8b,0,2.0,2,2026-08-16T02:53:16.434431+00:00
appstore_835599320_14425355178,ibm-granite/granite-4.1-8b,0,1.0,1,2026-08-16T02:53:16.499019+00:00
appstore_835599320_14425343863,ibm-granite/granite-4.1-8b,0,2.0,2,2026-08-16T02:53:16.502763+00:00
appstore_835599320_14425255827,ibm-granite/granite-4.1-8b,0,3.0,3,2026-08-16T02:53:16.544434+00:00
appstore_835599320_14425241436,ibm-granite/granite-4.1-8b,0,1.0,1,2026-08-16T02:53:16.561841+00:00
appstore_835599320_14425236429,ibm-granite/granite-4.1-8b,0,2.0,2,2026-08-16T02:53:16.622546+00:00
appstore_835599320_14425233620,ibm-granite/granite-4.1-8b,0,3.0,3,2026-08-16T02:53:16.631212+00:00
appstore_835599320_14425215600,ibm-granite/granite-4.1-8b,0,1.0,1,2026-08-16T02:53:16.673723+00:00
appstore_835599320_14425190973,ibm-granite/granite-4.1-8b,0,3.0,3,2026-08-16T02:53:16.701218+00:00
appstore_835599320_14425185918,ibm-granite/granite-4.1-8b,0,3.0,3,2026-08-16T02:53:16.760842+00:00
appstore_835599320_14425143997,ibm-granite/granite-4.1-8b,0,2.0,2,2026-08-16T02:53:16.768422+00:00
appstore_835599320_14425119595,ibm-granite/granite-4.1-8b,0,5.0,5,2026-08-16T02:53:16.803527+00:00
appstore_835599320_14425110794,ibm-granite/granite-4.1-8b,0,2.0,2,2026-08-16T02:53:16.823293+00:00
appstore_835599320_14425090768,ibm-granite/granite-4.1-8b,0,1.0,1,2026-08-16T02:53:16.893253+00:00
appstore_835599320_14425088431,ibm-granite/granite-4.1-8b,0,1.0,1,2026-08-16T02:53:16.916000+00:00
appstore_835599320_14425076450,ibm-granite/granite-4.1-8b,0,2.0,2,2026-08-16T02:53:16.918837+00:00
appstore_835599320_14425075207,ibm-granite/granite-4.1-8b,0,2.0,2,2026-08-16T02:53:16.964549+00:00
appstore_835599320_14425070967,ibm-granite/granite-4.1-8b,0,4.0,4,2026-08-16T02:53:17.048566+00:00
appstore_835599320_14425048133,ibm-granite/granite-4.1-8b,0,3.0,3,2026-08-16T02:53:17.052235+00:00
appstore_835599320_14424896709,ibm-granite/granite-4.1-8b,0,3.0,3,2026-08-16T02:53:17.103795+00:00
appstore_835599320_14424873583,ibm-granite/granite-4.1-8b,0,2.0,2,2026-08-16T02:53:17.186752+00:00
appstore_835599320_14424837099,ibm-granite/granite-4.1-8b,0,3.0,3,2026-08-16T02:53:17.264634+00:00
appstore_835599320_14425074031,ibm-granite/granite-4.1-8b,0,3.0,"3

The review is very brief and consists only of laughing emojis, which suggests a positive but casual reaction. Without more context, a neutral-to-positive rating of 3 seems appropriate.",2026-08-16T02:53:17.282374+00:00
appstore_835599320_14424783041,ibm-granite/granite-4.1-8b,0,5.0,5,2026-08-16T02:53:17.315416+00:00
appstore_835599320_14424724139,ibm-granite/granite-4.1-8b,0,4.0,4,2026-08-16T02:53:17.404830+00:00
appstore_835599320_14424714637,ibm-granite/granite-4.1-8b,0,3.0,3,2026-08-16T02:53:17.414901+00:00
appstore_835599320_14424713228,ibm-granite/granite-4.1-8b,0,2.0,2,2026-08-16T02:53:17.463168+00:00
appstore_835599320_14424705101,ibm-granite/granite-4.1-8b,0,1.0,1,2026-08-16T02:53:17.532123+00:00
appstore_835599320_14424670827,ibm-granite/granite-4.1-8b,0,2.0,2,2026-08-16T02:53:17.573049+00:00
appstore_835599320_14424668096,ibm-granite/granite-4.1-8b,0,1.0,1,2026-08-16T02:53:17.621823+00:00
appstore_835599320_14424885040,ibm-granite/granite-4.1-8b,0,3.0,"3

The review title ""Bab"" and the text ""Causes"" are extremely brief and lack context, making it impossible to accurately determine the sentiment or satisfaction level expressed by the user. However, without any strongly positive or negative cues, a neutral rating of 3 (average) is the most reasonable assumption.",2026-08-16T02:53:17.648405+00:00
appstore_835599320_14424660911,ibm-granite/granite-4.1-8b,0,1.0,1,2026-08-16T02:53:17.654729+00:00
appstore_835599320_14424628502,ibm-granite/granite-4.1-8b,0,2.0,2,2026-08-16T02:53:17.690072+00:00
appstore_835599320_14424499985,ibm-granite/granite-4.1-8b,0,4.0,4,2026-08-16T02:53:17.744880+00:00
appstore_835599320_14424477481,ibm-granite/granite-4.1-8b,0,5.0,5,2026-08-16T02:53:17.773241+00:00
appstore_835599320_14424462025,ibm-granite/granite-4.1-8b,0,3.0,3,2026-08-16T02:53:17.793673+00:00
appstore_835599320_14424426839,ibm-granite/granite-4.1-8b,0,2.0,2,2026-08-16T02:53:17.820212+00:00
appstore_835599320_14424423682,ibm-granite/granite-4.1-8b,0,1.0,1,2026-08-16T02:53:17.864242+00:00
appstore_835599320_14424417041,ibm-granite/granite-4.1-8b,0,5.0,5,2026-08-16T02:53:17.902144+00:00
appstore_835599320_14424336545,ibm-granite/granite-4.1-8b,0,2.0,2,2026-08-16T02:53:17.933101+00:00
appstore_835599320_14424301407,ibm-granite/granite-4.1-8b,0,2.0,2,2026-08-16T02:53:17.944959+00:00
appstore_835599320_14424255248,ibm-granite/granite-4.1-8b,0,2.0,2,2026-08-16T02:53:18.021990+00:00
appstore_835599320_14424246562,ibm-granite/granite-4.1-8b,0,1.0,1,2026-08-16T02:53:18.069219+00:00
appstore_835599320_14424137144,ibm-granite/granite-4.1-8b,0,3.0,3,2026-08-16T02:53:18.095757+00:00
appstore_835599320_14424115363,ibm-granite/granite-4.1-8b,0,2.0,2,2026-08-16T02:53:18.149490+00:00
appstore_835599320_14424110210,ibm-granite/granite-4.1-8b,0,5.0,5,2026-08-16T02:53:18.189718+00:00
appstore_835599320_14424073346,ibm-granite/granite-4.1-8b,0,2.0,2,2026-08-16T02:53:18.222785+00:00
appstore_835599320_14424066342,ibm-granite/granite-4.1-8b,0,1.0,1,2026-08-16T02:53:18.278467+00:00
appstore_835599320_14424055385,ibm-granite/granite-4.1-8b,0,3.0,3,2026-08-16T02:53:18.310363+00:00
appstore_835599320_14424041218,ibm-granite/granite-4.1-8b,0,2.0,2,2026-08-16T02:53:18.363597+00:00
appstore_835599320_14424265133,ibm-granite/granite-4.1-8b,0,3.0,"3

The review title ""Son"" and the text ""Sonion"" are very brief and lack context, making it difficult to determine the sentiment accurately. However, without any strongly positive or negative cues, a neutral rating of 3 seems reasonable.",2026-08-16T02:53:18.389927+00:00
appstore_835599320_14423978517,ibm-granite/granite-4.1-8b,0,4.0,4,2026-08-16T02:53:18.403008+00:00
appstore_835599320_14423956060,ibm-granite/granite-4.1-8b,0,2.0,2,2026-08-16T02:53:18.431999+00:00
appstore_835599320_14423927558,ibm-granite/granite-4.1-8b,0,1.0,1,2026-08-16T02:53:18.485481+00:00
appstore_835599320_14423899578,ibm-granite/granite-4.1-8b,0,5.0,5,2026-08-16T02:53:18.518846+00:00
appstore_835599320_14423869603,ibm-granite/granite-4.1-8b,0,2.0,2,2026-08-16T02:53:18.530827+00:00
appstore_835599320_14423865744,ibm-granite/granite-4.1-8b,0,2.0,2,2026-08-16T02:53:18.554660+00:00
appstore_835599320_14423861158,ibm-granite/granite-4.1-8b,0,2.0,2,2026-08-16T02:53:18.630077+00:00
appstore_835599320_14423734403,ibm-granite/granite-4.1-8b,0,5.0,5,2026-08-16T02:53:18.663776+00:00
appstore_835599320_14423726911,ibm-granite/granite-4.1-8b,0,1.0,1,2026-08-16T02:53:18.678470+00:00
appstore_835599320_14423684339,ibm-granite/granite-4.1-8b,0,2.0,2,2026-08-16T02:53:18.748095+00:00
appstore_835599320_14423676209,ibm-granite/granite-4.1-8b,0,2.0,2,2026-08-16T02:53:18.788308+00:00
appstore_835599320_14423668591,ibm-granite/granite-4.1-8b,0,5.0,5,2026-08-16T02:53:18.803301+00:00
appstore_835599320_14423580837,ibm-granite/granite-4.1-8b,0,4.0,4,2026-08-16T02:53:18.884478+00:00
appstore_835599320_14423559474,ibm-granite/granite-4.1-8b,0,5.0,5,2026-08-16T02:53:18.923391+00:00
appstore_835599320_14423504404,ibm-granite/granite-4.1-8b,0,5.0,5,2026-08-16T02:53:18.926762+00:00
appstore_835599320_14423337079,ibm-granite/granite-4.1-8b,0,5.0,5,2026-08-16T02:53:19.007637+00:00
appstore_835599320_14423331010,ibm-granite/granite-4.1-8b,0,3.0,3,2026-08-16T02:53:19.041509+00:00
appstore_835599320_14423249687,ibm-granite/granite-4.1-8b,0,2.0,2,2026-08-16T02:53:19.048556+00:00
appstore_835599320_14423815178,ibm-granite/granite-4.1-8b,0,2.0,2,2026-08-16T02:53:19.077917+00:00
appstore_835599320_14423189646,ibm-granite/granite-4.1-8b,0,1.0,1,2026-08-16T02:53:19.141066+00:00
appstore_835599320_14423074485,ibm-granite/granite-4.1-8b,0,2.0,2,2026-08-16T02:53:19.160552+00:00
appstore_835599320_14422962173,ibm-granite/granite-4.1-8b,0,3.0,3,2026-08-16T02:53:19.184261+00:00
appstore_835599320_14422927247,ibm-granite/granite-4.1-8b,0,4.0,4,2026-08-16T02:53:19.214312+00:00
appstore_835599320_14422921009,ibm-granite/granite-4.1-8b,0,2.0,2,2026-08-16T02:53:19.264220+00:00
appstore_835599320_14422803127,ibm-granite/granite-4.1-8b,0,2.0,2,2026-08-16T02:53:19.286722+00:00
appstore_835599320_14422713991,ibm-granite/granite-4.1-8b,0,1.0,1,2026-08-16T02:53:19.303794+00:00
appstore_835599320_14422612416,ibm-granite/granite-4.1-8b,0,4.0,4,2026-08-16T02:53:19.335350+00:00
appstore_835599320_14422526387,ibm-granite/granite-4.1-8b,0,2.0,2,2026-08-16T02:53:19.387790+00:00
appstore_835599320_14422506310,ibm-granite/granite-4.1-8b,0,2.0,2,2026-08-16T02:53:19.423914+00:00
appstore_835599320_14422365944,ibm-granite/granite-4.1-8b,0,4.0,4,2026-08-16T02:53:19.461785+00:00
appstore_835599320_14422302036,ibm-granite/granite-4.1-8b,0,2.0,2,2026-08-16T02:53:19.511867+00:00
appstore_835599320_14422279375,ibm-granite/granite-4.1-8b,0,2.0,2,2026-08-16T02:53:19.550262+00:00
appstore_835599320_14422219017,ibm-granite/granite-4.1-8b,0,3.0,3,2026-08-16T02:53:19.584038+00:00
appstore_835599320_14422149520,ibm-granite/granite-4.1-8b,0,2.0,2,2026-08-16T02:53:19.627719+00:00
appstore_835599320_14422081415,ibm-granite/granite-4.1-8b,0,3.0,3,2026-08-16T02:53:19.717224+00:00
appstore_835599320_14421841695,ibm-granite/granite-4.1-8b,0,2.0,2,2026-08-16T02:53:19.775958+00:00
appstore_835599320_14422492914,ibm-granite/granite-4.1-8b,0,3.0,"3

The review in French translates to ""But I can't go live,"" indicating a specific limitation or issue with the TikTok app, suggesting moderate dissatisfaction but not outright hostility or extreme disappointment. Therefore, a rating of 3 seems appropriate.",2026-08-16T02:53:19.792035+00:00
appstore_835599320_14421835901,ibm-granite/granite-4.1-8b,0,5.0,5,2026-08-16T02:53:19.839649+00:00
appstore_835599320_14421790290,ibm-granite/granite-4.1-8b,0,3.0,3,2026-08-16T02:53:19.899950+00:00
appstore_835599320_14421652191,ibm-granite/granite-4.1-8b,0,2.0,2,2026-08-16T02:53:19.922271+00:00
appstore_835599320_14422141773,ibm-granite/granite-4.1-8b,0,1.0,"To provide an accurate prediction, I need the actual review title and text. Please provide the review details, and I will respond with a single integer rating from 1 to 5.",2026-08-16T02:53:19.947701+00:00
appstore_835599320_14421601859,ibm-granite/granite-4.1-8b,0,3.0,3,2026-08-16T02:53:19.965262+00:00
appstore_835599320_14421601206,ibm-granite/granite-4.1-8b,0,2.0,2,2026-08-16T02:53:20.034768+00:00
appstore_835599320_14421482014,ibm-granite/granite-4.1-8b,0,1.0,1,2026-08-16T02:53:20.071372+00:00
appstore_835599320_14421554714,ibm-granite/granite-4.1-8b,0,1.0,1,2026-08-16T02:53:20.075994+00:00
appstore_835599320_14421399995,ibm-granite/granite-4.1-8b,0,1.0,1,2026-08-16T02:53:20.101690+00:00
appstore_835599320_14421383900,ibm-granite/granite-4.1-8b,0,3.0,3,2026-08-16T02:53:20.185761+00:00
appstore_835599320_14421382125,ibm-granite/granite-4.1-8b,0,2.0,2,2026-08-16T02:53:20.191859+00:00
appstore_835599320_14421311082,ibm-granite/granite-4.1-8b,0,5.0,5,2026-08-16T02:53:20.194646+00:00
appstore_835599320_14421289461,ibm-granite/granite-4.1-8b,0,2.0,2,2026-08-16T02:53:20.238527+00:00
appstore_835599320_14421263552,ibm-granite/granite-4.1-8b,0,2.0,2,2026-08-16T02:53:20.310392+00:00
appstore_835599320_14421225884,ibm-granite/granite-4.1-8b,0,3.0,3,2026-08-16T02:53:20.319104+00:00
appstore_835599320_14421217190,ibm-granite/granite-4.1-8b,0,5.0,5,2026-08-16T02:53:20.355974+00:00
appstore_835599320_14421202898,ibm-granite/granite-4.1-8b,0,2.0,2,2026-08-16T02:53:20.437523+00:00
appstore_835599320_14421124846,ibm-granite/granite-4.1-8b,0,2.0,2,2026-08-16T02:53:20.443608+00:00
appstore_835599320_14421112045,ibm-granite/granite-4.1-8b,0,5.0,5,2026-08-16T02:53:20.502244+00:00
appstore_835599320_14421105426,ibm-granite/granite-4.1-8b,0,2.0,2,2026-08-16T02:53:20.559442+00:00
appstore_835599320_14421047904,ibm-granite/granite-4.1-8b,0,2.0,2,2026-08-16T02:53:20.569305+00:00
appstore_835599320_14421270657,ibm-granite/granite-4.1-8b,0,1.0,1,2026-08-16T02:53:20.592609+00:00
appstore_835599320_14421040710,ibm-granite/granite-4.1-8b,0,2.0,2,2026-08-16T02:53:20.638926+00:00
appstore_835599320_14421017445,ibm-granite/granite-4.1-8b,0,1.0,1,2026-08-16T02:53:20.686069+00:00
appstore_835599320_14421010180,ibm-granite/granite-4.1-8b,0,2.0,2,2026-08-16T02:53:20.691326+00:00
appstore_835599320_14420958576,ibm-granite/granite-4.1-8b,0,3.0,3,2026-08-16T02:53:20.712383+00:00
appstore_835599320_14420932538,ibm-granite/granite-4.1-8b,0,1.0,1,2026-08-16T02:53:20.761601+00:00
appstore_835599320_14420896448,ibm-granite/granite-4.1-8b,0,2.0,2,2026-08-16T02:53:20.814481+00:00
appstore_835599320_14420914725,ibm-granite/granite-4.1-8b,0,1.0,1,2026-08-16T02:53:20.827073+00:00
appstore_835599320_14420884194,ibm-granite/granite-4.1-8b,0,2.0,2,2026-08-16T02:53:20.835887+00:00
appstore_835599320_14420882224,ibm-granite/granite-4.1-8b,0,2.0,2,2026-08-16T02:53:20.908144+00:00
appstore_835599320_14420841153,ibm-granite/granite-4.1-8b,0,2.0,2,2026-08-16T02:53:20.963897+00:00
appstore_835599320_14420800108,ibm-granite/granite-4.1-8b,0,2.0,2,2026-08-16T02:53:20.967064+00:00
appstore_835599320_14420750046,ibm-granite/granite-4.1-8b,0,1.0,1,2026-08-16T02:53:21.033793+00:00
appstore_835599320_14420691497,ibm-granite/granite-4.1-8b,0,3.0,3,2026-08-16T02:53:21.105320+00:00
appstore_835599320_14420697889,ibm-granite/granite-4.1-8b,0,1.0,1,2026-08-16T02:53:21.108628+00:00
appstore_835599320_14420649357,ibm-granite/granite-4.1-8b,0,2.0,2,2026-08-16T02:53:21.154753+00:00
appstore_835599320_14420880461,ibm-granite/granite-4.1-8b,0,2.0,"2

The review is extremely brief and lacks any substantive feedback, which suggests a neutral to slightly negative experience. Without more context, a rating of 2 out of 5 seems appropriate.",2026-08-16T02:53:21.210712+00:00
appstore_835599320_14420610187,ibm-granite/granite-4.1-8b,0,2.0,2,2026-08-16T02:53:21.235441+00:00
appstore_835599320_14420620609,ibm-granite/granite-4.1-8b,0,1.0,1,2026-08-16T02:53:21.244486+00:00
appstore_835599320_14420566934,ibm-granite/granite-4.1-8b,0,2.0,2,2026-08-16T02:53:21.273145+00:00
appstore_835599320_14420541644,ibm-granite/granite-4.1-8b,0,2.0,2,2026-08-16T02:53:21.323572+00:00
appstore_835599320_14420533330,ibm-granite/granite-4.1-8b,0,3.0,3,2026-08-16T02:53:21.357418+00:00
appstore_835599320_14420482131,ibm-granite/granite-4.1-8b,0,2.0,2,2026-08-16T02:53:21.373320+00:00
appstore_835599320_14420475555,ibm-granite/granite-4.1-8b,0,5.0,5,2026-08-16T02:53:21.411700+00:00
appstore_835599320_14420458498,ibm-granite/granite-4.1-8b,0,3.0,3,2026-08-16T02:53:21.466127+00:00
appstore_835599320_14420457785,ibm-granite/granite-4.1-8b,0,3.0,3,2026-08-16T02:53:21.484914+00:00
appstore_835599320_14420455029,ibm-granite/granite-4.1-8b,0,2.0,2,2026-08-16T02:53:21.495760+00:00
appstore_835599320_14420439313,ibm-granite/granite-4.1-8b,0,5.0,5,2026-08-16T02:53:21.535115+00:00
appstore_835599320_14420384156,ibm-granite/granite-4.1-8b,0,2.0,2,2026-08-16T02:53:21.595340+00:00
appstore_835599320_14420363729,ibm-granite/granite-4.1-8b,0,3.0,3,2026-08-16T02:53:21.620183+00:00
appstore_835599320_14420381152,ibm-granite/granite-4.1-8b,0,2.0,2,2026-08-16T02:53:21.627275+00:00
appstore_835599320_14420333816,ibm-granite/granite-4.1-8b,0,1.0,1,2026-08-16T02:53:21.656041+00:00
appstore_835599320_14420271820,ibm-granite/granite-4.1-8b,0,3.0,3,2026-08-16T02:53:21.722377+00:00
appstore_835599320_14420159427,ibm-granite/granite-4.1-8b,0,5.0,5,2026-08-16T02:53:21.749612+00:00
appstore_835599320_14420202745,ibm-granite/granite-4.1-8b,0,2.0,2,2026-08-16T02:53:21.763617+00:00
appstore_835599320_14420140692,ibm-granite/granite-4.1-8b,0,1.0,1,2026-08-16T02:53:21.783247+00:00
appstore_835599320_14420114856,ibm-granite/granite-4.1-8b,0,1.0,1,2026-08-16T02:53:21.839731+00:00
appstore_835599320_14420109552,ibm-granite/granite-4.1-8b,0,1.0,1,2026-08-16T02:53:21.885793+00:00
appstore_835599320_14420072866,ibm-granite/granite-4.1-8b,0,2.0,2,2026-08-16T02:53:21.903033+00:00
appstore_835599320_14420049416,ibm-granite/granite-4.1-8b,0,1.0,1,2026-08-16T02:53:21.917039+00:00
appstore_835599320_14420021596,ibm-granite/granite-4.1-8b,0,2.0,2,2026-08-16T02:53:21.961707+00:00
appstore_835599320_14419991510,ibm-granite/granite-4.1-8b,0,2.0,2,2026-08-16T02:53:22.010686+00:00
appstore_835599320_14419969293,ibm-granite/granite-4.1-8b,0,2.0,2,2026-08-16T02:53:22.027407+00:00
appstore_835599320_14419944782,ibm-granite/granite-4.1-8b,0,4.0,4,2026-08-16T02:53:22.036182+00:00
appstore_835599320_14419932398,ibm-granite/granite-4.1-8b,0,2.0,2,2026-08-16T02:53:22.097139+00:00
appstore_835599320_14419924321,ibm-granite/granite-4.1-8b,0,2.0,2,2026-08-16T02:53:22.134887+00:00
appstore_835599320_14419900675,ibm-granite/granite-4.1-8b,0,2.0,2,2026-08-16T02:53:22.155520+00:00
appstore_835599320_14419871522,ibm-granite/granite-4.1-8b,0,2.0,2,2026-08-16T02:53:22.158056+00:00
appstore_835599320_14419869794,ibm-granite/granite-4.1-8b,0,2.0,2,2026-08-16T02:53:22.221512+00:00
appstore_835599320_14419800887,ibm-granite/granite-4.1-8b,0,2.0,2,2026-08-16T02:53:22.269577+00:00
appstore_835599320_14419856386,ibm-granite/granite-4.1-8b,0,3.0,3,2026-08-16T02:53:22.272047+00:00
appstore_835599320_14419772472,ibm-granite/granite-4.1-8b,0,1.0,1,2026-08-16T02:53:22.285310+00:00
appstore_835599320_14419751232,ibm-granite/granite-4.1-8b,0,3.0,3,2026-08-16T02:53:22.355341+00:00
appstore_835599320_14419743970,ibm-granite/granite-4.1-8b,0,3.0,3,2026-08-16T02:53:22.394938+00:00
appstore_835599320_14419747573,ibm-granite/granite-4.1-8b,0,1.0,1,2026-08-16T02:53:22.407929+00:00
appstore_835599320_14419737568,ibm-granite/granite-4.1-8b,0,4.0,4,2026-08-16T02:53:22.416783+00:00
appstore_835599320_14419732196,ibm-granite/granite-4.1-8b,0,2.0,2,2026-08-16T02:53:22.477511+00:00
appstore_835599320_14419721669,ibm-granite/granite-4.1-8b,0,3.0,3,2026-08-16T02:53:22.531872+00:00
appstore_835599320_14419685031,ibm-granite/granite-4.1-8b,0,2.0,2,2026-08-16T02:53:22.536992+00:00
appstore_835599320_14419687564,ibm-granite/granite-4.1-8b,0,3.0,3,2026-08-16T02:53:22.574468+00:00
appstore_835599320_14419667565,ibm-granite/granite-4.1-8b,0,1.0,1,2026-08-16T02:53:22.606847+00:00
appstore_835599320_14419664869,ibm-granite/granite-4.1-8b,0,5.0,5,2026-08-16T02:53:22.659476+00:00
appstore_835599320_14419650084,ibm-granite/granite-4.1-8b,0,2.0,2,2026-08-16T02:53:22.661755+00:00
appstore_835599320_14419648864,ibm-granite/granite-4.1-8b,0,4.0,4,2026-08-16T02:53:22.688764+00:00
appstore_835599320_14419633686,ibm-granite/granite-4.1-8b,0,1.0,1,2026-08-16T02:53:22.754119+00:00
appstore_835599320_14419574151,ibm-granite/granite-4.1-8b,0,3.0,3,2026-08-16T02:53:22.783973+00:00
appstore_835599320_14419573591,ibm-granite/granite-4.1-8b,0,5.0,5,2026-08-16T02:53:22.806575+00:00
appstore_835599320_14419551408,ibm-granite/granite-4.1-8b,0,2.0,2,2026-08-16T02:53:22.817360+00:00
appstore_835599320_14419528612,ibm-granite/granite-4.1-8b,0,1.0,1,2026-08-16T02:53:22.876217+00:00
appstore_835599320_14419499758,ibm-granite/granite-4.1-8b,0,2.0,2,2026-08-16T02:53:22.924798+00:00
appstore_835599320_14419458506,ibm-granite/granite-4.1-8b,0,2.0,2,2026-08-16T02:53:22.940630+00:00
appstore_835599320_14419467237,ibm-granite/granite-4.1-8b,0,2.0,2,2026-08-16T02:53:22.944284+00:00
appstore_835599320_14419439371,ibm-granite/granite-4.1-8b,0,3.0,3,2026-08-16T02:53:23.010901+00:00
appstore_835599320_14419437559,ibm-granite/granite-4.1-8b,0,3.0,3,2026-08-16T02:53:23.047543+00:00
appstore_835599320_14419341379,ibm-granite/granite-4.1-8b,0,2.0,2,2026-08-16T02:53:23.071963+00:00
appstore_835599320_14419297186,ibm-granite/granite-4.1-8b,0,3.0,3,2026-08-16T02:53:23.080508+00:00
appstore_835599320_14419271983,ibm-granite/granite-4.1-8b,0,3.0,3,2026-08-16T02:53:23.135752+00:00
appstore_835599320_14419118612,ibm-granite/granite-4.1-8b,0,1.0,1,2026-08-16T02:53:23.221882+00:00
appstore_835599320_14419025859,ibm-granite/granite-4.1-8b,0,4.0,4,2026-08-16T02:53:23.225172+00:00
appstore_835599320_14419025628,ibm-granite/granite-4.1-8b,0,2.0,2,2026-08-16T02:53:23.286661+00:00
appstore_835599320_14418998683,ibm-granite/granite-4.1-8b,0,3.0,3,2026-08-16T02:53:23.356611+00:00
appstore_835599320_14418896955,ibm-granite/granite-4.1-8b,0,2.0,2,2026-08-16T02:53:23.360079+00:00
appstore_835599320_14418862781,ibm-granite/granite-4.1-8b,0,2.0,2,2026-08-16T02:53:23.416387+00:00
appstore_835599320_14418738452,ibm-granite/granite-4.1-8b,0,2.0,2,2026-08-16T02:53:23.487742+00:00
appstore_835599320_14418730632,ibm-granite/granite-4.1-8b,0,2.0,2,2026-08-16T02:53:23.512010+00:00
appstore_835599320_14419245908,ibm-granite/granite-4.1-8b,0,3.0,"3

The review is very brief and lacks context, making it difficult to determine the sentiment accurately. However, the neutral tone and minimal content suggest a moderately positive but unspecific experience, leading to a prediction of a 3-star rating.",2026-08-16T02:53:23.516415+00:00
appstore_835599320_14418557201,ibm-granite/granite-4.1-8b,0,1.0,1,2026-08-16T02:53:23.560585+00:00
appstore_835599320_14418544529,ibm-granite/granite-4.1-8b,0,3.0,3,2026-08-16T02:53:23.622666+00:00
appstore_835599320_14418519528,ibm-granite/granite-4.1-8b,0,2.0,2,2026-08-16T02:53:23.644504+00:00
appstore_835599320_14418491190,ibm-granite/granite-4.1-8b,0,2.0,2,2026-08-16T02:53:23.649836+00:00
appstore_835599320_14418482050,ibm-granite/granite-4.1-8b,0,2.0,2,2026-08-16T02:53:23.681056+00:00
appstore_835599320_14418392882,ibm-granite/granite-4.1-8b,0,2.0,2,2026-08-16T02:53:23.740225+00:00
appstore_835599320_14417859649,ibm-granite/granite-4.1-8b,0,5.0,5,2026-08-16T02:53:23.786433+00:00
appstore_835599320_14418162100,ibm-granite/granite-4.1-8b,0,2.0,2,2026-08-16T02:53:23.792648+00:00
appstore_835599320_14417762147,ibm-granite/granite-4.1-8b,0,1.0,1,2026-08-16T02:53:23.807274+00:00
appstore_835599320_14417740628,ibm-granite/granite-4.1-8b,0,1.0,1,2026-08-16T02:53:23.866997+00:00
appstore_835599320_14417723558,ibm-granite/granite-4.1-8b,0,3.0,3,2026-08-16T02:53:23.913188+00:00
appstore_835599320_14417711071,ibm-granite/granite-4.1-8b,0,2.0,2,2026-08-16T02:53:23.933285+00:00
appstore_835599320_14417684171,ibm-granite/granite-4.1-8b,0,4.0,4,2026-08-16T02:53:24.013475+00:00
appstore_835599320_14417660986,ibm-granite/granite-4.1-8b,0,4.0,4,2026-08-16T02:53:24.038549+00:00
appstore_835599320_14417550565,ibm-granite/granite-4.1-8b,0,2.0,2,2026-08-16T02:53:24.082745+00:00
appstore_835599320_14417510769,ibm-granite/granite-4.1-8b,0,4.0,4,2026-08-16T02:53:24.151899+00:00
appstore_835599320_14417503820,ibm-granite/granite-4.1-8b,0,2.0,2,2026-08-16T02:53:24.171751+00:00
appstore_835599320_14417480058,ibm-granite/granite-4.1-8b,0,2.0,2,2026-08-16T02:53:24.211488+00:00
appstore_835599320_14417440948,ibm-granite/granite-4.1-8b,0,2.0,2,2026-08-16T02:53:24.294619+00:00
appstore_835599320_14417691449,ibm-granite/granite-4.1-8b,0,3.0,"3

The review title ""Its good"" suggests a positive but not overwhelmingly enthusiastic sentiment. Without additional context from the review text, a rating of 3 out of 5 seems appropriate, indicating that the user found the app satisfactory but not exceptional.",2026-08-16T02:53:24.297444+00:00
appstore_835599320_14417433483,ibm-granite/granite-4.1-8b,0,5.0,5,2026-08-16T02:53:24.312772+00:00
appstore_585027354_14428833015,ibm-granite/granite-4.1-8b,0,2.0,2,2026-08-16T02:53:24.355670+00:00
appstore_585027354_14428596464,ibm-granite/granite-4.1-8b,0,2.0,2,2026-08-16T02:53:24.441530+00:00
appstore_585027354_14428689579,ibm-granite/granite-4.1-8b,0,4.0,4,2026-08-16T02:53:24.444661+00:00
appstore_585027354_14428408914,ibm-granite/granite-4.1-8b,0,1.0,1,2026-08-16T02:53:24.577758+00:00
appstore_585027354_14428366660,ibm-granite/granite-4.1-8b,0,4.0,4,2026-08-16T02:53:24.589095+00:00
appstore_585027354_14428361942,ibm-granite/granite-4.1-8b,0,5.0,5,2026-08-16T02:53:24.705725+00:00
appstore_585027354_14428296472,ibm-granite/granite-4.1-8b,0,2.0,2,2026-08-16T02:53:24.739708+00:00
appstore_585027354_14428273347,ibm-granite/granite-4.1-8b,0,1.0,1,2026-08-16T02:53:24.839663+00:00
appstore_585027354_14428191470,ibm-granite/granite-4.1-8b,0,3.0,3,2026-08-16T02:53:24.868697+00:00
appstore_585027354_14428641457,ibm-granite/granite-4.1-8b,0,3.0,"3

The review title ""Relazione Google maps"" and the text ""Recensione del tifo Pisa"" are somewhat vague and do not provide strong positive or negative feedback. Assuming a neutral to mildly positive sentiment due to the mention of a review (recensione) without explicit praise or criticism, a rating of 3 seems reasonable.",2026-08-16T02:53:24.934898+00:00
appstore_585027354_14428453575,ibm-granite/granite-4.1-8b,0,3.0,"3

The review title ""Kevin"" and the text ""Zúñiga"" provide very little context about the user's experience with the app, making it difficult to determine a precise rating. However, without any explicit positive or negative sentiment, a neutral rating of 3 (average) seems reasonable.",2026-08-16T02:53:24.938002+00:00
appstore_585027354_14428022000,ibm-granite/granite-4.1-8b,0,2.0,2,2026-08-16T02:53:24.983348+00:00
appstore_585027354_14427866888,ibm-granite/granite-4.1-8b,0,2.0,2,2026-08-16T02:53:25.000910+00:00
appstore_585027354_14427691172,ibm-granite/granite-4.1-8b,0,1.0,1,2026-08-16T02:53:25.061866+00:00
appstore_585027354_14427327680,ibm-granite/granite-4.1-8b,0,2.0,2,2026-08-16T02:53:25.064468+00:00
appstore_585027354_14426891681,ibm-granite/granite-4.1-8b,0,4.0,4,2026-08-16T02:53:25.125549+00:00
appstore_585027354_14426259590,ibm-granite/granite-4.1-8b,0,2.0,2,2026-08-16T02:53:25.143848+00:00
appstore_585027354_14425206743,ibm-granite/granite-4.1-8b,0,2.0,2,2026-08-16T02:53:25.185713+00:00
appstore_585027354_14426067084,ibm-granite/granite-4.1-8b,0,1.0,1,2026-08-16T02:53:25.202163+00:00
appstore_585027354_14425062580,ibm-granite/granite-4.1-8b,0,5.0,5,2026-08-16T02:53:25.244421+00:00
appstore_585027354_14424948927,ibm-granite/granite-4.1-8b,0,2.0,2,2026-08-16T02:53:25.287524+00:00
appstore_585027354_14424910929,ibm-granite/granite-4.1-8b,0,1.0,1,2026-08-16T02:53:25.315102+00:00
appstore_585027354_14424807185,ibm-granite/granite-4.1-8b,0,2.0,2,2026-08-16T02:53:25.335401+00:00
appstore_585027354_14424340877,ibm-granite/granite-4.1-8b,0,5.0,5,2026-08-16T02:53:25.367303+00:00
appstore_585027354_14424332252,ibm-granite/granite-4.1-8b,0,2.0,2,2026-08-16T02:53:25.413436+00:00
appstore_585027354_14424234899,ibm-granite/granite-4.1-8b,0,2.0,2,2026-08-16T02:53:25.439627+00:00
appstore_585027354_14424211835,ibm-granite/granite-4.1-8b,0,2.0,2,2026-08-16T02:53:25.464933+00:00
appstore_585027354_14424143402,ibm-granite/granite-4.1-8b,0,3.0,3,2026-08-16T02:53:25.491982+00:00
appstore_585027354_14424138502,ibm-granite/granite-4.1-8b,0,2.0,2,2026-08-16T02:53:25.532353+00:00
appstore_585027354_14424105030,ibm-granite/granite-4.1-8b,0,1.0,1,2026-08-16T02:53:25.581433+00:00
appstore_585027354_14423940380,ibm-granite/granite-4.1-8b,0,2.0,2,2026-08-16T02:53:25.589715+00:00
appstore_585027354_14423760643,ibm-granite/granite-4.1-8b,0,5.0,5,2026-08-16T02:53:25.632726+00:00
appstore_585027354_14423631384,ibm-granite/granite-4.1-8b,0,5.0,5,2026-08-16T02:53:25.648016+00:00
appstore_585027354_14423250040,ibm-granite/granite-4.1-8b,0,5.0,5,2026-08-16T02:53:25.711649+00:00
appstore_585027354_14423360316,ibm-granite/granite-4.1-8b,0,4.0,4,2026-08-16T02:53:25.718384+00:00
appstore_585027354_14423143964,ibm-granite/granite-4.1-8b,0,5.0,5,2026-08-16T02:53:25.763328+00:00
appstore_585027354_14423134891,ibm-granite/granite-4.1-8b,0,2.0,2,2026-08-16T02:53:25.793926+00:00
appstore_585027354_14422714592,ibm-granite/granite-4.1-8b,0,5.0,5,2026-08-16T02:53:25.841035+00:00
appstore_585027354_14422698193,ibm-granite/granite-4.1-8b,0,5.0,5,2026-08-16T02:53:25.862576+00:00
appstore_585027354_14421472470,ibm-granite/granite-4.1-8b,0,1.0,1,2026-08-16T02:53:25.900210+00:00
appstore_585027354_14421198547,ibm-granite/granite-4.1-8b,0,5.0,5,2026-08-16T02:53:25.922198+00:00
appstore_585027354_14421163326,ibm-granite/granite-4.1-8b,0,5.0,5,2026-08-16T02:53:25.961018+00:00
appstore_585027354_14421142569,ibm-granite/granite-4.1-8b,0,2.0,2,2026-08-16T02:53:25.985294+00:00
appstore_585027354_14421131098,ibm-granite/granite-4.1-8b,0,2.0,2,2026-08-16T02:53:26.035879+00:00
appstore_585027354_14421090841,ibm-granite/granite-4.1-8b,0,2.0,2,2026-08-16T02:53:26.047553+00:00
appstore_585027354_14420812260,ibm-granite/granite-4.1-8b,0,5.0,5,2026-08-16T02:53:26.098077+00:00
appstore_585027354_14420692095,ibm-granite/granite-4.1-8b,0,5.0,5,2026-08-16T02:53:26.108961+00:00
appstore_585027354_14420184963,ibm-granite/granite-4.1-8b,0,2.0,2,2026-08-16T02:53:26.173180+00:00
appstore_585027354_14419895850,ibm-granite/granite-4.1-8b,0,5.0,5,2026-08-16T02:53:26.190746+00:00
appstore_585027354_14419722589,ibm-granite/granite-4.1-8b,0,5.0,5,2026-08-16T02:53:26.244427+00:00
appstore_585027354_14419828497,ibm-granite/granite-4.1-8b,0,5.0,5,2026-08-16T02:53:26.253976+00:00
appstore_585027354_14419558958,ibm-granite/granite-4.1-8b,0,5.0,5,2026-08-16T02:53:26.293966+00:00
appstore_585027354_14419370318,ibm-granite/granite-4.1-8b,0,5.0,5,2026-08-16T02:53:26.333621+00:00
appstore_585027354_14419335739,ibm-granite/granite-4.1-8b,0,5.0,5,2026-08-16T02:53:26.377756+00:00
appstore_585027354_14419239181,ibm-granite/granite-4.1-8b,0,3.0,3,2026-08-16T02:53:26.391132+00:00
appstore_585027354_14419232344,ibm-granite/granite-4.1-8b,0,2.0,2,2026-08-16T02:53:26.415051+00:00
appstore_585027354_14419161386,ibm-granite/granite-4.1-8b,0,1.0,1,2026-08-16T02:53:26.452388+00:00
appstore_585027354_14419149197,ibm-granite/granite-4.1-8b,0,5.0,5,2026-08-16T02:53:26.514589+00:00
appstore_585027354_14418886368,ibm-granite/granite-4.1-8b,0,1.0,1,2026-08-16T02:53:26.538531+00:00
appstore_585027354_14418829956,ibm-granite/granite-4.1-8b,0,2.0,2,2026-08-16T02:53:26.585991+00:00
appstore_585027354_14418678018,ibm-granite/granite-4.1-8b,0,1.0,1,2026-08-16T02:53:26.649563+00:00
appstore_585027354_14418556875,ibm-granite/granite-4.1-8b,0,1.0,1,2026-08-16T02:53:26.661208+00:00
appstore_585027354_14418376836,ibm-granite/granite-4.1-8b,0,2.0,2,2026-08-16T02:53:26.708425+00:00
appstore_585027354_14417211242,ibm-granite/granite-4.1-8b,0,3.0,3,2026-08-16T02:53:26.789517+00:00
appstore_585027354_14418230266,ibm-granite/granite-4.1-8b,0,5.0,5,2026-08-16T02:53:26.794562+00:00
appstore_585027354_14419128261,ibm-granite/granite-4.1-8b,0,4.0,4,2026-08-16T02:53:26.884293+00:00
appstore_585027354_14416223053,ibm-granite/granite-4.1-8b,0,3.0,3,2026-08-16T02:53:26.942403+00:00
appstore_585027354_14416385800,ibm-granite/granite-4.1-8b,0,2.0,2,2026-08-16T02:53:26.974131+00:00
appstore_585027354_14416214488,ibm-granite/granite-4.1-8b,0,3.0,3,2026-08-16T02:53:27.012841+00:00
appstore_585027354_14416160147,ibm-granite/granite-4.1-8b,0,4.0,4,2026-08-16T02:53:27.068877+00:00
appstore_585027354_14416083123,ibm-granite/granite-4.1-8b,0,5.0,5,2026-08-16T02:53:27.163867+00:00
appstore_585027354_14415690581,ibm-granite/granite-4.1-8b,0,3.0,3,2026-08-16T02:53:27.215609+00:00
appstore_585027354_14415519492,ibm-granite/granite-4.1-8b,0,5.0,5,2026-08-16T02:53:27.296832+00:00
appstore_585027354_14415345765,ibm-granite/granite-4.1-8b,0,5.0,5,2026-08-16T02:53:27.347809+00:00
appstore_585027354_14416888008,ibm-granite/granite-4.1-8b,0,2.0,"2

The review text ""Izaanxh"" is extremely brief and lacks any context or descriptive content that would allow for a meaningful assessment of the app's quality. Without additional information, it is difficult to determine the user's sentiment, but the minimalistic nature of the review suggests a neutral to slightly negative experience, leading to a low rating of 2 out of 5.",2026-08-16T02:53:27.416696+00:00
appstore_585027354_14415245116,ibm-granite/granite-4.1-8b,0,5.0,5,2026-08-16T02:53:27.427754+00:00
appstore_585027354_14414874036,ibm-granite/granite-4.1-8b,0,1.0,1,2026-08-16T02:53:27.485596+00:00
appstore_585027354_14416120338,ibm-granite/granite-4.1-8b,0,2.0,2,2026-08-16T02:53:27.490151+00:00
appstore_585027354_14414687854,ibm-granite/granite-4.1-8b,0,1.0,1,2026-08-16T02:53:27.547251+00:00
appstore_585027354_14414296513,ibm-granite/granite-4.1-8b,0,2.0,2,2026-08-16T02:53:27.619621+00:00
appstore_585027354_14414479510,ibm-granite/granite-4.1-8b,0,5.0,5,2026-08-16T02:53:27.622837+00:00
appstore_585027354_14414169755,ibm-granite/granite-4.1-8b,0,1.0,1,2026-08-16T02:53:27.680415+00:00
appstore_585027354_14413577188,ibm-granite/granite-4.1-8b,0,1.0,1,2026-08-16T02:53:27.755094+00:00
appstore_585027354_14413800912,ibm-granite/granite-4.1-8b,0,2.0,2,2026-08-16T02:53:27.764778+00:00
appstore_585027354_14413451551,ibm-granite/granite-4.1-8b,0,1.0,1,2026-08-16T02:53:27.834749+00:00
appstore_585027354_14413012178,ibm-granite/granite-4.1-8b,0,5.0,5,2026-08-16T02:53:27.890772+00:00
appstore_585027354_14412407625,ibm-granite/granite-4.1-8b,0,5.0,5,2026-08-16T02:53:27.899352+00:00
appstore_585027354_14412316481,ibm-granite/granite-4.1-8b,0,2.0,2,2026-08-16T02:53:27.965406+00:00
appstore_585027354_14414661974,ibm-granite/granite-4.1-8b,0,3.0,"3

The review title and text are both just the letter ""a"", which provides virtually no substantive information about the user's experience with the app. In the absence of any clear positive or negative sentiment, a neutral rating of 3 (average) is the most reasonable assumption.",2026-08-16T02:53:27.972029+00:00
appstore_585027354_14411904662,ibm-granite/granite-4.1-8b,0,1.0,1,2026-08-16T02:53:28.027893+00:00
appstore_585027354_14411925996,ibm-granite/granite-4.1-8b,0,1.0,1,2026-08-16T02:53:28.041970+00:00
appstore_585027354_14411903886,ibm-granite/granite-4.1-8b,0,3.0,3,2026-08-16T02:53:28.089559+00:00
appstore_585027354_14411771958,ibm-granite/granite-4.1-8b,0,5.0,5,2026-08-16T02:53:28.093730+00:00
appstore_585027354_14411762340,ibm-granite/granite-4.1-8b,0,2.0,2,2026-08-16T02:53:28.152252+00:00
appstore_585027354_14411571901,ibm-granite/granite-4.1-8b,0,5.0,5,2026-08-16T02:53:28.167386+00:00
appstore_585027354_14411258267,ibm-granite/granite-4.1-8b,0,2.0,2,2026-08-16T02:53:28.221456+00:00
appstore_585027354_14411277885,ibm-granite/granite-4.1-8b,0,2.0,2,2026-08-16T02:53:28.236054+00:00
appstore_585027354_14411048229,ibm-granite/granite-4.1-8b,0,5.0,5,2026-08-16T02:53:28.276730+00:00
appstore_585027354_14411046806,ibm-granite/granite-4.1-8b,0,2.0,2,2026-08-16T02:53:28.316292+00:00
appstore_585027354_14411012450,ibm-granite/granite-4.1-8b,0,1.0,1,2026-08-16T02:53:28.343991+00:00
appstore_585027354_14410739861,ibm-granite/granite-4.1-8b,0,5.0,5,2026-08-16T02:53:28.369749+00:00
appstore_585027354_14410373832,ibm-granite/granite-4.1-8b,0,5.0,5,2026-08-16T02:53:28.453485+00:00
appstore_585027354_14410304123,ibm-granite/granite-4.1-8b,0,2.0,2,2026-08-16T02:53:28.486024+00:00
appstore_585027354_14410219451,ibm-granite/granite-4.1-8b,0,5.0,5,2026-08-16T02:53:28.519013+00:00
appstore_585027354_14410068565,ibm-granite/granite-4.1-8b,0,1.0,1,2026-08-16T02:53:28.586344+00:00
appstore_585027354_14409101618,ibm-granite/granite-4.1-8b,0,5.0,5,2026-08-16T02:53:28.623404+00:00
appstore_585027354_14408742528,ibm-granite/granite-4.1-8b,0,2.0,2,2026-08-16T02:53:28.643830+00:00
appstore_585027354_14408550281,ibm-granite/granite-4.1-8b,0,2.0,2,2026-08-16T02:53:28.721838+00:00
appstore_585027354_14408384137,ibm-granite/granite-4.1-8b,0,5.0,5,2026-08-16T02:53:28.749014+00:00
appstore_585027354_14408339052,ibm-granite/granite-4.1-8b,0,2.0,2,2026-08-16T02:53:28.779565+00:00
appstore_585027354_14408263413,ibm-granite/granite-4.1-8b,0,3.0,3,2026-08-16T02:53:28.868067+00:00
appstore_585027354_14408234909,ibm-granite/granite-4.1-8b,0,2.0,2,2026-08-16T02:53:28.881429+00:00
appstore_585027354_14408130336,ibm-granite/granite-4.1-8b,0,2.0,2,2026-08-16T02:53:28.927447+00:00
appstore_585027354_14408086321,ibm-granite/granite-4.1-8b,0,2.0,2,2026-08-16T02:53:29.008129+00:00
appstore_585027354_14408061035,ibm-granite/granite-4.1-8b,0,3.0,3,2026-08-16T02:53:29.010677+00:00
appstore_585027354_14407724020,ibm-granite/granite-4.1-8b,0,5.0,5,2026-08-16T02:53:29.059752+00:00
appstore_585027354_14410566775,ibm-granite/granite-4.1-8b,0,3.0,"3

The review title ""Love it…"" suggests a positive sentiment, which typically corresponds to a higher rating. However, the review text ""I am Michael Joseph Parker Hull Balisteri Deiter"" appears to be a name or a statement of identity without any substantive feedback about the app. This lack of descriptive content makes it difficult to determine a precise rating, but leaning towards a neutral to slightly positive rating, I predict a 3-star rating.",2026-08-16T02:53:29.074871+00:00
appstore_585027354_14407252453,ibm-granite/granite-4.1-8b,0,2.0,2,2026-08-16T02:53:29.147239+00:00
appstore_585027354_14407690933,ibm-granite/granite-4.1-8b,0,1.0,1,2026-08-16T02:53:29.177642+00:00
appstore_585027354_14407136325,ibm-granite/granite-4.1-8b,0,1.0,1,2026-08-16T02:53:29.184350+00:00
appstore_585027354_14406760375,ibm-granite/granite-4.1-8b,0,2.0,2,2026-08-16T02:53:29.207701+00:00
appstore_585027354_14406513006,ibm-granite/granite-4.1-8b,0,5.0,5,2026-08-16T02:53:29.269492+00:00
appstore_585027354_14406229446,ibm-granite/granite-4.1-8b,0,2.0,2,2026-08-16T02:53:29.323094+00:00
appstore_585027354_14405925245,ibm-granite/granite-4.1-8b,0,2.0,2,2026-08-16T02:53:29.374752+00:00
appstore_585027354_14405786151,ibm-granite/granite-4.1-8b,0,3.0,3,2026-08-16T02:53:29.405152+00:00
appstore_585027354_14404669448,ibm-granite/granite-4.1-8b,0,3.0,3,2026-08-16T02:53:29.468475+00:00
appstore_585027354_14404648893,ibm-granite/granite-4.1-8b,0,5.0,5,2026-08-16T02:53:29.496875+00:00
appstore_585027354_14404610654,ibm-granite/granite-4.1-8b,0,5.0,5,2026-08-16T02:53:29.543831+00:00
appstore_585027354_14406509677,ibm-granite/granite-4.1-8b,0,2.0,2,2026-08-16T02:53:29.590483+00:00
appstore_585027354_14404545603,ibm-granite/granite-4.1-8b,0,5.0,5,2026-08-16T02:53:29.597512+00:00
appstore_585027354_14404396151,ibm-granite/granite-4.1-8b,0,5.0,5,2026-08-16T02:53:29.615133+00:00
appstore_585027354_14404367586,ibm-granite/granite-4.1-8b,0,5.0,5,2026-08-16T02:53:29.666872+00:00
appstore_585027354_14403792095,ibm-granite/granite-4.1-8b,0,5.0,5,2026-08-16T02:53:29.737630+00:00
appstore_585027354_14403746809,ibm-granite/granite-4.1-8b,0,5.0,5,2026-08-16T02:53:29.764818+00:00
appstore_585027354_14403471197,ibm-granite/granite-4.1-8b,0,1.0,1,2026-08-16T02:53:29.796186+00:00
appstore_585027354_14403464518,ibm-granite/granite-4.1-8b,0,5.0,5,2026-08-16T02:53:29.867544+00:00
appstore_585027354_14402573207,ibm-granite/granite-4.1-8b,0,1.0,1,2026-08-16T02:53:29.912049+00:00
appstore_585027354_14402557431,ibm-granite/granite-4.1-8b,0,3.0,3,2026-08-16T02:53:29.920731+00:00
appstore_585027354_14402044426,ibm-granite/granite-4.1-8b,0,5.0,5,2026-08-16T02:53:30.004606+00:00
appstore_585027354_14401161394,ibm-granite/granite-4.1-8b,0,2.0,2,2026-08-16T02:53:30.070822+00:00
appstore_585027354_14404297608,ibm-granite/granite-4.1-8b,0,3.0,"3

The review title and text are both simply the word ""TUCUMCARI,"" which provides no substantive feedback about the app's quality or user experience. Without any descriptive content, it's reasonable to assume a neutral rating, hence a 3-star prediction.",2026-08-16T02:53:30.107626+00:00
appstore_585027354_14401101540,ibm-granite/granite-4.1-8b,0,2.0,2,2026-08-16T02:53:30.138921+00:00
appstore_585027354_14400980022,ibm-granite/granite-4.1-8b,0,1.0,1,2026-08-16T02:53:30.218869+00:00
appstore_585027354_14400753234,ibm-granite/granite-4.1-8b,0,4.0,4,2026-08-16T02:53:30.245153+00:00
appstore_585027354_14400635936,ibm-granite/granite-4.1-8b,0,2.0,2,2026-08-16T02:53:30.269734+00:00
appstore_585027354_14400621433,ibm-granite/granite-4.1-8b,0,4.0,4,2026-08-16T02:53:30.354650+00:00
appstore_585027354_14400581277,ibm-granite/granite-4.1-8b,0,1.0,1,2026-08-16T02:53:30.383077+00:00
appstore_585027354_14400570238,ibm-granite/granite-4.1-8b,0,2.0,2,2026-08-16T02:53:30.422328+00:00
appstore_585027354_14401339961,ibm-granite/granite-4.1-8b,0,3.0,"3

The review text ""Ja das"" is very brief and lacks context, making it difficult to determine the sentiment accurately. However, assuming a neutral or mildly positive tone due to the affirmative ""Ja,"" a rating of 3 (neutral to slightly positive) seems reasonable.",2026-08-16T02:53:30.452102+00:00
appstore_585027354_14400561038,ibm-granite/granite-4.1-8b,0,1.0,1,2026-08-16T02:53:30.478541+00:00
appstore_585027354_14400430543,ibm-granite/granite-4.1-8b,0,5.0,5,2026-08-16T02:53:30.498499+00:00
appstore_585027354_14400356476,ibm-granite/granite-4.1-8b,0,5.0,5,2026-08-16T02:53:30.561904+00:00
appstore_585027354_14400327635,ibm-granite/granite-4.1-8b,0,5.0,5,2026-08-16T02:53:30.594361+00:00
appstore_585027354_14400079189,ibm-granite/granite-4.1-8b,0,2.0,2,2026-08-16T02:53:30.620060+00:00
appstore_585027354_14400342614,ibm-granite/granite-4.1-8b,0,5.0,5,2026-08-16T02:53:30.660672+00:00
appstore_585027354_14400022103,ibm-granite/granite-4.1-8b,0,5.0,5,2026-08-16T02:53:30.701180+00:00
appstore_585027354_14399972092,ibm-granite/granite-4.1-8b,0,2.0,2,2026-08-16T02:53:30.715165+00:00
appstore_585027354_14399946046,ibm-granite/granite-4.1-8b,0,2.0,2,2026-08-16T02:53:30.740694+00:00
appstore_585027354_14399872041,ibm-granite/granite-4.1-8b,0,5.0,5,2026-08-16T02:53:30.796593+00:00
appstore_585027354_14399718563,ibm-granite/granite-4.1-8b,0,2.0,2,2026-08-16T02:53:30.833736+00:00
appstore_585027354_14399871114,ibm-granite/granite-4.1-8b,0,2.0,2,2026-08-16T02:53:30.837505+00:00
appstore_585027354_14399613415,ibm-granite/granite-4.1-8b,0,2.0,2,2026-08-16T02:53:30.866804+00:00
appstore_585027354_14399585623,ibm-granite/granite-4.1-8b,0,3.0,3,2026-08-16T02:53:30.929155+00:00
appstore_585027354_14399548321,ibm-granite/granite-4.1-8b,0,5.0,5,2026-08-16T02:53:30.972246+00:00
appstore_585027354_14399550645,ibm-granite/granite-4.1-8b,0,1.0,1,2026-08-16T02:53:30.976564+00:00
appstore_585027354_14399284460,ibm-granite/granite-4.1-8b,0,1.0,1,2026-08-16T02:53:30.994068+00:00
appstore_585027354_14398921727,ibm-granite/granite-4.1-8b,0,4.0,4,2026-08-16T02:53:31.053488+00:00
appstore_585027354_14398536976,ibm-granite/granite-4.1-8b,0,2.0,2,2026-08-16T02:53:31.099177+00:00
appstore_585027354_14398675616,ibm-granite/granite-4.1-8b,0,5.0,5,2026-08-16T02:53:31.109392+00:00
appstore_585027354_14397514991,ibm-granite/granite-4.1-8b,0,5.0,5,2026-08-16T02:53:31.114060+00:00
appstore_585027354_14397464787,ibm-granite/granite-4.1-8b,0,2.0,2,2026-08-16T02:53:31.181500+00:00
appstore_585027354_14396879252,ibm-granite/granite-4.1-8b,0,5.0,5,2026-08-16T02:53:31.243677+00:00
appstore_585027354_14396863498,ibm-granite/granite-4.1-8b,0,4.0,4,2026-08-16T02:53:31.245762+00:00
appstore_585027354_14396795877,ibm-granite/granite-4.1-8b,0,5.0,5,2026-08-16T02:53:31.259106+00:00
appstore_585027354_14396774475,ibm-granite/granite-4.1-8b,0,2.0,2,2026-08-16T02:53:31.317496+00:00
appstore_585027354_14396617897,ibm-granite/granite-4.1-8b,0,2.0,2,2026-08-16T02:53:31.366699+00:00
appstore_585027354_14396671903,ibm-granite/granite-4.1-8b,0,1.0,1,2026-08-16T02:53:31.377814+00:00
appstore_585027354_14396591037,ibm-granite/granite-4.1-8b,0,2.0,2,2026-08-16T02:53:31.390145+00:00
appstore_585027354_14396386931,ibm-granite/granite-4.1-8b,0,4.0,4,2026-08-16T02:53:31.513342+00:00
appstore_585027354_14396321680,ibm-granite/granite-4.1-8b,0,3.0,3,2026-08-16T02:53:31.521839+00:00
appstore_585027354_14396367317,ibm-granite/granite-4.1-8b,0,3.0,3,2026-08-16T02:53:31.536461+00:00
appstore_585027354_14396204911,ibm-granite/granite-4.1-8b,0,2.0,2,2026-08-16T02:53:31.645161+00:00
appstore_585027354_14396013369,ibm-granite/granite-4.1-8b,0,2.0,2,2026-08-16T02:53:31.664076+00:00
appstore_585027354_14396172771,ibm-granite/granite-4.1-8b,0,5.0,5,2026-08-16T02:53:31.668658+00:00
appstore_585027354_14396541804,ibm-granite/granite-4.1-8b,0,3.0,"3

The review is somewhat unclear and seems to be more of a question or inquiry rather than a clear positive or negative evaluation of an app. Therefore, a neutral rating of 3 is appropriate.",2026-08-16T02:53:31.732395+00:00
appstore_585027354_14395706723,ibm-granite/granite-4.1-8b,0,2.0,2,2026-08-16T02:53:31.780954+00:00
appstore_585027354_14395652732,ibm-granite/granite-4.1-8b,0,2.0,2,2026-08-16T02:53:31.797281+00:00
appstore_585027354_14395537187,ibm-granite/granite-4.1-8b,0,2.0,2,2026-08-16T02:53:31.805275+00:00
appstore_585027354_14395226116,ibm-granite/granite-4.1-8b,0,5.0,5,2026-08-16T02:53:31.867065+00:00
appstore_585027354_14395211022,ibm-granite/granite-4.1-8b,0,2.0,2,2026-08-16T02:53:31.902328+00:00
appstore_585027354_14395109976,ibm-granite/granite-4.1-8b,0,1.0,1,2026-08-16T02:53:31.931110+00:00
appstore_585027354_14395077189,ibm-granite/granite-4.1-8b,0,2.0,2,2026-08-16T02:53:31.933758+00:00
appstore_585027354_14394818739,ibm-granite/granite-4.1-8b,0,2.0,2,2026-08-16T02:53:31.992069+00:00
appstore_585027354_14394721767,ibm-granite/granite-4.1-8b,0,5.0,5,2026-08-16T02:53:32.024526+00:00
appstore_585027354_14394588227,ibm-granite/granite-4.1-8b,0,5.0,5,2026-08-16T02:53:32.069809+00:00
appstore_585027354_14394444337,ibm-granite/granite-4.1-8b,0,5.0,5,2026-08-16T02:53:32.073498+00:00
appstore_585027354_14394157208,ibm-granite/granite-4.1-8b,0,2.0,2,2026-08-16T02:53:32.128515+00:00
appstore_585027354_14393214649,ibm-granite/granite-4.1-8b,0,5.0,5,2026-08-16T02:53:32.154416+00:00
appstore_585027354_14393182435,ibm-granite/granite-4.1-8b,0,5.0,5,2026-08-16T02:53:32.191010+00:00
appstore_585027354_14393165489,ibm-granite/granite-4.1-8b,0,2.0,2,2026-08-16T02:53:32.221007+00:00
appstore_585027354_14393085798,ibm-granite/granite-4.1-8b,0,1.0,1,2026-08-16T02:53:32.246923+00:00
appstore_585027354_14392675330,ibm-granite/granite-4.1-8b,0,1.0,1,2026-08-16T02:53:32.292781+00:00
appstore_585027354_14392506411,ibm-granite/granite-4.1-8b,0,5.0,5,2026-08-16T02:53:32.319906+00:00
appstore_585027354_14392487257,ibm-granite/granite-4.1-8b,0,1.0,1,2026-08-16T02:53:32.364650+00:00
appstore_585027354_14392463243,ibm-granite/granite-4.1-8b,0,2.0,2,2026-08-16T02:53:32.377110+00:00
appstore_585027354_14392450560,ibm-granite/granite-4.1-8b,0,1.0,1,2026-08-16T02:53:32.416022+00:00
appstore_585027354_14392429811,ibm-granite/granite-4.1-8b,0,5.0,5,2026-08-16T02:53:32.445529+00:00
appstore_585027354_14392145096,ibm-granite/granite-4.1-8b,0,3.0,3,2026-08-16T02:53:32.490658+00:00
appstore_585027354_14392144215,ibm-granite/granite-4.1-8b,0,2.0,2,2026-08-16T02:53:32.527058+00:00
appstore_585027354_14391993524,ibm-granite/granite-4.1-8b,0,1.0,1,2026-08-16T02:53:32.530666+00:00
appstore_585027354_14391903918,ibm-granite/granite-4.1-8b,0,5.0,5,2026-08-16T02:53:32.586806+00:00
appstore_585027354_14391901668,ibm-granite/granite-4.1-8b,0,5.0,5,2026-08-16T02:53:32.627140+00:00
appstore_585027354_14391683854,ibm-granite/granite-4.1-8b,0,2.0,2,2026-08-16T02:53:32.645329+00:00
appstore_585027354_14391660543,ibm-granite/granite-4.1-8b,0,2.0,2,2026-08-16T02:53:32.677121+00:00
appstore_585027354_14391604469,ibm-granite/granite-4.1-8b,0,1.0,1,2026-08-16T02:53:32.715485+00:00
appstore_585027354_14391406631,ibm-granite/granite-4.1-8b,0,1.0,1,2026-08-16T02:53:32.748453+00:00
appstore_585027354_14391378798,ibm-granite/granite-4.1-8b,0,5.0,5,2026-08-16T02:53:32.771996+00:00
appstore_585027354_14390953554,ibm-granite/granite-4.1-8b,0,5.0,5,2026-08-16T02:53:32.812413+00:00
appstore_585027354_14390890395,ibm-granite/granite-4.1-8b,0,5.0,5,2026-08-16T02:53:32.845747+00:00
appstore_585027354_14390238090,ibm-granite/granite-4.1-8b,0,2.0,2,2026-08-16T02:53:32.880186+00:00
appstore_585027354_14389940259,ibm-granite/granite-4.1-8b,0,3.0,3,2026-08-16T02:53:32.912909+00:00
appstore_585027354_14389467296,ibm-granite/granite-4.1-8b,0,1.0,1,2026-08-16T02:53:32.937159+00:00
appstore_585027354_14389061609,ibm-granite/granite-4.1-8b,0,2.0,2,2026-08-16T02:53:32.994866+00:00
appstore_585027354_14388962921,ibm-granite/granite-4.1-8b,0,5.0,5,2026-08-16T02:53:32.998179+00:00
appstore_585027354_14388892863,ibm-granite/granite-4.1-8b,0,5.0,5,2026-08-16T02:53:33.045714+00:00
appstore_585027354_14388856368,ibm-granite/granite-4.1-8b,0,2.0,2,2026-08-16T02:53:33.067978+00:00
appstore_585027354_14388770805,ibm-granite/granite-4.1-8b,0,2.0,2,2026-08-16T02:53:33.116438+00:00
appstore_585027354_14388647979,ibm-granite/granite-4.1-8b,0,1.0,1,2026-08-16T02:53:33.137094+00:00
appstore_585027354_14388555298,ibm-granite/granite-4.1-8b,0,5.0,5,2026-08-16T02:53:33.170090+00:00
appstore_585027354_14388203470,ibm-granite/granite-4.1-8b,0,3.0,3,2026-08-16T02:53:33.193178+00:00
appstore_585027354_14387891476,ibm-granite/granite-4.1-8b,0,5.0,5,2026-08-16T02:53:33.247465+00:00
appstore_585027354_14387888026,ibm-granite/granite-4.1-8b,0,1.0,1,2026-08-16T02:53:33.272609+00:00
appstore_585027354_14387835912,ibm-granite/granite-4.1-8b,0,1.0,1,2026-08-16T02:53:33.293552+00:00
appstore_585027354_14387811107,ibm-granite/granite-4.1-8b,0,2.0,2,2026-08-16T02:53:33.319524+00:00
appstore_585027354_14387806463,ibm-granite/granite-4.1-8b,0,5.0,5,2026-08-16T02:53:33.375780+00:00
appstore_585027354_14387672514,ibm-granite/granite-4.1-8b,0,5.0,5,2026-08-16T02:53:33.409282+00:00
appstore_585027354_14387393260,ibm-granite/granite-4.1-8b,0,5.0,5,2026-08-16T02:53:33.418891+00:00
appstore_585027354_14387315079,ibm-granite/granite-4.1-8b,0,1.0,1,2026-08-16T02:53:33.460528+00:00
appstore_585027354_14387221179,ibm-granite/granite-4.1-8b,0,3.0,3,2026-08-16T02:53:33.492570+00:00
appstore_585027354_14385476576,ibm-granite/granite-4.1-8b,0,1.0,1,2026-08-16T02:53:33.544568+00:00
appstore_585027354_14385366616,ibm-granite/granite-4.1-8b,0,5.0,5,2026-08-16T02:53:33.550324+00:00
appstore_585027354_14384873197,ibm-granite/granite-4.1-8b,0,2.0,2,2026-08-16T02:53:33.579820+00:00
appstore_585027354_14384741751,ibm-granite/granite-4.1-8b,0,4.0,4,2026-08-16T02:53:33.632879+00:00
appstore_585027354_14384678192,ibm-granite/granite-4.1-8b,0,5.0,5,2026-08-16T02:53:33.664450+00:00
appstore_585027354_14384426297,ibm-granite/granite-4.1-8b,0,4.0,4,2026-08-16T02:53:33.672991+00:00
appstore_585027354_14384220458,ibm-granite/granite-4.1-8b,0,5.0,5,2026-08-16T02:53:33.703439+00:00
appstore_585027354_14384196415,ibm-granite/granite-4.1-8b,0,2.0,2,2026-08-16T02:53:33.759461+00:00
appstore_585027354_14384093627,ibm-granite/granite-4.1-8b,0,1.0,1,2026-08-16T02:53:33.788892+00:00
appstore_585027354_14384000755,ibm-granite/granite-4.1-8b,0,5.0,5,2026-08-16T02:53:33.795383+00:00
appstore_585027354_14383979860,ibm-granite/granite-4.1-8b,0,3.0,3,2026-08-16T02:53:33.826699+00:00
appstore_585027354_14383975438,ibm-granite/granite-4.1-8b,0,1.0,1,2026-08-16T02:53:33.894278+00:00
appstore_585027354_14383351426,ibm-granite/granite-4.1-8b,0,2.0,2,2026-08-16T02:53:33.913083+00:00
appstore_585027354_14383197447,ibm-granite/granite-4.1-8b,0,2.0,2,2026-08-16T02:53:33.938989+00:00
appstore_585027354_14383104814,ibm-granite/granite-4.1-8b,0,5.0,5,2026-08-16T02:53:33.958845+00:00
appstore_585027354_14383080156,ibm-granite/granite-4.1-8b,0,5.0,5,2026-08-16T02:53:34.014406+00:00
appstore_585027354_14382939509,ibm-granite/granite-4.1-8b,0,1.0,1,2026-08-16T02:53:34.052228+00:00
appstore_585027354_14382888107,ibm-granite/granite-4.1-8b,0,5.0,5,2026-08-16T02:53:34.055718+00:00
appstore_585027354_14382611261,ibm-granite/granite-4.1-8b,0,5.0,5,2026-08-16T02:53:34.081248+00:00
appstore_585027354_14382554353,ibm-granite/granite-4.1-8b,0,5.0,5,2026-08-16T02:53:34.136982+00:00
appstore_585027354_14381600359,ibm-granite/granite-4.1-8b,0,5.0,5,2026-08-16T02:53:34.177892+00:00
appstore_585027354_14381739053,ibm-granite/granite-4.1-8b,0,1.0,1,2026-08-16T02:53:34.180542+00:00
appstore_585027354_14381592395,ibm-granite/granite-4.1-8b,0,3.0,3,2026-08-16T02:53:34.210901+00:00
appstore_585027354_14381070377,ibm-granite/granite-4.1-8b,0,5.0,5,2026-08-16T02:53:34.271793+00:00
appstore_585027354_14380783082,ibm-granite/granite-4.1-8b,0,2.0,2,2026-08-16T02:53:34.302840+00:00
appstore_585027354_14380891787,ibm-granite/granite-4.1-8b,0,2.0,2,2026-08-16T02:53:34.313995+00:00
appstore_585027354_14380740581,ibm-granite/granite-4.1-8b,0,1.0,1,2026-08-16T02:53:34.349115+00:00
appstore_585027354_14380706960,ibm-granite/granite-4.1-8b,0,1.0,1,2026-08-16T02:53:34.395364+00:00
appstore_585027354_14380538564,ibm-granite/granite-4.1-8b,0,2.0,2,2026-08-16T02:53:34.433277+00:00
appstore_585027354_14380599480,ibm-granite/granite-4.1-8b,0,2.0,2,2026-08-16T02:53:34.441853+00:00
appstore_585027354_14380407720,ibm-granite/granite-4.1-8b,0,5.0,5,2026-08-16T02:53:34.485508+00:00
appstore_585027354_14380289026,ibm-granite/granite-4.1-8b,0,5.0,5,2026-08-16T02:53:34.519116+00:00
appstore_585027354_14380258220,ibm-granite/granite-4.1-8b,0,5.0,5,2026-08-16T02:53:34.555366+00:00
appstore_585027354_14380181116,ibm-granite/granite-4.1-8b,0,2.0,2,2026-08-16T02:53:34.564313+00:00
appstore_585027354_14380157430,ibm-granite/granite-4.1-8b,0,2.0,2,2026-08-16T02:53:34.607768+00:00
appstore_585027354_14380073667,ibm-granite/granite-4.1-8b,0,2.0,2,2026-08-16T02:53:34.642612+00:00
appstore_585027354_14380063874,ibm-granite/granite-4.1-8b,0,2.0,2,2026-08-16T02:53:34.671089+00:00
appstore_585027354_14380060602,ibm-granite/granite-4.1-8b,0,2.0,2,2026-08-16T02:53:34.713524+00:00
appstore_585027354_14380013742,ibm-granite/granite-4.1-8b,0,5.0,5,2026-08-16T02:53:34.731594+00:00
appstore_585027354_14379943260,ibm-granite/granite-4.1-8b,0,5.0,5,2026-08-16T02:53:34.764340+00:00
appstore_585027354_14379916944,ibm-granite/granite-4.1-8b,0,1.0,1,2026-08-16T02:53:34.809325+00:00
appstore_585027354_14379896664,ibm-granite/granite-4.1-8b,0,2.0,2,2026-08-16T02:53:34.835224+00:00
appstore_585027354_14379882870,ibm-granite/granite-4.1-8b,0,2.0,2,2026-08-16T02:53:34.857515+00:00
appstore_585027354_14379862799,ibm-granite/granite-4.1-8b,0,2.0,2,2026-08-16T02:53:34.903239+00:00
appstore_585027354_14379695967,ibm-granite/granite-4.1-8b,0,2.0,2,2026-08-16T02:53:34.935441+00:00
appstore_585027354_14379450729,ibm-granite/granite-4.1-8b,0,4.0,4,2026-08-16T02:53:34.970666+00:00
appstore_585027354_14379433500,ibm-granite/granite-4.1-8b,0,2.0,2,2026-08-16T02:53:34.981098+00:00
appstore_585027354_14379379302,ibm-granite/granite-4.1-8b,0,5.0,5,2026-08-16T02:53:35.022309+00:00
appstore_585027354_14378621830,ibm-granite/granite-4.1-8b,0,2.0,2,2026-08-16T02:53:35.056344+00:00
appstore_585027354_14378610558,ibm-granite/granite-4.1-8b,0,5.0,5,2026-08-16T02:53:35.096888+00:00
appstore_585027354_14378453151,ibm-granite/granite-4.1-8b,0,2.0,2,2026-08-16T02:53:35.110949+00:00
appstore_585027354_14378378297,ibm-granite/granite-4.1-8b,0,2.0,2,2026-08-16T02:53:35.146584+00:00
appstore_585027354_14378208641,ibm-granite/granite-4.1-8b,0,2.0,2,2026-08-16T02:53:35.194244+00:00
appstore_585027354_14378069602,ibm-granite/granite-4.1-8b,0,2.0,2,2026-08-16T02:53:35.222367+00:00
appstore_585027354_14377843913,ibm-granite/granite-4.1-8b,0,5.0,5,2026-08-16T02:53:35.247104+00:00
appstore_585027354_14377304136,ibm-granite/granite-4.1-8b,0,2.0,2,2026-08-16T02:53:35.290992+00:00
appstore_585027354_14377135151,ibm-granite/granite-4.1-8b,0,1.0,1,2026-08-16T02:53:35.312343+00:00
appstore_585027354_14377045004,ibm-granite/granite-4.1-8b,0,2.0,2,2026-08-16T02:53:35.342872+00:00
appstore_585027354_14377042680,ibm-granite/granite-4.1-8b,0,2.0,2,2026-08-16T02:53:35.384986+00:00
appstore_585027354_14376923056,ibm-granite/granite-4.1-8b,0,5.0,5,2026-08-16T02:53:35.417624+00:00
appstore_585027354_14376614482,ibm-granite/granite-4.1-8b,0,2.0,2,2026-08-16T02:53:35.461573+00:00
appstore_389801252_14428768707,ibm-granite/granite-4.1-8b,0,3.0,3,2026-08-16T02:53:35.480715+00:00
appstore_389801252_14428763014,ibm-granite/granite-4.1-8b,0,1.0,1,2026-08-16T02:53:35.505873+00:00
appstore_389801252_14428757988,ibm-granite/granite-4.1-8b,0,2.0,2,2026-08-16T02:53:35.542185+00:00
appstore_389801252_14428756666,ibm-granite/granite-4.1-8b,0,2.0,2,2026-08-16T02:53:35.586445+00:00
appstore_389801252_14428750627,ibm-granite/granite-4.1-8b,0,2.0,2,2026-08-16T02:53:35.614323+00:00
appstore_389801252_14428746676,ibm-granite/granite-4.1-8b,0,5.0,5,2026-08-16T02:53:35.628538+00:00
appstore_389801252_14428711704,ibm-granite/granite-4.1-8b,0,1.0,1,2026-08-16T02:53:35.659900+00:00
appstore_389801252_14428658339,ibm-granite/granite-4.1-8b,0,2.0,2,2026-08-16T02:53:35.732382+00:00
appstore_389801252_14428613836,ibm-granite/granite-4.1-8b,0,3.0,3,2026-08-16T02:53:35.752075+00:00
appstore_389801252_14428599575,ibm-granite/granite-4.1-8b,0,2.0,2,2026-08-16T02:53:35.761540+00:00
appstore_389801252_14428558882,ibm-granite/granite-4.1-8b,0,2.0,2,2026-08-16T02:53:35.809785+00:00
appstore_389801252_14428554670,ibm-granite/granite-4.1-8b,0,5.0,5,2026-08-16T02:53:35.860297+00:00
appstore_389801252_14428494583,ibm-granite/granite-4.1-8b,0,5.0,5,2026-08-16T02:53:35.877366+00:00
appstore_389801252_14428488282,ibm-granite/granite-4.1-8b,0,5.0,5,2026-08-16T02:53:35.906799+00:00
appstore_389801252_14428474765,ibm-granite/granite-4.1-8b,0,1.0,1,2026-08-16T02:53:35.947869+00:00
appstore_389801252_14428468272,ibm-granite/granite-4.1-8b,0,2.0,2,2026-08-16T02:53:36.011881+00:00
appstore_389801252_14428448454,ibm-granite/granite-4.1-8b,0,1.0,1,2026-08-16T02:53:36.029360+00:00
appstore_389801252_14428405644,ibm-granite/granite-4.1-8b,0,1.0,1,2026-08-16T02:53:36.046487+00:00
appstore_389801252_14428379222,ibm-granite/granite-4.1-8b,0,4.0,4,2026-08-16T02:53:36.079568+00:00
appstore_389801252_14428342618,ibm-granite/granite-4.1-8b,0,5.0,5,2026-08-16T02:53:36.144404+00:00
appstore_389801252_14428232629,ibm-granite/granite-4.1-8b,0,2.0,2,2026-08-16T02:53:36.171018+00:00
appstore_389801252_14428231959,ibm-granite/granite-4.1-8b,0,5.0,5,2026-08-16T02:53:36.182807+00:00
appstore_389801252_14428196596,ibm-granite/granite-4.1-8b,0,5.0,5,2026-08-16T02:53:36.205662+00:00
appstore_389801252_14428143802,ibm-granite/granite-4.1-8b,0,5.0,5,2026-08-16T02:53:36.294007+00:00
appstore_389801252_14428087642,ibm-granite/granite-4.1-8b,0,2.0,2,2026-08-16T02:53:36.303190+00:00
appstore_389801252_14428081414,ibm-granite/granite-4.1-8b,0,2.0,2,2026-08-16T02:53:36.316293+00:00
appstore_389801252_14428037732,ibm-granite/granite-4.1-8b,0,3.0,3,2026-08-16T02:53:36.355683+00:00
appstore_389801252_14428035633,ibm-granite/granite-4.1-8b,0,2.0,2,2026-08-16T02:53:36.425025+00:00
appstore_389801252_14427928458,ibm-granite/granite-4.1-8b,0,5.0,5,2026-08-16T02:53:36.447487+00:00
appstore_389801252_14428028302,ibm-granite/granite-4.1-8b,0,2.0,2,2026-08-16T02:53:36.464870+00:00
appstore_389801252_14427905789,ibm-granite/granite-4.1-8b,0,5.0,5,2026-08-16T02:53:36.497348+00:00
appstore_389801252_14427886251,ibm-granite/granite-4.1-8b,0,4.0,4,2026-08-16T02:53:36.568724+00:00
appstore_389801252_14427873998,ibm-granite/granite-4.1-8b,0,2.0,2,2026-08-16T02:53:36.590345+00:00
appstore_389801252_14427862071,ibm-granite/granite-4.1-8b,0,3.0,3,2026-08-16T02:53:36.596428+00:00
appstore_389801252_14427839502,ibm-granite/granite-4.1-8b,0,3.0,3,2026-08-16T02:53:36.622499+00:00
appstore_389801252_14427830104,ibm-granite/granite-4.1-8b,0,5.0,5,2026-08-16T02:53:36.708943+00:00
appstore_389801252_14427823131,ibm-granite/granite-4.1-8b,0,2.0,2,2026-08-16T02:53:36.720859+00:00
appstore_389801252_14427808904,ibm-granite/granite-4.1-8b,0,3.0,3,2026-08-16T02:53:36.732143+00:00
appstore_389801252_14427749342,ibm-granite/granite-4.1-8b,0,2.0,2,2026-08-16T02:53:36.742324+00:00
appstore_389801252_14427571120,ibm-granite/granite-4.1-8b,0,5.0,5,2026-08-16T02:53:36.860427+00:00
appstore_389801252_14427641891,ibm-granite/granite-4.1-8b,0,5.0,5,2026-08-16T02:53:36.862896+00:00
appstore_389801252_14427529423,ibm-granite/granite-4.1-8b,0,2.0,2,2026-08-16T02:53:36.894248+00:00
appstore_389801252_14427476262,ibm-granite/granite-4.1-8b,0,2.0,2,2026-08-16T02:53:36.995927+00:00
appstore_389801252_14427429397,ibm-granite/granite-4.1-8b,0,2.0,2,2026-08-16T02:53:37.012258+00:00
appstore_389801252_14427369033,ibm-granite/granite-4.1-8b,0,3.0,3,2026-08-16T02:53:37.023521+00:00
appstore_389801252_14427353293,ibm-granite/granite-4.1-8b,0,2.0,2,2026-08-16T02:53:37.127340+00:00
appstore_389801252_14427321592,ibm-granite/granite-4.1-8b,0,3.0,3,2026-08-16T02:53:37.153486+00:00
appstore_389801252_14427341451,ibm-granite/granite-4.1-8b,0,1.0,1,2026-08-16T02:53:37.157096+00:00
appstore_389801252_14427294989,ibm-granite/granite-4.1-8b,0,4.0,4,2026-08-16T02:53:37.254076+00:00
appstore_389801252_14427235680,ibm-granite/granite-4.1-8b,0,3.0,3,2026-08-16T02:53:37.289785+00:00
appstore_389801252_14427021697,ibm-granite/granite-4.1-8b,0,2.0,2,2026-08-16T02:53:37.294271+00:00
appstore_389801252_14427594275,ibm-granite/granite-4.1-8b,0,3.0,"3

The review is extremely brief and lacks context, making it difficult to gauge the user's sentiment accurately. However, the title ""Infringement"" suggests a negative experience, while the word ""Work"" could imply that the app functions as intended. Without more detail, a neutral to slightly positive rating of 3 seems reasonable.",2026-08-16T02:53:37.356473+00:00
appstore_389801252_14427012731,ibm-granite/granite-4.1-8b,0,1.0,1,2026-08-16T02:53:37.389614+00:00
appstore_389801252_14426959261,ibm-granite/granite-4.1-8b,0,2.0,2,2026-08-16T02:53:37.416528+00:00
appstore_389801252_14426927238,ibm-granite/granite-4.1-8b,0,5.0,5,2026-08-16T02:53:37.435565+00:00
appstore_389801252_14426898781,ibm-granite/granite-4.1-8b,0,3.0,3,2026-08-16T02:53:37.479805+00:00
appstore_389801252_14426868030,ibm-granite/granite-4.1-8b,0,2.0,2,2026-08-16T02:53:37.536536+00:00
appstore_389801252_14426823711,ibm-granite/granite-4.1-8b,0,2.0,2,2026-08-16T02:53:37.552108+00:00
appstore_389801252_14426797157,ibm-granite/granite-4.1-8b,0,5.0,5,2026-08-16T02:53:37.560463+00:00
appstore_389801252_14426768248,ibm-granite/granite-4.1-8b,0,5.0,5,2026-08-16T02:53:37.602690+00:00
appstore_389801252_14426656339,ibm-granite/granite-4.1-8b,0,2.0,2,2026-08-16T02:53:37.662056+00:00
appstore_389801252_14426635523,ibm-granite/granite-4.1-8b,0,5.0,5,2026-08-16T02:53:37.694666+00:00
appstore_389801252_14426638799,ibm-granite/granite-4.1-8b,0,4.0,4,2026-08-16T02:53:37.714644+00:00
appstore_389801252_14426580630,ibm-granite/granite-4.1-8b,0,1.0,1,2026-08-16T02:53:37.726958+00:00
appstore_389801252_14426578171,ibm-granite/granite-4.1-8b,0,2.0,2,2026-08-16T02:53:37.796877+00:00
appstore_389801252_14426551614,ibm-granite/granite-4.1-8b,0,3.0,3,2026-08-16T02:53:37.818263+00:00
appstore_389801252_14426495651,ibm-granite/granite-4.1-8b,0,2.0,2,2026-08-16T02:53:37.869501+00:00
appstore_389801252_14426426883,ibm-granite/granite-4.1-8b,0,1.0,1,2026-08-16T02:53:37.929540+00:00
appstore_389801252_14426399573,ibm-granite/granite-4.1-8b,0,5.0,5,2026-08-16T02:53:37.966534+00:00
appstore_389801252_14426389048,ibm-granite/granite-4.1-8b,0,2.0,2,2026-08-16T02:53:38.000944+00:00
appstore_389801252_14426323402,ibm-granite/granite-4.1-8b,0,2.0,2,2026-08-16T02:53:38.067800+00:00
appstore_389801252_14426276191,ibm-granite/granite-4.1-8b,0,2.0,2,2026-08-16T02:53:38.094389+00:00
appstore_389801252_14426217942,ibm-granite/granite-4.1-8b,0,3.0,3,2026-08-16T02:53:38.133176+00:00
appstore_389801252_14426106170,ibm-granite/granite-4.1-8b,0,5.0,5,2026-08-16T02:53:38.202541+00:00
appstore_389801252_14425810402,ibm-granite/granite-4.1-8b,0,1.0,1,2026-08-16T02:53:38.239210+00:00
appstore_389801252_14425740857,ibm-granite/granite-4.1-8b,0,5.0,5,2026-08-16T02:53:38.273583+00:00
appstore_389801252_14425692858,ibm-granite/granite-4.1-8b,0,1.0,1,2026-08-16T02:53:38.344124+00:00
appstore_389801252_14426542809,ibm-granite/granite-4.1-8b,0,2.0,"2

The review title and text are both just the letter ""B"", which provides no substantive information about the user's experience or satisfaction with the app. Without any context or descriptive content, it is difficult to infer a high level of satisfaction, suggesting a lower rating. Therefore, a rating of 2 out of 5 is a reasonable assumption.",2026-08-16T02:53:38.358746+00:00
appstore_389801252_14425574385,ibm-granite/granite-4.1-8b,0,1.0,1,2026-08-16T02:53:38.392753+00:00
appstore_389801252_14425535846,ibm-granite/granite-4.1-8b,0,1.0,1,2026-08-16T02:53:38.412383+00:00
appstore_389801252_14425527612,ibm-granite/granite-4.1-8b,0,1.0,1,2026-08-16T02:53:38.464033+00:00
appstore_389801252_14425517755,ibm-granite/granite-4.1-8b,0,1.0,1,2026-08-16T02:53:38.499137+00:00
appstore_389801252_14425464434,ibm-granite/granite-4.1-8b,0,1.0,1,2026-08-16T02:53:38.518501+00:00
appstore_389801252_14425463023,ibm-granite/granite-4.1-8b,0,2.0,2,2026-08-16T02:53:38.543780+00:00
appstore_389801252_14425334399,ibm-granite/granite-4.1-8b,0,1.0,1,2026-08-16T02:53:38.585659+00:00
appstore_389801252_14425298401,ibm-granite/granite-4.1-8b,0,2.0,2,2026-08-16T02:53:38.627392+00:00
appstore_389801252_14425278404,ibm-granite/granite-4.1-8b,0,3.0,3,2026-08-16T02:53:38.647668+00:00
appstore_389801252_14425273116,ibm-granite/granite-4.1-8b,0,5.0,5,2026-08-16T02:53:38.684453+00:00
appstore_389801252_14425268425,ibm-granite/granite-4.1-8b,0,1.0,1,2026-08-16T02:53:38.701508+00:00
appstore_389801252_14425265208,ibm-granite/granite-4.1-8b,0,2.0,2,2026-08-16T02:53:38.748863+00:00
appstore_389801252_14425250078,ibm-granite/granite-4.1-8b,0,5.0,5,2026-08-16T02:53:38.771252+00:00
appstore_389801252_14425220865,ibm-granite/granite-4.1-8b,0,1.0,1,2026-08-16T02:53:38.820674+00:00
appstore_389801252_14425217799,ibm-granite/granite-4.1-8b,0,2.0,2,2026-08-16T02:53:38.839013+00:00
appstore_389801252_14425208673,ibm-granite/granite-4.1-8b,0,1.0,1,2026-08-16T02:53:38.874269+00:00
appstore_389801252_14425204254,ibm-granite/granite-4.1-8b,0,2.0,2,2026-08-16T02:53:38.896527+00:00
appstore_389801252_14425198986,ibm-granite/granite-4.1-8b,0,1.0,1,2026-08-16T02:53:38.959899+00:00
appstore_389801252_14425198635,ibm-granite/granite-4.1-8b,0,3.0,3,2026-08-16T02:53:38.978024+00:00
appstore_389801252_14425171225,ibm-granite/granite-4.1-8b,0,1.0,1,2026-08-16T02:53:39.001886+00:00
appstore_389801252_14425167507,ibm-granite/granite-4.1-8b,0,3.0,3,2026-08-16T02:53:39.030889+00:00
appstore_389801252_14425154867,ibm-granite/granite-4.1-8b,0,4.0,4,2026-08-16T02:53:39.084105+00:00
appstore_389801252_14425153309,ibm-granite/granite-4.1-8b,0,2.0,2,2026-08-16T02:53:39.123231+00:00
appstore_389801252_14425151380,ibm-granite/granite-4.1-8b,0,1.0,1,2026-08-16T02:53:39.130838+00:00
appstore_389801252_14425147593,ibm-granite/granite-4.1-8b,0,2.0,2,2026-08-16T02:53:39.154902+00:00
appstore_389801252_14425138055,ibm-granite/granite-4.1-8b,0,2.0,2,2026-08-16T02:53:39.203592+00:00
appstore_389801252_14425134153,ibm-granite/granite-4.1-8b,0,1.0,1,2026-08-16T02:53:39.255422+00:00
appstore_389801252_14425102746,ibm-granite/granite-4.1-8b,0,5.0,5,2026-08-16T02:53:39.279223+00:00
appstore_389801252_14425060953,ibm-granite/granite-4.1-8b,0,2.0,2,2026-08-16T02:53:39.289160+00:00
appstore_389801252_14425047812,ibm-granite/granite-4.1-8b,0,2.0,2,2026-08-16T02:53:39.326767+00:00
appstore_389801252_14425036985,ibm-granite/granite-4.1-8b,0,3.0,3,2026-08-16T02:53:39.373673+00:00
appstore_389801252_14424972767,ibm-granite/granite-4.1-8b,0,1.0,1,2026-08-16T02:53:39.414519+00:00
appstore_389801252_14424961657,ibm-granite/granite-4.1-8b,0,4.0,4,2026-08-16T02:53:39.419877+00:00
appstore_389801252_14424920022,ibm-granite/granite-4.1-8b,0,1.0,1,2026-08-16T02:53:39.452305+00:00
appstore_389801252_14424820065,ibm-granite/granite-4.1-8b,0,5.0,5,2026-08-16T02:53:39.546251+00:00
appstore_389801252_14424762914,ibm-granite/granite-4.1-8b,0,2.0,2,2026-08-16T02:53:39.565070+00:00
appstore_389801252_14424722100,ibm-granite/granite-4.1-8b,0,4.0,4,2026-08-16T02:53:39.584690+00:00
appstore_389801252_14424715021,ibm-granite/granite-4.1-8b,0,5.0,5,2026-08-16T02:53:39.679342+00:00
appstore_389801252_14424703330,ibm-granite/granite-4.1-8b,0,3.0,3,2026-08-16T02:53:39.704207+00:00
appstore_389801252_14424605514,ibm-granite/granite-4.1-8b,0,1.0,1,2026-08-16T02:53:39.721328+00:00
appstore_389801252_14424573717,ibm-granite/granite-4.1-8b,0,2.0,2,2026-08-16T02:53:39.815425+00:00
appstore_389801252_14424493666,ibm-granite/granite-4.1-8b,0,2.0,2,2026-08-16T02:53:39.852866+00:00
appstore_389801252_14424488016,ibm-granite/granite-4.1-8b,0,5.0,5,2026-08-16T02:53:39.878695+00:00
appstore_389801252_14424486255,ibm-granite/granite-4.1-8b,0,2.0,2,2026-08-16T02:53:39.944616+00:00
appstore_389801252_14424290142,ibm-granite/granite-4.1-8b,0,5.0,5,2026-08-16T02:53:39.979876+00:00
appstore_389801252_14424238234,ibm-granite/granite-4.1-8b,0,2.0,2,2026-08-16T02:53:40.025651+00:00
appstore_389801252_14424197463,ibm-granite/granite-4.1-8b,0,1.0,1,2026-08-16T02:53:40.079802+00:00
appstore_389801252_14424093809,ibm-granite/granite-4.1-8b,0,2.0,2,2026-08-16T02:53:40.118596+00:00
appstore_389801252_14424083664,ibm-granite/granite-4.1-8b,0,2.0,2,2026-08-16T02:53:40.154616+00:00
appstore_389801252_14424822255,ibm-granite/granite-4.1-8b,0,3.0,"3

The review title ""milad.id73"" and the text ""Apps5141"" provide very little context about the user's experience with the app, making it difficult to determine a precise rating. However, assuming the user is simply providing a minimal identifier and a vague reference to an app ID, it suggests a neutral or average experience without strong positive or negative sentiment. Therefore, a rating of 3 (neutral/average) is a reasonable estimate.",2026-08-16T02:53:40.179552+00:00
appstore_389801252_14424051023,ibm-granite/granite-4.1-8b,0,2.0,2,2026-08-16T02:53:40.217334+00:00
appstore_389801252_14423968861,ibm-granite/granite-4.1-8b,0,1.0,1,2026-08-16T02:53:40.240443+00:00
appstore_389801252_14423942005,ibm-granite/granite-4.1-8b,0,3.0,3,2026-08-16T02:53:40.278299+00:00
appstore_389801252_14423905840,ibm-granite/granite-4.1-8b,0,2.0,2,2026-08-16T02:53:40.302794+00:00
appstore_389801252_14423859226,ibm-granite/granite-4.1-8b,0,2.0,2,2026-08-16T02:53:40.336613+00:00
appstore_389801252_14423838365,ibm-granite/granite-4.1-8b,0,3.0,3,2026-08-16T02:53:40.370508+00:00
appstore_389801252_14423831588,ibm-granite/granite-4.1-8b,0,1.0,1,2026-08-16T02:53:40.418568+00:00
appstore_389801252_14423801304,ibm-granite/granite-4.1-8b,0,3.0,3,2026-08-16T02:53:40.452247+00:00
appstore_389801252_14423773631,ibm-granite/granite-4.1-8b,0,2.0,2,2026-08-16T02:53:40.467666+00:00
appstore_389801252_14423680782,ibm-granite/granite-4.1-8b,0,1.0,1,2026-08-16T02:53:40.491072+00:00
appstore_389801252_14423640201,ibm-granite/granite-4.1-8b,0,5.0,5,2026-08-16T02:53:40.556128+00:00
appstore_389801252_14423631654,ibm-granite/granite-4.1-8b,0,2.0,2,2026-08-16T02:53:40.577714+00:00
appstore_389801252_14423603375,ibm-granite/granite-4.1-8b,0,1.0,1,2026-08-16T02:53:40.610436+00:00
appstore_389801252_14423500560,ibm-granite/granite-4.1-8b,0,2.0,2,2026-08-16T02:53:40.617663+00:00
appstore_389801252_14423469816,ibm-granite/granite-4.1-8b,0,5.0,5,2026-08-16T02:53:40.691828+00:00
appstore_389801252_14423375502,ibm-granite/granite-4.1-8b,0,2.0,2,2026-08-16T02:53:40.736825+00:00
appstore_389801252_14423330453,ibm-granite/granite-4.1-8b,0,3.0,3,2026-08-16T02:53:40.761534+00:00
appstore_389801252_14423303545,ibm-granite/granite-4.1-8b,0,2.0,2,2026-08-16T02:53:40.818860+00:00
appstore_389801252_14423298319,ibm-granite/granite-4.1-8b,0,1.0,1,2026-08-16T02:53:40.860740+00:00
appstore_389801252_14423282109,ibm-granite/granite-4.1-8b,0,3.0,3,2026-08-16T02:53:40.891817+00:00
appstore_389801252_14423277803,ibm-granite/granite-4.1-8b,0,5.0,5,2026-08-16T02:53:40.956736+00:00
appstore_389801252_14423272396,ibm-granite/granite-4.1-8b,0,4.0,4,2026-08-16T02:53:40.996550+00:00
appstore_389801252_14423466662,ibm-granite/granite-4.1-8b,0,2.0,2,2026-08-16T02:53:41.016019+00:00
appstore_389801252_14423249148,ibm-granite/granite-4.1-8b,0,2.0,2,2026-08-16T02:53:41.080229+00:00
appstore_389801252_14423249082,ibm-granite/granite-4.1-8b,0,5.0,5,2026-08-16T02:53:41.147944+00:00
appstore_389801252_14423218894,ibm-granite/granite-4.1-8b,0,2.0,2,2026-08-16T02:53:41.175848+00:00
appstore_389801252_14423187855,ibm-granite/granite-4.1-8b,0,2.0,2,2026-08-16T02:53:41.213558+00:00
appstore_389801252_14423258408,ibm-granite/granite-4.1-8b,0,5.0,5,2026-08-16T02:53:41.278826+00:00
appstore_389801252_14423179092,ibm-granite/granite-4.1-8b,0,3.0,3,2026-08-16T02:53:41.289267+00:00
appstore_389801252_14423125641,ibm-granite/granite-4.1-8b,0,1.0,1,2026-08-16T02:53:41.310244+00:00
appstore_389801252_14423074542,ibm-granite/granite-4.1-8b,0,5.0,5,2026-08-16T02:53:41.343697+00:00
appstore_389801252_14423047102,ibm-granite/granite-4.1-8b,0,2.0,2,2026-08-16T02:53:41.415719+00:00
appstore_389801252_14423010641,ibm-granite/granite-4.1-8b,0,4.0,4,2026-08-16T02:53:41.420804+00:00
appstore_389801252_14422999796,ibm-granite/granite-4.1-8b,0,2.0,2,2026-08-16T02:53:41.454484+00:00
appstore_389801252_14422948852,ibm-granite/granite-4.1-8b,0,2.0,2,2026-08-16T02:53:41.559772+00:00
appstore_389801252_14422936864,ibm-granite/granite-4.1-8b,0,5.0,5,2026-08-16T02:53:41.565627+00:00
appstore_389801252_14422866182,ibm-granite/granite-4.1-8b,0,2.0,2,2026-08-16T02:53:41.605920+00:00
appstore_389801252_14422806221,ibm-granite/granite-4.1-8b,0,2.0,2,2026-08-16T02:53:41.697579+00:00
appstore_389801252_14422750479,ibm-granite/granite-4.1-8b,0,3.0,3,2026-08-16T02:53:41.699777+00:00
appstore_389801252_14422655104,ibm-granite/granite-4.1-8b,0,3.0,3,2026-08-16T02:53:41.753836+00:00
appstore_389801252_14422367861,ibm-granite/granite-4.1-8b,0,3.0,3,2026-08-16T02:53:41.831356+00:00
appstore_389801252_14422445670,ibm-granite/granite-4.1-8b,0,5.0,5,2026-08-16T02:53:41.835955+00:00
appstore_389801252_14422335423,ibm-granite/granite-4.1-8b,0,1.0,1,2026-08-16T02:53:41.885022+00:00
appstore_389801252_14422163758,ibm-granite/granite-4.1-8b,0,5.0,5,2026-08-16T02:53:41.967956+00:00
appstore_389801252_14422222049,ibm-granite/granite-4.1-8b,0,3.0,3,2026-08-16T02:53:41.972372+00:00
appstore_389801252_14422094220,ibm-granite/granite-4.1-8b,0,2.0,2,2026-08-16T02:53:42.021780+00:00
appstore_389801252_14422981199,ibm-granite/granite-4.1-8b,0,3.0,"3

The review title ""0"" and the text ""There has been a lot of advertising from the platform."" suggest a neutral to slightly negative sentiment, as the user mentions excessive advertising, which is often a point of dissatisfaction. However, there is no explicit praise or strong criticism, so a rating of 3 (neutral) seems appropriate.",2026-08-16T02:53:42.047675+00:00
appstore_389801252_14421912425,ibm-granite/granite-4.1-8b,0,3.0,3,2026-08-16T02:53:42.095512+00:00
appstore_389801252_14421701068,ibm-granite/granite-4.1-8b,0,2.0,2,2026-08-16T02:53:42.107929+00:00
appstore_389801252_14421638012,ibm-granite/granite-4.1-8b,0,5.0,5,2026-08-16T02:53:42.176981+00:00
appstore_389801252_14421575734,ibm-granite/granite-4.1-8b,0,5.0,5,2026-08-16T02:53:42.202202+00:00
appstore_389801252_14421481491,ibm-granite/granite-4.1-8b,0,1.0,1,2026-08-16T02:53:42.240829+00:00
appstore_389801252_14421542644,ibm-granite/granite-4.1-8b,0,1.0,1,2026-08-16T02:53:42.244778+00:00
appstore_389801252_14421471029,ibm-granite/granite-4.1-8b,0,5.0,5,2026-08-16T02:53:42.325780+00:00
appstore_389801252_14421343524,ibm-granite/granite-4.1-8b,0,1.0,1,2026-08-16T02:53:42.342057+00:00
appstore_389801252_14421258838,ibm-granite/granite-4.1-8b,0,4.0,4,2026-08-16T02:53:42.372298+00:00
appstore_389801252_14421228497,ibm-granite/granite-4.1-8b,0,5.0,5,2026-08-16T02:53:42.376624+00:00
appstore_389801252_14421221257,ibm-granite/granite-4.1-8b,0,2.0,2,2026-08-16T02:53:42.460995+00:00
appstore_389801252_14421220050,ibm-granite/granite-4.1-8b,0,5.0,5,2026-08-16T02:53:42.473404+00:00
appstore_389801252_14421152674,ibm-granite/granite-4.1-8b,0,5.0,5,2026-08-16T02:53:42.505544+00:00
appstore_389801252_14421176404,ibm-granite/granite-4.1-8b,0,2.0,2,2026-08-16T02:53:42.513715+00:00
appstore_389801252_14421134324,ibm-granite/granite-4.1-8b,0,1.0,1,2026-08-16T02:53:42.611079+00:00
appstore_389801252_14421096393,ibm-granite/granite-4.1-8b,0,4.0,4,2026-08-16T02:53:42.622545+00:00
appstore_389801252_14421087304,ibm-granite/granite-4.1-8b,0,2.0,2,2026-08-16T02:53:42.643289+00:00
appstore_389801252_14421026999,ibm-granite/granite-4.1-8b,0,1.0,1,2026-08-16T02:53:42.663718+00:00
appstore_389801252_14421024755,ibm-granite/granite-4.1-8b,0,3.0,3,2026-08-16T02:53:42.745262+00:00
appstore_389801252_14420986853,ibm-granite/granite-4.1-8b,0,1.0,1,2026-08-16T02:53:42.753834+00:00
appstore_389801252_14420968084,ibm-granite/granite-4.1-8b,0,5.0,5,2026-08-16T02:53:42.776534+00:00
appstore_389801252_14420945118,ibm-granite/granite-4.1-8b,0,1.0,1,2026-08-16T02:53:42.807886+00:00
appstore_389801252_14420878860,ibm-granite/granite-4.1-8b,0,3.0,3,2026-08-16T02:53:42.896710+00:00
appstore_389801252_14420845887,ibm-granite/granite-4.1-8b,0,1.0,1,2026-08-16T02:53:42.900502+00:00
appstore_389801252_14420925124,ibm-granite/granite-4.1-8b,0,2.0,2,2026-08-16T02:53:42.913987+00:00
appstore_389801252_14420805205,ibm-granite/granite-4.1-8b,0,2.0,2,2026-08-16T02:53:42.946185+00:00
appstore_389801252_14420804725,ibm-granite/granite-4.1-8b,0,1.0,1,2026-08-16T02:53:43.038981+00:00
appstore_389801252_14420787819,ibm-granite/granite-4.1-8b,0,2.0,2,2026-08-16T02:53:43.042112+00:00
appstore_389801252_14420670955,ibm-granite/granite-4.1-8b,0,3.0,3,2026-08-16T02:53:43.071536+00:00
appstore_389801252_14420666865,ibm-granite/granite-4.1-8b,0,1.0,1,2026-08-16T02:53:43.160385+00:00
appstore_389801252_14420608883,ibm-granite/granite-4.1-8b,0,3.0,3,2026-08-16T02:53:43.181800+00:00
appstore_389801252_14420557105,ibm-granite/granite-4.1-8b,0,2.0,2,2026-08-16T02:53:43.195563+00:00
appstore_389801252_14420548238,ibm-granite/granite-4.1-8b,0,4.0,4,2026-08-16T02:53:43.290241+00:00
appstore_389801252_14420517710,ibm-granite/granite-4.1-8b,0,5.0,5,2026-08-16T02:53:43.307731+00:00
appstore_389801252_14420492885,ibm-granite/granite-4.1-8b,0,5.0,5,2026-08-16T02:53:43.343583+00:00
appstore_389801252_14420476732,ibm-granite/granite-4.1-8b,0,1.0,1,2026-08-16T02:53:43.442833+00:00
appstore_389801252_14420437447,ibm-granite/granite-4.1-8b,0,3.0,3,2026-08-16T02:53:43.447396+00:00
appstore_389801252_14420697811,ibm-granite/granite-4.1-8b,0,2.0,2,2026-08-16T02:53:43.472939+00:00
appstore_389801252_14420434453,ibm-granite/granite-4.1-8b,0,2.0,2,2026-08-16T02:53:43.490859+00:00
appstore_389801252_14420394091,ibm-granite/granite-4.1-8b,0,5.0,5,2026-08-16T02:53:43.569504+00:00
appstore_389801252_14420400432,ibm-granite/granite-4.1-8b,0,5.0,5,2026-08-16T02:53:43.590130+00:00
appstore_389801252_14420373045,ibm-granite/granite-4.1-8b,0,2.0,2,2026-08-16T02:53:43.621486+00:00
appstore_389801252_14420380622,ibm-granite/granite-4.1-8b,0,5.0,5,2026-08-16T02:53:43.638980+00:00
appstore_389801252_14420308467,ibm-granite/granite-4.1-8b,0,5.0,5,2026-08-16T02:53:43.720618+00:00
appstore_389801252_14420300336,ibm-granite/granite-4.1-8b,0,5.0,5,2026-08-16T02:53:43.723957+00:00
appstore_389801252_14420299824,ibm-granite/granite-4.1-8b,0,4.0,4,2026-08-16T02:53:43.752921+00:00
appstore_389801252_14420282770,ibm-granite/granite-4.1-8b,0,2.0,2,2026-08-16T02:53:43.778814+00:00
appstore_389801252_14420262302,ibm-granite/granite-4.1-8b,0,2.0,2,2026-08-16T02:53:43.854526+00:00
appstore_389801252_14420246471,ibm-granite/granite-4.1-8b,0,4.0,4,2026-08-16T02:53:43.870390+00:00
appstore_389801252_14420233542,ibm-granite/granite-4.1-8b,0,1.0,1,2026-08-16T02:53:43.898255+00:00
appstore_389801252_14420208485,ibm-granite/granite-4.1-8b,0,1.0,1,2026-08-16T02:53:43.900355+00:00
appstore_389801252_14420204716,ibm-granite/granite-4.1-8b,0,2.0,2,2026-08-16T02:53:43.978234+00:00
appstore_389801252_14419987135,ibm-granite/granite-4.1-8b,0,5.0,5,2026-08-16T02:53:44.019920+00:00
appstore_389801252_14420174804,ibm-granite/granite-4.1-8b,0,1.0,1,2026-08-16T02:53:44.058789+00:00
appstore_389801252_14419836397,ibm-granite/granite-4.1-8b,0,3.0,3,2026-08-16T02:53:44.109361+00:00
appstore_389801252_14419868466,ibm-granite/granite-4.1-8b,0,5.0,5,2026-08-16T02:53:44.130800+00:00
appstore_389801252_14419767103,ibm-granite/granite-4.1-8b,0,1.0,1,2026-08-16T02:53:44.151412+00:00
appstore_389801252_14419748495,ibm-granite/granite-4.1-8b,0,1.0,1,2026-08-16T02:53:44.214264+00:00
appstore_389801252_14419677424,ibm-granite/granite-4.1-8b,0,1.0,1,2026-08-16T02:53:44.242595+00:00
appstore_389801252_14419669101,ibm-granite/granite-4.1-8b,0,5.0,5,2026-08-16T02:53:44.295745+00:00
appstore_389801252_14419640684,ibm-granite/granite-4.1-8b,0,1.0,1,2026-08-16T02:53:44.337072+00:00
appstore_389801252_14419610318,ibm-granite/granite-4.1-8b,0,2.0,2,2026-08-16T02:53:44.366131+00:00
appstore_389801252_14419554865,ibm-granite/granite-4.1-8b,0,2.0,2,2026-08-16T02:53:44.418828+00:00
appstore_389801252_14419542194,ibm-granite/granite-4.1-8b,0,1.0,1,2026-08-16T02:53:44.460434+00:00
appstore_389801252_14419542039,ibm-granite/granite-4.1-8b,0,5.0,5,2026-08-16T02:53:44.505966+00:00
appstore_389801252_14419520531,ibm-granite/granite-4.1-8b,0,2.0,2,2026-08-16T02:53:44.535614+00:00
appstore_389801252_14419447357,ibm-granite/granite-4.1-8b,0,3.0,3,2026-08-16T02:53:44.644997+00:00
appstore_389801252_14419408513,ibm-granite/granite-4.1-8b,0,3.0,3,2026-08-16T02:53:44.671198+00:00
appstore_389801252_14419673180,ibm-granite/granite-4.1-8b,0,2.0,"2

The review title ""Stop the pop ups"" and the brief text ""F"" suggest a negative experience, likely indicating a low rating. The letter ""F"" typically represents a failing or unsatisfactory grade, supporting a rating of 2 out of 5 stars.",2026-08-16T02:53:44.698717+00:00
appstore_389801252_14419362300,ibm-granite/granite-4.1-8b,0,5.0,5,2026-08-16T02:53:44.774822+00:00
appstore_389801252_14419356447,ibm-granite/granite-4.1-8b,0,2.0,2,2026-08-16T02:53:44.807370+00:00
appstore_389801252_14419304799,ibm-granite/granite-4.1-8b,0,1.0,1,2026-08-16T02:53:44.823379+00:00
appstore_389801252_14419172548,ibm-granite/granite-4.1-8b,0,1.0,1,2026-08-16T02:53:44.898824+00:00
appstore_389801252_14419116275,ibm-granite/granite-4.1-8b,0,2.0,2,2026-08-16T02:53:44.937926+00:00
appstore_389801252_14419112453,ibm-granite/granite-4.1-8b,0,1.0,1,2026-08-16T02:53:44.960597+00:00
appstore_389801252_14419487913,ibm-granite/granite-4.1-8b,0,5.0,5,2026-08-16T02:53:45.005935+00:00
appstore_389801252_14419080557,ibm-granite/granite-4.1-8b,0,5.0,5,2026-08-16T02:53:45.025463+00:00
appstore_389801252_14419065391,ibm-granite/granite-4.1-8b,0,5.0,5,2026-08-16T02:53:45.068631+00:00
appstore_389801252_14418975862,ibm-granite/granite-4.1-8b,0,1.0,1,2026-08-16T02:53:45.078714+00:00
appstore_389801252_14418898754,ibm-granite/granite-4.1-8b,0,2.0,2,2026-08-16T02:53:45.130391+00:00
appstore_389801252_14418881846,ibm-granite/granite-4.1-8b,0,5.0,5,2026-08-16T02:53:45.177332+00:00
appstore_389801252_14418798991,ibm-granite/granite-4.1-8b,0,5.0,5,2026-08-16T02:53:45.204769+00:00
appstore_389801252_14418765569,ibm-granite/granite-4.1-8b,0,2.0,2,2026-08-16T02:53:45.227049+00:00
appstore_389801252_14418719490,ibm-granite/granite-4.1-8b,0,2.0,2,2026-08-16T02:53:45.255651+00:00
appstore_389801252_14418684513,ibm-granite/granite-4.1-8b,0,4.0,4,2026-08-16T02:53:45.311373+00:00
appstore_389801252_14418683836,ibm-granite/granite-4.1-8b,0,4.0,4,2026-08-16T02:53:45.338999+00:00
appstore_389801252_14418579850,ibm-granite/granite-4.1-8b,0,1.0,1,2026-08-16T02:53:45.351779+00:00
appstore_389801252_14418441479,ibm-granite/granite-4.1-8b,0,2.0,2,2026-08-16T02:53:45.381823+00:00
appstore_389801252_14418435862,ibm-granite/granite-4.1-8b,0,1.0,1,2026-08-16T02:53:45.437054+00:00
appstore_389801252_14418296342,ibm-granite/granite-4.1-8b,0,2.0,2,2026-08-16T02:53:45.457270+00:00
appstore_389801252_14418278450,ibm-granite/granite-4.1-8b,0,2.0,2,2026-08-16T02:53:45.493794+00:00
appstore_389801252_14418204823,ibm-granite/granite-4.1-8b,0,5.0,5,2026-08-16T02:53:45.501307+00:00
appstore_389801252_14418133864,ibm-granite/granite-4.1-8b,0,2.0,2,2026-08-16T02:53:45.555178+00:00
appstore_389801252_14418083582,ibm-granite/granite-4.1-8b,0,2.0,2,2026-08-16T02:53:45.598722+00:00
appstore_389801252_14418082596,ibm-granite/granite-4.1-8b,0,5.0,5,2026-08-16T02:53:45.630091+00:00
appstore_389801252_14418050608,ibm-granite/granite-4.1-8b,0,2.0,2,2026-08-16T02:53:45.677978+00:00
appstore_389801252_14417814010,ibm-granite/granite-4.1-8b,0,3.0,3,2026-08-16T02:53:45.728007+00:00
appstore_389801252_14417810257,ibm-granite/granite-4.1-8b,0,5.0,5,2026-08-16T02:53:45.752388+00:00
appstore_389801252_14417736332,ibm-granite/granite-4.1-8b,0,5.0,5,2026-08-16T02:53:45.800742+00:00
appstore_389801252_14417725563,ibm-granite/granite-4.1-8b,0,2.0,2,2026-08-16T02:53:45.852267+00:00
appstore_389801252_14417679252,ibm-granite/granite-4.1-8b,0,1.0,1,2026-08-16T02:53:45.889595+00:00
appstore_389801252_14417676728,ibm-granite/granite-4.1-8b,0,1.0,1,2026-08-16T02:53:45.935638+00:00
appstore_389801252_14418078540,ibm-granite/granite-4.1-8b,0,2.0,"2

The review indicates a problem with the account being mistakenly disabled, which suggests dissatisfaction and a need for immediate resolution. This typically corresponds to a lower rating, around 2 out of 5 stars.",2026-08-16T02:53:45.951384+00:00
appstore_389801252_14417628246,ibm-granite/granite-4.1-8b,0,3.0,3,2026-08-16T02:53:45.977629+00:00
appstore_389801252_14417579476,ibm-granite/granite-4.1-8b,0,1.0,1,2026-08-16T02:53:46.011257+00:00
appstore_389801252_14417447547,ibm-granite/granite-4.1-8b,0,2.0,2,2026-08-16T02:53:46.076465+00:00
appstore_389801252_14417399099,ibm-granite/granite-4.1-8b,0,1.0,1,2026-08-16T02:53:46.100811+00:00
appstore_389801252_14417378704,ibm-granite/granite-4.1-8b,0,2.0,2,2026-08-16T02:53:46.110665+00:00
appstore_389801252_14417353261,ibm-granite/granite-4.1-8b,0,5.0,5,2026-08-16T02:53:46.136183+00:00
appstore_389801252_14417347862,ibm-granite/granite-4.1-8b,0,5.0,5,2026-08-16T02:53:46.198587+00:00
appstore_389801252_14417289757,ibm-granite/granite-4.1-8b,0,2.0,2,2026-08-16T02:53:46.234031+00:00
appstore_389801252_14417251046,ibm-granite/granite-4.1-8b,0,2.0,2,2026-08-16T02:53:46.252495+00:00
appstore_389801252_14417248764,ibm-granite/granite-4.1-8b,0,1.0,1,2026-08-16T02:53:46.262104+00:00
appstore_389801252_14417197908,ibm-granite/granite-4.1-8b,0,2.0,2,2026-08-16T02:53:46.357649+00:00
appstore_389801252_14417156729,ibm-granite/granite-4.1-8b,0,1.0,1,2026-08-16T02:53:46.361236+00:00
appstore_389801252_14417130659,ibm-granite/granite-4.1-8b,0,5.0,5,2026-08-16T02:53:46.372099+00:00
appstore_389801252_14417110313,ibm-granite/granite-4.1-8b,0,3.0,3,2026-08-16T02:53:46.411506+00:00
appstore_389801252_14417022505,ibm-granite/granite-4.1-8b,0,3.0,3,2026-08-16T02:53:46.494370+00:00
appstore_389801252_14417027988,ibm-granite/granite-4.1-8b,0,5.0,5,2026-08-16T02:53:46.498167+00:00
appstore_389801252_14417012856,ibm-granite/granite-4.1-8b,0,2.0,2,2026-08-16T02:53:46.504151+00:00
appstore_389801252_14416966505,ibm-granite/granite-4.1-8b,0,5.0,5,2026-08-16T02:53:46.534234+00:00
appstore_389801252_14416920987,ibm-granite/granite-4.1-8b,0,2.0,2,2026-08-16T02:53:46.615499+00:00
appstore_389801252_14416857407,ibm-granite/granite-4.1-8b,0,1.0,1,2026-08-16T02:53:46.635472+00:00
appstore_389801252_14416846978,ibm-granite/granite-4.1-8b,0,2.0,2,2026-08-16T02:53:46.654418+00:00
appstore_389801252_14416832289,ibm-granite/granite-4.1-8b,0,2.0,2,2026-08-16T02:53:46.663818+00:00
appstore_284882215_14428839648,ibm-granite/granite-4.1-8b,0,2.0,2,2026-08-16T02:53:46.743188+00:00
appstore_284882215_14428821148,ibm-granite/granite-4.1-8b,0,2.0,2,2026-08-16T02:53:46.754293+00:00
appstore_284882215_14428808937,ibm-granite/granite-4.1-8b,0,2.0,2,2026-08-16T02:53:46.789589+00:00
appstore_284882215_14428782256,ibm-granite/granite-4.1-8b,0,5.0,5,2026-08-16T02:53:46.800696+00:00
appstore_284882215_14428770904,ibm-granite/granite-4.1-8b,0,2.0,2,2026-08-16T02:53:46.877567+00:00
appstore_284882215_14428760901,ibm-granite/granite-4.1-8b,0,1.0,1,2026-08-16T02:53:46.888433+00:00
appstore_284882215_14428758899,ibm-granite/granite-4.1-8b,0,1.0,1,2026-08-16T02:53:46.930550+00:00
appstore_284882215_14428740212,ibm-granite/granite-4.1-8b,0,2.0,2,2026-08-16T02:53:46.934031+00:00
appstore_284882215_14428731605,ibm-granite/granite-4.1-8b,0,2.0,2,2026-08-16T02:53:46.996959+00:00
appstore_284882215_14428713395,ibm-granite/granite-4.1-8b,0,4.0,4,2026-08-16T02:53:47.026061+00:00
appstore_284882215_14428692246,ibm-granite/granite-4.1-8b,0,5.0,5,2026-08-16T02:53:47.053196+00:00
appstore_284882215_14428682603,ibm-granite/granite-4.1-8b,0,2.0,2,2026-08-16T02:53:47.066580+00:00
appstore_284882215_14428677868,ibm-granite/granite-4.1-8b,0,2.0,2,2026-08-16T02:53:47.128577+00:00
appstore_284882215_14428669442,ibm-granite/granite-4.1-8b,0,4.0,4,2026-08-16T02:53:47.156563+00:00
appstore_284882215_14428619037,ibm-granite/granite-4.1-8b,0,3.0,3,2026-08-16T02:53:47.178514+00:00
appstore_284882215_14428615670,ibm-granite/granite-4.1-8b,0,1.0,1,2026-08-16T02:53:47.186147+00:00
appstore_284882215_14428603357,ibm-granite/granite-4.1-8b,0,2.0,2,2026-08-16T02:53:47.270436+00:00
appstore_284882215_14428601768,ibm-granite/granite-4.1-8b,0,5.0,5,2026-08-16T02:53:47.282198+00:00
appstore_284882215_14428544471,ibm-granite/granite-4.1-8b,0,5.0,5,2026-08-16T02:53:47.314267+00:00
appstore_284882215_14428570810,ibm-granite/granite-4.1-8b,0,2.0,2,2026-08-16T02:53:47.322973+00:00
appstore_284882215_14428523619,ibm-granite/granite-4.1-8b,0,2.0,2,2026-08-16T02:53:47.412098+00:00
appstore_284882215_14428537498,ibm-granite/granite-4.1-8b,0,3.0,3,2026-08-16T02:53:47.416182+00:00
appstore_284882215_14428501072,ibm-granite/granite-4.1-8b,0,2.0,2,2026-08-16T02:53:47.436966+00:00
appstore_284882215_14428499646,ibm-granite/granite-4.1-8b,0,5.0,5,2026-08-16T02:53:47.449627+00:00
appstore_284882215_14428496539,ibm-granite/granite-4.1-8b,0,2.0,2,2026-08-16T02:53:47.537779+00:00
appstore_284882215_14428496868,ibm-granite/granite-4.1-8b,0,5.0,5,2026-08-16T02:53:47.550660+00:00
appstore_284882215_14428481791,ibm-granite/granite-4.1-8b,0,4.0,4,2026-08-16T02:53:47.563747+00:00
appstore_284882215_14428479886,ibm-granite/granite-4.1-8b,0,1.0,1,2026-08-16T02:53:47.593853+00:00
appstore_284882215_14428458789,ibm-granite/granite-4.1-8b,0,3.0,3,2026-08-16T02:53:47.653769+00:00
appstore_284882215_14428433036,ibm-granite/granite-4.1-8b,0,5.0,5,2026-08-16T02:53:47.670880+00:00
appstore_284882215_14428349692,ibm-granite/granite-4.1-8b,0,5.0,5,2026-08-16T02:53:47.697896+00:00
appstore_284882215_14428333527,ibm-granite/granite-4.1-8b,0,1.0,1,2026-08-16T02:53:47.718852+00:00
appstore_284882215_14428324998,ibm-granite/granite-4.1-8b,0,1.0,1,2026-08-16T02:53:47.802570+00:00
appstore_284882215_14428330404,ibm-granite/granite-4.1-8b,0,2.0,2,2026-08-16T02:53:47.806604+00:00
appstore_284882215_14428280973,ibm-granite/granite-4.1-8b,0,2.0,2,2026-08-16T02:53:47.832312+00:00
appstore_284882215_14428280284,ibm-granite/granite-4.1-8b,0,5.0,5,2026-08-16T02:53:47.844056+00:00
appstore_284882215_14428255978,ibm-granite/granite-4.1-8b,0,3.0,3,2026-08-16T02:53:47.924741+00:00
appstore_284882215_14428252690,ibm-granite/granite-4.1-8b,0,5.0,5,2026-08-16T02:53:47.946491+00:00
appstore_284882215_14428250205,ibm-granite/granite-4.1-8b,0,4.0,4,2026-08-16T02:53:47.954679+00:00
appstore_284882215_14428245793,ibm-granite/granite-4.1-8b,0,3.0,3,2026-08-16T02:53:47.972987+00:00
appstore_284882215_14428230928,ibm-granite/granite-4.1-8b,0,2.0,2,2026-08-16T02:53:48.040222+00:00
appstore_284882215_14428179082,ibm-granite/granite-4.1-8b,0,2.0,2,2026-08-16T02:53:48.069194+00:00
appstore_284882215_14428147491,ibm-granite/granite-4.1-8b,0,5.0,5,2026-08-16T02:53:48.095200+00:00
appstore_284882215_14428117504,ibm-granite/granite-4.1-8b,0,5.0,5,2026-08-16T02:53:48.097402+00:00
appstore_284882215_14428108520,ibm-granite/granite-4.1-8b,0,5.0,5,2026-08-16T02:53:48.163734+00:00
appstore_284882215_14428107407,ibm-granite/granite-4.1-8b,0,3.0,3,2026-08-16T02:53:48.212392+00:00
appstore_284882215_14428082991,ibm-granite/granite-4.1-8b,0,5.0,5,2026-08-16T02:53:48.226867+00:00
appstore_284882215_14428089406,ibm-granite/granite-4.1-8b,0,2.0,2,2026-08-16T02:53:48.232905+00:00
appstore_284882215_14428044158,ibm-granite/granite-4.1-8b,0,5.0,5,2026-08-16T02:53:48.301097+00:00
appstore_284882215_14428042007,ibm-granite/granite-4.1-8b,0,3.0,3,2026-08-16T02:53:48.339162+00:00
appstore_284882215_14427983497,ibm-granite/granite-4.1-8b,0,2.0,2,2026-08-16T02:53:48.354782+00:00
appstore_284882215_14428031513,ibm-granite/granite-4.1-8b,0,5.0,5,2026-08-16T02:53:48.364328+00:00
appstore_284882215_14427980511,ibm-granite/granite-4.1-8b,0,3.0,3,2026-08-16T02:53:48.423039+00:00
appstore_284882215_14427979508,ibm-granite/granite-4.1-8b,0,2.0,2,2026-08-16T02:53:48.462660+00:00
appstore_284882215_14427971682,ibm-granite/granite-4.1-8b,0,2.0,2,2026-08-16T02:53:48.495542+00:00
appstore_284882215_14427879531,ibm-granite/granite-4.1-8b,0,5.0,5,2026-08-16T02:53:48.552476+00:00
appstore_284882215_14427848697,ibm-granite/granite-4.1-8b,0,5.0,5,2026-08-16T02:53:48.598735+00:00
appstore_284882215_14427847118,ibm-granite/granite-4.1-8b,0,5.0,5,2026-08-16T02:53:48.626195+00:00
appstore_284882215_14427822623,ibm-granite/granite-4.1-8b,0,4.0,4,2026-08-16T02:53:48.686567+00:00
appstore_284882215_14427819859,ibm-granite/granite-4.1-8b,0,1.0,1,2026-08-16T02:53:48.743011+00:00
appstore_284882215_14427813618,ibm-granite/granite-4.1-8b,0,5.0,5,2026-08-16T02:53:48.754790+00:00
appstore_284882215_14427805730,ibm-granite/granite-4.1-8b,0,1.0,1,2026-08-16T02:53:48.828030+00:00
appstore_284882215_14427802433,ibm-granite/granite-4.1-8b,0,2.0,2,2026-08-16T02:53:48.876862+00:00
appstore_284882215_14427789270,ibm-granite/granite-4.1-8b,0,2.0,2,2026-08-16T02:53:48.955569+00:00
appstore_284882215_14427963376,ibm-granite/granite-4.1-8b,0,3.0,"3

The review title ""Business Owner"" and the text ""TsjXCollective"" provide very little context about the user's experience with the app, making it difficult to determine a precise rating. However, assuming a neutral stance without strong positive or negative sentiment, a rating of 3 (average) seems reasonable.",2026-08-16T02:53:48.961712+00:00
appstore_284882215_14427788565,ibm-granite/granite-4.1-8b,0,4.0,4,2026-08-16T02:53:49.014016+00:00
appstore_284882215_14427770540,ibm-granite/granite-4.1-8b,0,5.0,5,2026-08-16T02:53:49.079575+00:00
appstore_284882215_14427768659,ibm-granite/granite-4.1-8b,0,3.0,3,2026-08-16T02:53:49.096419+00:00
appstore_284882215_14427743867,ibm-granite/granite-4.1-8b,0,1.0,1,2026-08-16T02:53:49.142421+00:00
appstore_284882215_14427789380,ibm-granite/granite-4.1-8b,0,2.0,"2

The review is brief and indicates a problem with logging in after an update, suggesting dissatisfaction but without strong emotional language. This typically corresponds to a moderate dissatisfaction, around a 2-star rating.",2026-08-16T02:53:49.172410+00:00
appstore_284882215_14427740159,ibm-granite/granite-4.1-8b,0,2.0,2,2026-08-16T02:53:49.221141+00:00
appstore_284882215_14427708197,ibm-granite/granite-4.1-8b,0,2.0,2,2026-08-16T02:53:49.229093+00:00
appstore_284882215_14427691427,ibm-granite/granite-4.1-8b,0,3.0,3,2026-08-16T02:53:49.255353+00:00
appstore_284882215_14427633357,ibm-granite/granite-4.1-8b,0,4.0,4,2026-08-16T02:53:49.309602+00:00
appstore_284882215_14427577893,ibm-granite/granite-4.1-8b,0,2.0,2,2026-08-16T02:53:49.342511+00:00
appstore_284882215_14427540451,ibm-granite/granite-4.1-8b,0,5.0,5,2026-08-16T02:53:49.356993+00:00
appstore_284882215_14427534705,ibm-granite/granite-4.1-8b,0,4.0,4,2026-08-16T02:53:49.394976+00:00
appstore_284882215_14427477377,ibm-granite/granite-4.1-8b,0,5.0,5,2026-08-16T02:53:49.434941+00:00
appstore_284882215_14427457942,ibm-granite/granite-4.1-8b,0,2.0,2,2026-08-16T02:53:49.470331+00:00
appstore_284882215_14427437925,ibm-granite/granite-4.1-8b,0,2.0,2,2026-08-16T02:53:49.480223+00:00
appstore_284882215_14427436540,ibm-granite/granite-4.1-8b,0,3.0,3,2026-08-16T02:53:49.520383+00:00
appstore_284882215_14427427936,ibm-granite/granite-4.1-8b,0,2.0,2,2026-08-16T02:53:49.570125+00:00
appstore_284882215_14427423582,ibm-granite/granite-4.1-8b,0,2.0,2,2026-08-16T02:53:49.590908+00:00
appstore_284882215_14427352667,ibm-granite/granite-4.1-8b,0,3.0,3,2026-08-16T02:53:49.594301+00:00
appstore_284882215_14427346047,ibm-granite/granite-4.1-8b,0,3.0,3,2026-08-16T02:53:49.658514+00:00
appstore_284882215_14427312285,ibm-granite/granite-4.1-8b,0,2.0,2,2026-08-16T02:53:49.690081+00:00
appstore_284882215_14427287481,ibm-granite/granite-4.1-8b,0,2.0,2,2026-08-16T02:53:49.721029+00:00
appstore_284882215_14427241404,ibm-granite/granite-4.1-8b,0,4.0,4,2026-08-16T02:53:49.793033+00:00
appstore_284882215_14427243110,ibm-granite/granite-4.1-8b,0,2.0,2,2026-08-16T02:53:49.803860+00:00
appstore_284882215_14427231941,ibm-granite/granite-4.1-8b,0,2.0,2,2026-08-16T02:53:49.810504+00:00
appstore_284882215_14427229827,ibm-granite/granite-4.1-8b,0,3.0,3,2026-08-16T02:53:49.843174+00:00
appstore_284882215_14427227713,ibm-granite/granite-4.1-8b,0,1.0,1,2026-08-16T02:53:49.913980+00:00
appstore_284882215_14427222801,ibm-granite/granite-4.1-8b,0,2.0,2,2026-08-16T02:53:49.937873+00:00
appstore_284882215_14427213612,ibm-granite/granite-4.1-8b,0,5.0,5,2026-08-16T02:53:49.953086+00:00
appstore_284882215_14427143617,ibm-granite/granite-4.1-8b,0,2.0,2,2026-08-16T02:53:50.029762+00:00
appstore_284882215_14427139966,ibm-granite/granite-4.1-8b,0,4.0,4,2026-08-16T02:53:50.075671+00:00
appstore_284882215_14427108595,ibm-granite/granite-4.1-8b,0,5.0,5,2026-08-16T02:53:50.083535+00:00
appstore_284882215_14427107338,ibm-granite/granite-4.1-8b,0,2.0,2,2026-08-16T02:53:50.152954+00:00
appstore_284882215_14427079385,ibm-granite/granite-4.1-8b,0,2.0,2,2026-08-16T02:53:50.210946+00:00
appstore_284882215_14427041258,ibm-granite/granite-4.1-8b,0,5.0,5,2026-08-16T02:53:50.219791+00:00
appstore_284882215_14426984170,ibm-granite/granite-4.1-8b,0,2.0,2,2026-08-16T02:53:50.270095+00:00
appstore_284882215_14426936020,ibm-granite/granite-4.1-8b,0,2.0,2,2026-08-16T02:53:50.333268+00:00
appstore_284882215_14426932799,ibm-granite/granite-4.1-8b,0,2.0,2,2026-08-16T02:53:50.363045+00:00
appstore_284882215_14427188298,ibm-granite/granite-4.1-8b,0,3.0,"3

The review title ""Rancho Cafe"" and the brief text ""Manuel"" provide very little context for evaluating the app's quality. Without additional details about the user's experience, satisfaction, or specific issues, a neutral rating of 3 (average) is the most reasonable assumption.",2026-08-16T02:53:50.403642+00:00
appstore_284882215_14426917484,ibm-granite/granite-4.1-8b,0,5.0,5,2026-08-16T02:53:50.406195+00:00
appstore_284882215_14426909890,ibm-granite/granite-4.1-8b,0,2.0,2,2026-08-16T02:53:50.446519+00:00
appstore_284882215_14426894657,ibm-granite/granite-4.1-8b,0,2.0,2,2026-08-16T02:53:50.487960+00:00
appstore_284882215_14426880560,ibm-granite/granite-4.1-8b,0,5.0,5,2026-08-16T02:53:50.524460+00:00
appstore_284882215_14426892962,ibm-granite/granite-4.1-8b,0,5.0,5,2026-08-16T02:53:50.532055+00:00
appstore_284882215_14426873424,ibm-granite/granite-4.1-8b,0,2.0,2,2026-08-16T02:53:50.574773+00:00
appstore_284882215_14426870441,ibm-granite/granite-4.1-8b,0,5.0,5,2026-08-16T02:53:50.627299+00:00
appstore_284882215_14426857755,ibm-granite/granite-4.1-8b,0,2.0,2,2026-08-16T02:53:50.644884+00:00
appstore_284882215_14426841582,ibm-granite/granite-4.1-8b,0,5.0,5,2026-08-16T02:53:50.652606+00:00
appstore_284882215_14426827690,ibm-granite/granite-4.1-8b,0,2.0,2,2026-08-16T02:53:50.714408+00:00
appstore_284882215_14426765076,ibm-granite/granite-4.1-8b,0,2.0,2,2026-08-16T02:53:50.785755+00:00
appstore_284882215_14426758117,ibm-granite/granite-4.1-8b,0,5.0,5,2026-08-16T02:53:50.787762+00:00
appstore_284882215_14426749547,ibm-granite/granite-4.1-8b,0,2.0,2,2026-08-16T02:53:50.918650+00:00
appstore_284882215_14426737578,ibm-granite/granite-4.1-8b,0,2.0,2,2026-08-16T02:53:50.932165+00:00
appstore_284882215_14426710654,ibm-granite/granite-4.1-8b,0,2.0,2,2026-08-16T02:53:51.052750+00:00
appstore_284882215_14426803737,ibm-granite/granite-4.1-8b,0,2.0,"2

The review ""Too political"" suggests dissatisfaction with the app's content, likely indicating a lower rating. Without additional context, a rating of 2 out of 5 seems appropriate, reflecting moderate displeasure.",2026-08-16T02:53:51.066994+00:00
appstore_284882215_14426686542,ibm-granite/granite-4.1-8b,0,3.0,3,2026-08-16T02:53:51.076099+00:00
appstore_284882215_14426593408,ibm-granite/granite-4.1-8b,0,1.0,1,2026-08-16T02:53:51.229224+00:00
appstore_284882215_14426534557,ibm-granite/granite-4.1-8b,0,5.0,5,2026-08-16T02:53:51.376985+00:00
appstore_284882215_14426646234,ibm-granite/granite-4.1-8b,0,5.0,5,2026-08-16T02:53:51.380526+00:00
appstore_284882215_14426645910,ibm-granite/granite-4.1-8b,0,2.0,"2

The review is brief and neutral, expressing a simple ""No thank you"" without any strong positive or negative sentiment. This suggests a modest rating, around 2 out of 5.",2026-08-16T02:53:51.474971+00:00
appstore_284882215_14426756178,ibm-granite/granite-4.1-8b,0,3.0,"3

The review text ""Njoo kwa YESU upone bure"" appears to be in Swahili, translating roughly to ""Come to Jesus with grace."" Given the positive and encouraging tone, it suggests a favorable experience, likely leading to a moderate to high rating. However, without additional context about the app's nature, a cautious estimate places the rating around 3 out of 5.",2026-08-16T02:53:51.478974+00:00
appstore_284882215_14426530720,ibm-granite/granite-4.1-8b,0,2.0,2,2026-08-16T02:53:51.507503+00:00
appstore_284882215_14426532908,ibm-granite/granite-4.1-8b,0,3.0,3,2026-08-16T02:53:51.513056+00:00
appstore_284882215_14426519878,ibm-granite/granite-4.1-8b,0,3.0,3,2026-08-16T02:53:51.611731+00:00
appstore_284882215_14426476021,ibm-granite/granite-4.1-8b,0,1.0,1,2026-08-16T02:53:51.626035+00:00
appstore_284882215_14426469405,ibm-granite/granite-4.1-8b,0,1.0,1,2026-08-16T02:53:51.648630+00:00
appstore_284882215_14426466886,ibm-granite/granite-4.1-8b,0,2.0,2,2026-08-16T02:53:51.730911+00:00
appstore_284882215_14426427494,ibm-granite/granite-4.1-8b,0,2.0,2,2026-08-16T02:53:51.789398+00:00
appstore_284882215_14426421728,ibm-granite/granite-4.1-8b,0,5.0,5,2026-08-16T02:53:51.902116+00:00
appstore_284882215_14426373669,ibm-granite/granite-4.1-8b,0,2.0,2,2026-08-16T02:53:51.912300+00:00
appstore_284882215_14426353652,ibm-granite/granite-4.1-8b,0,2.0,2,2026-08-16T02:53:52.022970+00:00
appstore_284882215_14426336833,ibm-granite/granite-4.1-8b,0,2.0,2,2026-08-16T02:53:52.056280+00:00
appstore_284882215_14426512070,ibm-granite/granite-4.1-8b,0,3.0,"3

The review is positive but brief, expressing appreciation for Facebook's ability to connect people. It doesn't provide strong enthusiasm or criticism, suggesting a moderate rating around 3 stars.",2026-08-16T02:53:52.058747+00:00
appstore_284882215_14426326736,ibm-granite/granite-4.1-8b,0,5.0,5,2026-08-16T02:53:52.156416+00:00
appstore_284882215_14426465630,ibm-granite/granite-4.1-8b,0,2.0,2,2026-08-16T02:53:52.164537+00:00
appstore_284882215_14426266935,ibm-granite/granite-4.1-8b,0,3.0,3,2026-08-16T02:53:52.178629+00:00
appstore_284882215_14426274092,ibm-granite/granite-4.1-8b,0,5.0,5,2026-08-16T02:53:52.194274+00:00
appstore_284882215_14426078119,ibm-granite/granite-4.1-8b,0,3.0,3,2026-08-16T02:53:52.282379+00:00
appstore_284882215_14425787025,ibm-granite/granite-4.1-8b,0,2.0,2,2026-08-16T02:53:52.316086+00:00
appstore_284882215_14426001203,ibm-granite/granite-4.1-8b,0,2.0,2,2026-08-16T02:53:52.321463+00:00
appstore_284882215_14425785313,ibm-granite/granite-4.1-8b,0,3.0,3,2026-08-16T02:53:52.404641+00:00
appstore_284882215_14425761989,ibm-granite/granite-4.1-8b,0,4.0,4,2026-08-16T02:53:52.440037+00:00
appstore_284882215_14425750212,ibm-granite/granite-4.1-8b,0,2.0,2,2026-08-16T02:53:52.455963+00:00
appstore_284882215_14425712811,ibm-granite/granite-4.1-8b,0,2.0,2,2026-08-16T02:53:52.541583+00:00
appstore_284882215_14426177240,ibm-granite/granite-4.1-8b,0,2.0,"2

The review expresses strong dissatisfaction (""It’s not fair"" and ""The billionaires are the problem""), suggesting a low rating, likely around 2 out of 5 stars.",2026-08-16T02:53:52.550826+00:00
appstore_284882215_14425696042,ibm-granite/granite-4.1-8b,0,1.0,1,2026-08-16T02:53:52.567642+00:00
appstore_284882215_14425666132,ibm-granite/granite-4.1-8b,0,1.0,1,2026-08-16T02:53:52.578023+00:00
appstore_284882215_14425532475,ibm-granite/granite-4.1-8b,0,2.0,2,2026-08-16T02:53:52.667559+00:00
appstore_284882215_14425489939,ibm-granite/granite-4.1-8b,0,2.0,2,2026-08-16T02:53:52.672375+00:00
appstore_284882215_14425483082,ibm-granite/granite-4.1-8b,0,2.0,2,2026-08-16T02:53:52.702995+00:00
appstore_284882215_14425403739,ibm-granite/granite-4.1-8b,0,2.0,2,2026-08-16T02:53:52.807699+00:00
appstore_284882215_14425358120,ibm-granite/granite-4.1-8b,0,1.0,1,2026-08-16T02:53:52.811138+00:00
appstore_284882215_14425355158,ibm-granite/granite-4.1-8b,0,5.0,5,2026-08-16T02:53:52.826916+00:00
appstore_284882215_14425326582,ibm-granite/granite-4.1-8b,0,2.0,2,2026-08-16T02:53:52.946080+00:00
appstore_284882215_14425300622,ibm-granite/granite-4.1-8b,0,3.0,3,2026-08-16T02:53:52.972037+00:00
appstore_284882215_14425283240,ibm-granite/granite-4.1-8b,0,4.0,4,2026-08-16T02:53:53.102172+00:00
appstore_284882215_14425278373,ibm-granite/granite-4.1-8b,0,5.0,5,2026-08-16T02:53:53.108417+00:00
appstore_284882215_14425252732,ibm-granite/granite-4.1-8b,0,3.0,3,2026-08-16T02:53:53.240873+00:00
appstore_284882215_14425408273,ibm-granite/granite-4.1-8b,0,3.0,"3

The review title ""Paola Orellana😘"" and the brief text ""Andrea89"" lack substantive content to provide a clear indication of the user's satisfaction level with the app. However, the use of an affectionate emoji (😘) suggests a positive sentiment, while the minimal text does not strongly convey a high level of enthusiasm. Therefore, a neutral-to-slightly-positive rating of 3 is a reasonable prediction.",2026-08-16T02:53:53.360423+00:00
appstore_284882215_14425238116,ibm-granite/granite-4.1-8b,0,5.0,5,2026-08-16T02:53:53.371442+00:00
appstore_284882215_14425337615,ibm-granite/granite-4.1-8b,0,3.0,"3

The review title ""Amor Dios"" and the text ""Amor de Dios"" are both positive expressions of love for God, which suggests a favorable sentiment. However, without additional context or details about the app's functionality or user experience, it's difficult to determine the exact level of satisfaction. A rating of 3 indicates a generally positive but not overwhelmingly enthusiastic review.",2026-08-16T02:53:53.487756+00:00
appstore_284882215_14425212774,ibm-granite/granite-4.1-8b,0,2.0,2,2026-08-16T02:53:53.507879+00:00
appstore_284882215_14425204038,ibm-granite/granite-4.1-8b,0,2.0,2,2026-08-16T02:53:53.520361+00:00
appstore_284882215_14425186765,ibm-granite/granite-4.1-8b,0,4.0,4,2026-08-16T02:53:53.629035+00:00
appstore_284882215_14425175881,ibm-granite/granite-4.1-8b,0,2.0,2,2026-08-16T02:53:53.635287+00:00
appstore_284882215_14425159796,ibm-granite/granite-4.1-8b,0,3.0,3,2026-08-16T02:53:53.670564+00:00
appstore_284882215_14425075368,ibm-granite/granite-4.1-8b,0,2.0,2,2026-08-16T02:53:53.754707+00:00
appstore_284882215_14425062485,ibm-granite/granite-4.1-8b,0,2.0,2,2026-08-16T02:53:53.780704+00:00
appstore_284882215_14425239722,ibm-granite/granite-4.1-8b,0,3.0,"3

The review title and text are extremely brief and lack any substantive feedback about the app's performance, features, or user experience. Without additional context or descriptive content, it is challenging to determine a precise rating. However, given that the review is neither positive nor negative but simply states the company name, a neutral rating of 3 (average) seems reasonable.",2026-08-16T02:53:53.784309+00:00
appstore_284882215_14425056547,ibm-granite/granite-4.1-8b,0,1.0,1,2026-08-16T02:53:53.812322+00:00
appstore_284882215_14424951603,ibm-granite/granite-4.1-8b,0,4.0,4,2026-08-16T02:53:53.904615+00:00
appstore_284882215_14424966681,ibm-granite/granite-4.1-8b,0,2.0,2,2026-08-16T02:53:53.912045+00:00
appstore_284882215_14424908291,ibm-granite/granite-4.1-8b,0,5.0,5,2026-08-16T02:53:53.935315+00:00
appstore_284882215_14424861576,ibm-granite/granite-4.1-8b,0,3.0,3,2026-08-16T02:53:54.030986+00:00
appstore_284882215_14424830387,ibm-granite/granite-4.1-8b,0,2.0,2,2026-08-16T02:53:54.069217+00:00
appstore_284882215_14424848138,ibm-granite/granite-4.1-8b,0,3.0,3,2026-08-16T02:53:54.072731+00:00
appstore_284882215_14424787190,ibm-granite/granite-4.1-8b,0,2.0,2,2026-08-16T02:53:54.156988+00:00
appstore_284882215_14424780261,ibm-granite/granite-4.1-8b,0,2.0,2,2026-08-16T02:53:54.194760+00:00
appstore_284882215_14424775623,ibm-granite/granite-4.1-8b,0,5.0,5,2026-08-16T02:53:54.222019+00:00
appstore_284882215_14425022365,ibm-granite/granite-4.1-8b,0,3.0,"3

The review title ""Remembering"" and the text ""Where are you?"" are quite brief and ambiguous, suggesting a mixed or neutral experience without strong positive or negative sentiment. Therefore, a rating of 3 (neutral) seems appropriate.",2026-08-16T02:53:54.239991+00:00
appstore_284882215_14424772449,ibm-granite/granite-4.1-8b,0,2.0,2,2026-08-16T02:53:54.282117+00:00
appstore_284882215_14424759903,ibm-granite/granite-4.1-8b,0,2.0,2,2026-08-16T02:53:54.334956+00:00
appstore_284882215_14424731353,ibm-granite/granite-4.1-8b,0,5.0,5,2026-08-16T02:53:54.357995+00:00
appstore_284882215_14424710417,ibm-granite/granite-4.1-8b,0,3.0,3,2026-08-16T02:53:54.382449+00:00
appstore_284882215_14424708403,ibm-granite/granite-4.1-8b,0,5.0,5,2026-08-16T02:53:54.414351+00:00
appstore_284882215_14424701783,ibm-granite/granite-4.1-8b,0,2.0,2,2026-08-16T02:53:54.452206+00:00
appstore_284882215_14424697352,ibm-granite/granite-4.1-8b,0,2.0,2,2026-08-16T02:53:54.482918+00:00
appstore_284882215_14424687531,ibm-granite/granite-4.1-8b,0,5.0,5,2026-08-16T02:53:54.505427+00:00
appstore_284882215_14424683464,ibm-granite/granite-4.1-8b,0,1.0,1,2026-08-16T02:53:54.552432+00:00
appstore_284882215_14424662503,ibm-granite/granite-4.1-8b,0,3.0,3,2026-08-16T02:53:54.580661+00:00
appstore_284882215_14424623417,ibm-granite/granite-4.1-8b,0,2.0,2,2026-08-16T02:53:54.613838+00:00
appstore_284882215_14424614660,ibm-granite/granite-4.1-8b,0,2.0,2,2026-08-16T02:53:54.628391+00:00
appstore_284882215_14424594595,ibm-granite/granite-4.1-8b,0,5.0,5,2026-08-16T02:53:54.687505+00:00
appstore_284882215_14424590946,ibm-granite/granite-4.1-8b,0,3.0,3,2026-08-16T02:53:54.713711+00:00
appstore_284882215_14424568626,ibm-granite/granite-4.1-8b,0,2.0,2,2026-08-16T02:53:54.739425+00:00
appstore_284882215_14424494136,ibm-granite/granite-4.1-8b,0,5.0,5,2026-08-16T02:53:54.789096+00:00
appstore_284882215_14424492332,ibm-granite/granite-4.1-8b,0,3.0,3,2026-08-16T02:53:54.811179+00:00
appstore_284882215_14424439544,ibm-granite/granite-4.1-8b,0,1.0,1,2026-08-16T02:53:54.853307+00:00
appstore_284882215_14424431337,ibm-granite/granite-4.1-8b,0,3.0,3,2026-08-16T02:53:54.873830+00:00
appstore_284882215_14424418708,ibm-granite/granite-4.1-8b,0,1.0,1,2026-08-16T02:53:54.910575+00:00
appstore_284882215_14424405546,ibm-granite/granite-4.1-8b,0,5.0,5,2026-08-16T02:53:54.929448+00:00
appstore_284882215_14424389307,ibm-granite/granite-4.1-8b,0,3.0,3,2026-08-16T02:53:54.980371+00:00
appstore_284882215_14424377765,ibm-granite/granite-4.1-8b,0,2.0,2,2026-08-16T02:53:55.021296+00:00
appstore_284882215_14424362947,ibm-granite/granite-4.1-8b,0,5.0,5,2026-08-16T02:53:55.047000+00:00
appstore_284882215_14424341505,ibm-granite/granite-4.1-8b,0,5.0,5,2026-08-16T02:53:55.061472+00:00
appstore_284882215_14424330368,ibm-granite/granite-4.1-8b,0,2.0,2,2026-08-16T02:53:55.117826+00:00
appstore_284882215_14424292238,ibm-granite/granite-4.1-8b,0,5.0,5,2026-08-16T02:53:55.146630+00:00
appstore_284882215_14424260318,ibm-granite/granite-4.1-8b,0,2.0,2,2026-08-16T02:53:55.166956+00:00
appstore_284882215_14424252818,ibm-granite/granite-4.1-8b,0,5.0,5,2026-08-16T02:53:55.202142+00:00
appstore_284882215_14424238506,ibm-granite/granite-4.1-8b,0,2.0,2,2026-08-16T02:53:55.251984+00:00
appstore_284882215_14424234151,ibm-granite/granite-4.1-8b,0,1.0,1,2026-08-16T02:53:55.282194+00:00
appstore_284882215_14424199804,ibm-granite/granite-4.1-8b,0,1.0,1,2026-08-16T02:53:55.293449+00:00
appstore_284882215_14424194111,ibm-granite/granite-4.1-8b,0,3.0,3,2026-08-16T02:53:55.318649+00:00
appstore_284882215_14424159326,ibm-granite/granite-4.1-8b,0,1.0,1,2026-08-16T02:53:55.372887+00:00
appstore_284882215_14424141384,ibm-granite/granite-4.1-8b,0,2.0,2,2026-08-16T02:53:55.411946+00:00
appstore_284882215_14424129244,ibm-granite/granite-4.1-8b,0,2.0,2,2026-08-16T02:53:55.429550+00:00
appstore_284882215_14424116742,ibm-granite/granite-4.1-8b,0,1.0,1,2026-08-16T02:53:55.442703+00:00
appstore_284882215_14424045430,ibm-granite/granite-4.1-8b,0,1.0,1,2026-08-16T02:53:55.514317+00:00
appstore_284882215_14424028125,ibm-granite/granite-4.1-8b,0,5.0,5,2026-08-16T02:53:55.554499+00:00
appstore_284882215_14424021510,ibm-granite/granite-4.1-8b,0,2.0,2,2026-08-16T02:53:55.602000+00:00
appstore_284882215_14424015455,ibm-granite/granite-4.1-8b,0,1.0,1,2026-08-16T02:53:55.643072+00:00
appstore_284882215_14423977460,ibm-granite/granite-4.1-8b,0,2.0,2,2026-08-16T02:53:55.697788+00:00
appstore_284882215_14423966291,ibm-granite/granite-4.1-8b,0,1.0,1,2026-08-16T02:53:55.723177+00:00
appstore_284882215_14423925958,ibm-granite/granite-4.1-8b,0,2.0,2,2026-08-16T02:53:55.760130+00:00
appstore_284882215_14423917649,ibm-granite/granite-4.1-8b,0,2.0,2,2026-08-16T02:53:55.820869+00:00
appstore_284882215_14424036837,ibm-granite/granite-4.1-8b,0,3.0,"3

The review ""Like Facebook"" is positive but lacks detailed feedback, suggesting a neutral to mildly positive sentiment. Without more context, a rating of 3 (neutral to slightly positive) seems appropriate.",2026-08-16T02:53:55.831100+00:00
appstore_284882215_14423885380,ibm-granite/granite-4.1-8b,0,1.0,1,2026-08-16T02:53:55.896906+00:00
appstore_284882215_14423857681,ibm-granite/granite-4.1-8b,0,2.0,2,2026-08-16T02:53:55.946705+00:00
appstore_284882215_14423814659,ibm-granite/granite-4.1-8b,0,2.0,2,2026-08-16T02:53:55.974553+00:00
appstore_284882215_14423806031,ibm-granite/granite-4.1-8b,0,1.0,1,2026-08-16T02:53:56.018015+00:00
appstore_284882215_14423765115,ibm-granite/granite-4.1-8b,0,2.0,2,2026-08-16T02:53:56.079800+00:00
appstore_284882215_14423740776,ibm-granite/granite-4.1-8b,0,3.0,3,2026-08-16T02:53:56.111848+00:00
appstore_284882215_14423703723,ibm-granite/granite-4.1-8b,0,1.0,1,2026-08-16T02:53:56.142200+00:00
appstore_284882215_14423683468,ibm-granite/granite-4.1-8b,0,3.0,3,2026-08-16T02:53:56.201510+00:00
appstore_284882215_14423908159,ibm-granite/granite-4.1-8b,0,1.0,1,2026-08-16T02:53:56.219337+00:00
appstore_284882215_14423660868,ibm-granite/granite-4.1-8b,0,2.0,2,2026-08-16T02:53:56.244661+00:00
appstore_284882215_14423635431,ibm-granite/granite-4.1-8b,0,1.0,1,2026-08-16T02:53:56.260217+00:00
appstore_284882215_14423633374,ibm-granite/granite-4.1-8b,0,2.0,2,2026-08-16T02:53:56.319192+00:00
appstore_284882215_14423601327,ibm-granite/granite-4.1-8b,0,5.0,5,2026-08-16T02:53:56.346980+00:00
appstore_284882215_14423588796,ibm-granite/granite-4.1-8b,0,2.0,2,2026-08-16T02:53:56.372247+00:00
appstore_284882215_14423550151,ibm-granite/granite-4.1-8b,0,3.0,3,2026-08-16T02:53:56.403376+00:00
appstore_284882215_14423526007,ibm-granite/granite-4.1-8b,0,2.0,2,2026-08-16T02:53:56.444550+00:00
appstore_284882215_14423522282,ibm-granite/granite-4.1-8b,0,2.0,2,2026-08-16T02:53:56.481944+00:00
appstore_284882215_14423456237,ibm-granite/granite-4.1-8b,0,5.0,5,2026-08-16T02:53:56.523562+00:00
appstore_284882215_14423440693,ibm-granite/granite-4.1-8b,0,4.0,4,2026-08-16T02:53:56.581413+00:00
appstore_284882215_14423425790,ibm-granite/granite-4.1-8b,0,2.0,2,2026-08-16T02:53:56.604569+00:00
appstore_284882215_14423419062,ibm-granite/granite-4.1-8b,0,4.0,4,2026-08-16T02:53:56.641999+00:00
appstore_284882215_14423418730,ibm-granite/granite-4.1-8b,0,1.0,1,2026-08-16T02:53:56.708900+00:00
appstore_284882215_14423417773,ibm-granite/granite-4.1-8b,0,4.0,4,2026-08-16T02:53:56.718989+00:00
appstore_284882215_14423380334,ibm-granite/granite-4.1-8b,0,1.0,1,2026-08-16T02:53:56.760340+00:00
appstore_284882215_14423355702,ibm-granite/granite-4.1-8b,0,2.0,2,2026-08-16T02:53:56.831157+00:00
appstore_284882215_14423345741,ibm-granite/granite-4.1-8b,0,3.0,3,2026-08-16T02:53:56.853946+00:00
appstore_284882215_14423310477,ibm-granite/granite-4.1-8b,0,5.0,5,2026-08-16T02:53:56.881897+00:00
appstore_284882215_14423472451,ibm-granite/granite-4.1-8b,0,3.0,"3

The review text is very brief and lacks context, making it difficult to determine the sentiment accurately. However, the mention of ""Business"" without any clear positive or negative remarks suggests a neutral to slightly positive impression, leading to a moderate rating of 3 out of 5.",2026-08-16T02:53:56.919885+00:00
appstore_284882215_14423278539,ibm-granite/granite-4.1-8b,0,3.0,3,2026-08-16T02:53:56.974127+00:00
appstore_284882215_14423252427,ibm-granite/granite-4.1-8b,0,1.0,1,2026-08-16T02:53:56.985296+00:00
appstore_284882215_14423241579,ibm-granite/granite-4.1-8b,0,1.0,1,2026-08-16T02:53:57.019256+00:00
appstore_284882215_14423234192,ibm-granite/granite-4.1-8b,0,5.0,5,2026-08-16T02:53:57.041013+00:00
appstore_284882215_14423215164,ibm-granite/granite-4.1-8b,0,5.0,5,2026-08-16T02:53:57.108494+00:00
appstore_284882215_14423218420,ibm-granite/granite-4.1-8b,0,5.0,5,2026-08-16T02:53:57.114238+00:00
appstore_284882215_14423168376,ibm-granite/granite-4.1-8b,0,2.0,2,2026-08-16T02:53:57.139722+00:00
appstore_284882215_14423161822,ibm-granite/granite-4.1-8b,0,1.0,1,2026-08-16T02:53:57.172532+00:00
appstore_284882215_14423157132,ibm-granite/granite-4.1-8b,0,2.0,2,2026-08-16T02:53:57.221147+00:00
appstore_284882215_14423155557,ibm-granite/granite-4.1-8b,0,5.0,5,2026-08-16T02:53:57.239734+00:00
appstore_284882215_14423133502,ibm-granite/granite-4.1-8b,0,2.0,2,2026-08-16T02:53:57.262495+00:00
appstore_284882215_14423121223,ibm-granite/granite-4.1-8b,0,1.0,1,2026-08-16T02:53:57.305490+00:00
appstore_284882215_14423087621,ibm-granite/granite-4.1-8b,0,3.0,3,2026-08-16T02:53:57.344303+00:00
appstore_284882215_14423084394,ibm-granite/granite-4.1-8b,0,2.0,2,2026-08-16T02:53:57.365956+00:00
appstore_284882215_14423081475,ibm-granite/granite-4.1-8b,0,1.0,1,2026-08-16T02:53:57.397268+00:00
appstore_284882215_14423063264,ibm-granite/granite-4.1-8b,0,2.0,2,2026-08-16T02:53:57.440723+00:00
appstore_284882215_14423057083,ibm-granite/granite-4.1-8b,0,2.0,2,2026-08-16T02:53:57.469000+00:00
appstore_284882215_14423056746,ibm-granite/granite-4.1-8b,0,3.0,3,2026-08-16T02:53:57.504078+00:00
appstore_284882215_14423045712,ibm-granite/granite-4.1-8b,0,4.0,4,2026-08-16T02:53:57.519798+00:00
appstore_284882215_14423014752,ibm-granite/granite-4.1-8b,0,1.0,1,2026-08-16T02:53:57.565674+00:00
appstore_284882215_14423013349,ibm-granite/granite-4.1-8b,0,5.0,5,2026-08-16T02:53:57.603951+00:00
appstore_284882215_14423013202,ibm-granite/granite-4.1-8b,0,4.0,4,2026-08-16T02:53:57.633095+00:00
appstore_284882215_14422976013,ibm-granite/granite-4.1-8b,0,5.0,5,2026-08-16T02:53:57.657431+00:00
appstore_284882215_14422914980,ibm-granite/granite-4.1-8b,0,5.0,5,2026-08-16T02:53:57.679858+00:00
appstore_284882215_14422914883,ibm-granite/granite-4.1-8b,0,1.0,1,2026-08-16T02:53:57.724718+00:00
appstore_284882215_14422880807,ibm-granite/granite-4.1-8b,0,3.0,3,2026-08-16T02:53:57.760433+00:00
appstore_284882215_14422845022,ibm-granite/granite-4.1-8b,0,1.0,1,2026-08-16T02:53:57.807010+00:00
appstore_284882215_14422856243,ibm-granite/granite-4.1-8b,0,2.0,2,2026-08-16T02:53:57.821597+00:00
appstore_284882215_14422829123,ibm-granite/granite-4.1-8b,0,2.0,2,2026-08-16T02:53:57.863533+00:00
appstore_284882215_14422814734,ibm-granite/granite-4.1-8b,0,3.0,3,2026-08-16T02:53:57.897436+00:00
appstore_284882215_14422799487,ibm-granite/granite-4.1-8b,0,2.0,2,2026-08-16T02:53:57.928322+00:00
appstore_284882215_14422743036,ibm-granite/granite-4.1-8b,0,1.0,1,2026-08-16T02:53:57.987351+00:00
appstore_284882215_14422685575,ibm-granite/granite-4.1-8b,0,5.0,5,2026-08-16T02:53:58.021375+00:00
appstore_284882215_14422678669,ibm-granite/granite-4.1-8b,0,5.0,5,2026-08-16T02:53:58.072213+00:00
appstore_284882215_14422677045,ibm-granite/granite-4.1-8b,0,2.0,2,2026-08-16T02:53:58.115573+00:00
appstore_284882215_14422675971,ibm-granite/granite-4.1-8b,0,2.0,2,2026-08-16T02:53:58.135355+00:00
appstore_284882215_14422638862,ibm-granite/granite-4.1-8b,0,5.0,5,2026-08-16T02:53:58.193723+00:00
appstore_284882215_14422596472,ibm-granite/granite-4.1-8b,0,4.0,4,2026-08-16T02:53:58.241122+00:00
appstore_284882215_14422591450,ibm-granite/granite-4.1-8b,0,2.0,2,2026-08-16T02:53:58.265635+00:00
appstore_284882215_14422587765,ibm-granite/granite-4.1-8b,0,4.0,4,2026-08-16T02:53:58.318533+00:00
appstore_284882215_14422771511,ibm-granite/granite-4.1-8b,0,5.0,5,2026-08-16T02:53:58.336867+00:00
appstore_835599320_14428810253,qwen/qwen3.7-flash,0,5.0,5,2026-08-16T02:54:02.126898+00:00
appstore_835599320_14428765041,qwen/qwen3.7-flash,0,5.0,5,2026-08-16T02:54:03.423089+00:00
appstore_835599320_14428760384,qwen/qwen3.7-flash,0,1.0,1,2026-08-16T02:54:03.504972+00:00
appstore_835599320_14428723654,qwen/qwen3.7-flash,0,5.0,5,2026-08-16T02:54:07.707396+00:00
appstore_835599320_14428819095,qwen/qwen3.7-flash,0,3.0,3,2026-08-16T02:54:09.038682+00:00
appstore_835599320_14428700403,qwen/qwen3.7-flash,0,1.0,1,2026-08-16T02:54:10.637071+00:00
appstore_835599320_14428686470,qwen/qwen3.7-flash,0,5.0,5,2026-08-16T02:54:12.210037+00:00
appstore_835599320_14428739444,qwen/qwen3.7-flash,0,4.0,4,2026-08-16T02:54:13.998144+00:00
appstore_835599320_14428646778,qwen/qwen3.7-flash,0,5.0,5,2026-08-16T02:54:14.171488+00:00
appstore_835599320_14428629157,qwen/qwen3.7-flash,0,1.0,1,2026-08-16T02:54:16.061975+00:00
appstore_835599320_14428619843,qwen/qwen3.7-flash,0,1.0,1,2026-08-16T02:54:16.357226+00:00
appstore_835599320_14428744196,qwen/qwen3.7-flash,0,1.0,1,2026-08-16T02:54:16.805588+00:00
appstore_835599320_14428594451,qwen/qwen3.7-flash,0,5.0,5,2026-08-16T02:54:17.818761+00:00
appstore_835599320_14428553408,qwen/qwen3.7-flash,0,1.0,1,2026-08-16T02:54:20.471676+00:00
appstore_835599320_14428517333,qwen/qwen3.7-flash,0,1.0,1,2026-08-16T02:54:21.219562+00:00
appstore_835599320_14428564204,qwen/qwen3.7-flash,0,5.0,5,2026-08-16T02:54:22.008788+00:00
appstore_835599320_14428571539,qwen/qwen3.7-flash,0,3.0,3,2026-08-16T02:54:24.414381+00:00
appstore_835599320_14428511012,qwen/qwen3.7-flash,0,5.0,5,2026-08-16T02:54:25.039124+00:00
appstore_835599320_14428514180,qwen/qwen3.7-flash,0,1.0,1,2026-08-16T02:54:26.177860+00:00
appstore_835599320_14428449077,qwen/qwen3.7-flash,0,3.0,3,2026-08-16T02:54:27.931544+00:00
appstore_835599320_14428438964,qwen/qwen3.7-flash,0,1.0,1,2026-08-16T02:54:28.402220+00:00
appstore_835599320_14428374927,qwen/qwen3.7-flash,0,1.0,1,2026-08-16T02:54:29.893297+00:00
appstore_835599320_14428412194,qwen/qwen3.7-flash,0,5.0,5,2026-08-16T02:54:30.528963+00:00
appstore_835599320_14428351905,qwen/qwen3.7-flash,0,1.0,1,2026-08-16T02:54:32.441596+00:00
appstore_835599320_14428244899,qwen/qwen3.7-flash,0,5.0,5,2026-08-16T02:54:33.286650+00:00
appstore_835599320_14428237025,qwen/qwen3.7-flash,0,1.0,1,2026-08-16T02:54:36.910496+00:00
appstore_835599320_14428356558,qwen/qwen3.7-flash,0,3.0,3,2026-08-16T02:54:38.975732+00:00
appstore_835599320_14428236483,qwen/qwen3.7-flash,0,1.0,1,2026-08-16T02:54:40.161311+00:00
appstore_835599320_14428197349,qwen/qwen3.7-flash,0,1.0,1,2026-08-16T02:54:40.372399+00:00
appstore_835599320_14428341371,qwen/qwen3.7-flash,0,1.0,1,2026-08-16T02:54:40.847952+00:00
appstore_835599320_14428171225,qwen/qwen3.7-flash,0,5.0,5,2026-08-16T02:54:43.456591+00:00
appstore_835599320_14428089882,qwen/qwen3.7-flash,0,1.0,1,2026-08-16T02:54:44.610807+00:00
appstore_835599320_14427956422,qwen/qwen3.7-flash,0,1.0,1,2026-08-16T02:54:46.796613+00:00
appstore_835599320_14428076460,qwen/qwen3.7-flash,0,3.0,3,2026-08-16T02:54:47.251736+00:00
appstore_835599320_14428055987,qwen/qwen3.7-flash,0,1.0,1,2026-08-16T02:54:47.370257+00:00
appstore_835599320_14427952281,qwen/qwen3.7-flash,0,1.0,1,2026-08-16T02:54:49.455445+00:00
appstore_835599320_14427946980,qwen/qwen3.7-flash,0,1.0,1,2026-08-16T02:54:50.596321+00:00
appstore_835599320_14427854895,qwen/qwen3.7-flash,0,1.0,1,2026-08-16T02:54:51.757287+00:00
appstore_835599320_14427843102,qwen/qwen3.7-flash,0,1.0,1,2026-08-16T02:54:52.229080+00:00
appstore_835599320_14427750804,qwen/qwen3.7-flash,0,1.0,1,2026-08-16T02:54:53.427011+00:00
appstore_835599320_14427759908,qwen/qwen3.7-flash,0,1.0,1,2026-08-16T02:54:53.807020+00:00
appstore_835599320_14427823603,qwen/qwen3.7-flash,0,2.0,2,2026-08-16T02:54:56.447963+00:00
appstore_835599320_14427744046,qwen/qwen3.7-flash,0,1.0,1,2026-08-16T02:54:57.505110+00:00
appstore_835599320_14427688392,qwen/qwen3.7-flash,0,1.0,1,2026-08-16T02:54:58.927242+00:00
appstore_835599320_14427599023,qwen/qwen3.7-flash,0,4.0,4,2026-08-16T02:54:59.710897+00:00
appstore_835599320_14427430674,qwen/qwen3.7-flash,0,1.0,1,2026-08-16T02:55:00.654112+00:00
appstore_835599320_14427442367,qwen/qwen3.7-flash,0,1.0,1,2026-08-16T02:55:00.919972+00:00
appstore_835599320_14427373316,qwen/qwen3.7-flash,0,5.0,5,2026-08-16T02:55:02.471300+00:00
appstore_835599320_14427135556,qwen/qwen3.7-flash,0,1.0,1,2026-08-16T02:55:03.429032+00:00
appstore_835599320_14427299765,qwen/qwen3.7-flash,0,5.0,5,2026-08-16T02:55:04.602016+00:00
appstore_835599320_14427310968,qwen/qwen3.7-flash,0,1.0,1,2026-08-16T02:55:05.173765+00:00
appstore_835599320_14426853328,qwen/qwen3.7-flash,0,1.0,1,2026-08-16T02:55:08.162038+00:00
appstore_835599320_14426920889,qwen/qwen3.7-flash,0,1.0,1,2026-08-16T02:55:08.870710+00:00
appstore_835599320_14427039669,qwen/qwen3.7-flash,0,1.0,1,2026-08-16T02:55:09.613095+00:00
appstore_835599320_14426784062,qwen/qwen3.7-flash,0,5.0,5,2026-08-16T02:55:10.609379+00:00
appstore_835599320_14427042880,qwen/qwen3.7-flash,0,3.0,3,2026-08-16T02:55:11.263520+00:00
appstore_835599320_14426749546,qwen/qwen3.7-flash,0,1.0,1,2026-08-16T02:55:11.795916+00:00
appstore_835599320_14426595494,qwen/qwen3.7-flash,0,1.0,1,2026-08-16T02:55:14.790619+00:00
appstore_835599320_14426516911,qwen/qwen3.7-flash,0,1.0,1,2026-08-16T02:55:15.843586+00:00
appstore_835599320_14426691551,qwen/qwen3.7-flash,0,1.0,1,2026-08-16T02:55:17.098073+00:00
appstore_835599320_14426359554,qwen/qwen3.7-flash,0,1.0,1,2026-08-16T02:55:20.079585+00:00
appstore_835599320_14426524724,qwen/qwen3.7-flash,0,1.0,1,2026-08-16T02:55:21.725652+00:00
appstore_835599320_14426268353,qwen/qwen3.7-flash,0,1.0,1,2026-08-16T02:55:21.739200+00:00
appstore_835599320_14426288395,qwen/qwen3.7-flash,0,1.0,1,2026-08-16T02:55:23.062134+00:00
appstore_835599320_14426229267,qwen/qwen3.7-flash,0,1.0,1,2026-08-16T02:55:24.054120+00:00
appstore_835599320_14426201968,qwen/qwen3.7-flash,0,5.0,5,2026-08-16T02:55:25.887904+00:00
appstore_835599320_14426131465,qwen/qwen3.7-flash,0,1.0,1,2026-08-16T02:55:26.843895+00:00
appstore_835599320_14426070358,qwen/qwen3.7-flash,0,1.0,1,2026-08-16T02:55:27.569165+00:00
appstore_835599320_14425864961,qwen/qwen3.7-flash,0,1.0,1,2026-08-16T02:55:27.688962+00:00
appstore_835599320_14425823475,qwen/qwen3.7-flash,0,1.0,1,2026-08-16T02:55:30.859306+00:00
appstore_835599320_14425781642,qwen/qwen3.7-flash,0,1.0,1,2026-08-16T02:55:33.480240+00:00
appstore_835599320_14425753190,qwen/qwen3.7-flash,0,5.0,5,2026-08-16T02:55:33.485092+00:00
appstore_835599320_14425825228,qwen/qwen3.7-flash,0,2.0,2,2026-08-16T02:55:34.307460+00:00
appstore_835599320_14425588479,qwen/qwen3.7-flash,0,1.0,1,2026-08-16T02:55:36.632649+00:00
appstore_835599320_14425609339,qwen/qwen3.7-flash,0,1.0,1,2026-08-16T02:55:36.676879+00:00
appstore_835599320_14425626926,qwen/qwen3.7-flash,0,1.0,1,2026-08-16T02:55:39.266552+00:00
appstore_835599320_14425509750,qwen/qwen3.7-flash,0,5.0,5,2026-08-16T02:55:41.305308+00:00
appstore_835599320_14425510800,qwen/qwen3.7-flash,0,1.0,1,2026-08-16T02:55:41.549966+00:00
appstore_835599320_14425575325,qwen/qwen3.7-flash,0,1.0,1,2026-08-16T02:55:41.645487+00:00
appstore_835599320_14425465104,qwen/qwen3.7-flash,0,5.0,5,2026-08-16T02:55:44.325467+00:00
appstore_835599320_14425711947,qwen/qwen3.7-flash,0,1.0,1,2026-08-16T02:55:44.549692+00:00
appstore_835599320_14425418666,qwen/qwen3.7-flash,0,4.0,4,2026-08-16T02:55:46.362675+00:00
appstore_835599320_14425397014,qwen/qwen3.7-flash,0,5.0,5,2026-08-16T02:55:47.031950+00:00
appstore_835599320_14425461325,qwen/qwen3.7-flash,0,5.0,5,2026-08-16T02:55:47.495352+00:00
appstore_835599320_14425359945,qwen/qwen3.7-flash,0,1.0,1,2026-08-16T02:55:49.787329+00:00
appstore_835599320_14425355178,qwen/qwen3.7-flash,0,1.0,1,2026-08-16T02:55:50.121103+00:00
appstore_835599320_14425343863,qwen/qwen3.7-flash,0,1.0,1,2026-08-16T02:55:52.099013+00:00
appstore_835599320_14425241436,qwen/qwen3.7-flash,0,1.0,1,2026-08-16T02:55:53.930912+00:00
appstore_835599320_14425236429,qwen/qwen3.7-flash,0,1.0,1,2026-08-16T02:55:56.283670+00:00
appstore_835599320_14425215600,qwen/qwen3.7-flash,0,1.0,1,2026-08-16T02:55:58.036984+00:00
appstore_835599320_14425255827,qwen/qwen3.7-flash,0,3.0,3,2026-08-16T02:55:59.450298+00:00
appstore_835599320_14425233620,qwen/qwen3.7-flash,0,2.0,2,2026-08-16T02:56:00.937969+00:00
appstore_835599320_14425119595,qwen/qwen3.7-flash,0,5.0,5,2026-08-16T02:56:03.483542+00:00
appstore_835599320_14425185918,qwen/qwen3.7-flash,0,3.0,3,2026-08-16T02:56:04.513966+00:00
appstore_835599320_14425190973,qwen/qwen3.7-flash,0,3.0,3,2026-08-16T02:56:05.078150+00:00
appstore_835599320_14425143997,qwen/qwen3.7-flash,0,1.0,1,2026-08-16T02:56:05.220673+00:00
appstore_835599320_14425090768,qwen/qwen3.7-flash,0,1.0,1,2026-08-16T02:56:08.145606+00:00
appstore_835599320_14425088431,qwen/qwen3.7-flash,0,1.0,1,2026-08-16T02:56:08.979359+00:00
appstore_835599320_14425076450,qwen/qwen3.7-flash,0,1.0,1,2026-08-16T02:56:09.606535+00:00
appstore_835599320_14425070967,qwen/qwen3.7-flash,0,5.0,5,2026-08-16T02:56:12.454203+00:00
appstore_835599320_14425075207,qwen/qwen3.7-flash,0,1.0,1,2026-08-16T02:56:13.363985+00:00
appstore_835599320_14425110794,qwen/qwen3.7-flash,0,2.0,2,2026-08-16T02:56:13.941511+00:00
appstore_835599320_14424896709,qwen/qwen3.7-flash,0,5.0,5,2026-08-16T02:56:16.341244+00:00
appstore_835599320_14424885040,qwen/qwen3.7-flash,0,1.0,1,2026-08-16T02:56:17.061088+00:00
appstore_835599320_14425074031,qwen/qwen3.7-flash,0,4.0,4,2026-08-16T02:56:18.191862+00:00
appstore_835599320_14424873583,qwen/qwen3.7-flash,0,1.0,1,2026-08-16T02:56:18.791914+00:00
appstore_835599320_14424783041,qwen/qwen3.7-flash,0,5.0,5,2026-08-16T02:56:21.007657+00:00
appstore_835599320_14425048133,qwen/qwen3.7-flash,0,4.0,4,2026-08-16T02:56:22.662519+00:00
appstore_835599320_14424713228,qwen/qwen3.7-flash,0,1.0,1,2026-08-16T02:56:25.607685+00:00
appstore_835599320_14424714637,qwen/qwen3.7-flash,0,1.0,1,2026-08-16T02:56:26.781422+00:00
appstore_835599320_14424837099,qwen/qwen3.7-flash,0,3.0,3,2026-08-16T02:56:28.675489+00:00
appstore_835599320_14424705101,qwen/qwen3.7-flash,0,1.0,1,2026-08-16T02:56:28.809394+00:00
appstore_835599320_14424670827,qwen/qwen3.7-flash,0,1.0,1,2026-08-16T02:56:30.082981+00:00
appstore_835599320_14424660911,qwen/qwen3.7-flash,0,1.0,1,2026-08-16T02:56:30.980665+00:00
appstore_835599320_14424724139,qwen/qwen3.7-flash,0,4.0,4,2026-08-16T02:56:31.467585+00:00
appstore_835599320_14424668096,qwen/qwen3.7-flash,0,1.0,1,2026-08-16T02:56:32.863151+00:00
appstore_835599320_14424628502,qwen/qwen3.7-flash,0,1.0,1,2026-08-16T02:56:33.233485+00:00
appstore_835599320_14424477481,qwen/qwen3.7-flash,0,5.0,5,2026-08-16T02:56:35.454961+00:00
appstore_835599320_14424423682,qwen/qwen3.7-flash,0,1.0,1,2026-08-16T02:56:37.101008+00:00
appstore_835599320_14424499985,qwen/qwen3.7-flash,0,5.0,5,2026-08-16T02:56:37.581784+00:00
appstore_835599320_14424426839,qwen/qwen3.7-flash,0,1.0,1,2026-08-16T02:56:37.839037+00:00
appstore_835599320_14424417041,qwen/qwen3.7-flash,0,5.0,5,2026-08-16T02:56:39.316940+00:00
appstore_835599320_14424462025,qwen/qwen3.7-flash,0,4.0,4,2026-08-16T02:56:39.365850+00:00
appstore_835599320_14424336545,qwen/qwen3.7-flash,0,1.0,1,2026-08-16T02:56:41.873108+00:00
appstore_835599320_14424301407,qwen/qwen3.7-flash,0,1.0,1,2026-08-16T02:56:42.050142+00:00
appstore_835599320_14424255248,qwen/qwen3.7-flash,0,1.0,1,2026-08-16T02:56:45.049413+00:00
appstore_835599320_14424265133,qwen/qwen3.7-flash,0,1.0,1,2026-08-16T02:56:46.076507+00:00
appstore_835599320_14424137144,qwen/qwen3.7-flash,0,4.0,4,2026-08-16T02:56:46.334982+00:00
appstore_835599320_14424246562,qwen/qwen3.7-flash,0,1.0,1,2026-08-16T02:56:48.626187+00:00
appstore_835599320_14424110210,qwen/qwen3.7-flash,0,5.0,5,2026-08-16T02:56:48.898306+00:00
appstore_835599320_14424115363,qwen/qwen3.7-flash,0,1.0,1,2026-08-16T02:56:50.821490+00:00
appstore_835599320_14424041218,qwen/qwen3.7-flash,0,1.0,1,2026-08-16T02:56:53.696130+00:00
appstore_835599320_14424066342,qwen/qwen3.7-flash,0,1.0,1,2026-08-16T02:56:53.909604+00:00
appstore_835599320_14424073346,qwen/qwen3.7-flash,0,1.0,1,2026-08-16T02:56:54.324757+00:00
appstore_835599320_14423927558,qwen/qwen3.7-flash,0,1.0,1,2026-08-16T02:56:57.871890+00:00
appstore_835599320_14424055385,qwen/qwen3.7-flash,0,3.0,3,2026-08-16T02:56:58.101327+00:00
appstore_835599320_14423899578,qwen/qwen3.7-flash,0,5.0,5,2026-08-16T02:57:00.224719+00:00
appstore_835599320_14423865744,qwen/qwen3.7-flash,0,1.0,1,2026-08-16T02:57:01.756195+00:00
appstore_835599320_14423869603,qwen/qwen3.7-flash,0,1.0,1,2026-08-16T02:57:01.881257+00:00
appstore_835599320_14423978517,qwen/qwen3.7-flash,0,5.0,5,2026-08-16T02:57:02.186639+00:00
appstore_835599320_14423956060,qwen/qwen3.7-flash,0,1.0,1,2026-08-16T02:57:05.182192+00:00
appstore_835599320_14423815178,qwen/qwen3.7-flash,0,1.0,1,2026-08-16T02:57:06.358620+00:00
appstore_835599320_14423861158,qwen/qwen3.7-flash,0,1.0,1,2026-08-16T02:57:06.923431+00:00
appstore_835599320_14423734403,qwen/qwen3.7-flash,0,5.0,5,2026-08-16T02:57:07.632142+00:00
appstore_835599320_14423684339,qwen/qwen3.7-flash,0,1.0,1,2026-08-16T02:57:09.746937+00:00
appstore_835599320_14423668591,qwen/qwen3.7-flash,0,5.0,5,2026-08-16T02:57:09.891110+00:00
appstore_835599320_14423726911,qwen/qwen3.7-flash,0,1.0,1,2026-08-16T02:57:10.690098+00:00
appstore_835599320_14423559474,qwen/qwen3.7-flash,0,5.0,5,2026-08-16T02:57:11.939919+00:00
appstore_835599320_14423504404,qwen/qwen3.7-flash,0,5.0,5,2026-08-16T02:57:15.217712+00:00
appstore_835599320_14423337079,qwen/qwen3.7-flash,0,5.0,5,2026-08-16T02:57:17.007687+00:00
appstore_835599320_14423676209,qwen/qwen3.7-flash,0,1.0,1,2026-08-16T02:57:17.713033+00:00
appstore_835599320_14423580837,qwen/qwen3.7-flash,0,4.0,4,2026-08-16T02:57:18.791162+00:00
appstore_835599320_14423249687,qwen/qwen3.7-flash,0,1.0,1,2026-08-16T02:57:21.181532+00:00
appstore_835599320_14423189646,qwen/qwen3.7-flash,0,1.0,1,2026-08-16T02:57:22.410849+00:00
appstore_835599320_14423074485,qwen/qwen3.7-flash,0,1.0,1,2026-08-16T02:57:22.940995+00:00
appstore_835599320_14423331010,qwen/qwen3.7-flash,0,4.0,4,2026-08-16T02:57:24.728643+00:00
appstore_835599320_14422927247,qwen/qwen3.7-flash,0,5.0,5,2026-08-16T02:57:25.099206+00:00
appstore_835599320_14422962173,qwen/qwen3.7-flash,0,3.0,3,2026-08-16T02:57:27.463109+00:00
appstore_835599320_14422921009,qwen/qwen3.7-flash,0,1.0,1,2026-08-16T02:57:27.622754+00:00
appstore_835599320_14422803127,qwen/qwen3.7-flash,0,1.0,1,2026-08-16T02:57:27.714402+00:00
appstore_835599320_14422713991,qwen/qwen3.7-flash,0,1.0,1,2026-08-16T02:57:29.298598+00:00
appstore_835599320_14422506310,qwen/qwen3.7-flash,0,1.0,1,2026-08-16T02:57:32.941778+00:00
appstore_835599320_14422492914,qwen/qwen3.7-flash,0,1.0,1,2026-08-16T02:57:33.022737+00:00
appstore_835599320_14422526387,qwen/qwen3.7-flash,0,1.0,1,2026-08-16T02:57:33.873485+00:00
appstore_835599320_14422612416,qwen/qwen3.7-flash,0,4.0,4,2026-08-16T02:57:34.550945+00:00
appstore_835599320_14422219017,qwen/qwen3.7-flash,0,5.0,5,2026-08-16T02:57:37.775063+00:00
appstore_835599320_14422279375,qwen/qwen3.7-flash,0,1.0,1,2026-08-16T02:57:38.382617+00:00
appstore_835599320_14422365944,qwen/qwen3.7-flash,0,5.0,5,2026-08-16T02:57:38.881148+00:00
appstore_835599320_14422302036,qwen/qwen3.7-flash,0,1.0,1,2026-08-16T02:57:39.814827+00:00
appstore_835599320_14422149520,qwen/qwen3.7-flash,0,1.0,1,2026-08-16T02:57:42.204931+00:00
appstore_835599320_14421841695,qwen/qwen3.7-flash,0,1.0,1,2026-08-16T02:57:44.749600+00:00
appstore_835599320_14422081415,qwen/qwen3.7-flash,0,3.0,3,2026-08-16T02:57:47.797898+00:00
appstore_835599320_14421835901,qwen/qwen3.7-flash,0,1.0,1,2026-08-16T02:57:48.278319+00:00
appstore_835599320_14422141773,qwen/qwen3.7-flash,0,3.0,3,2026-08-16T02:57:48.809067+00:00
appstore_835599320_14421790290,qwen/qwen3.7-flash,0,4.0,4,2026-08-16T02:57:52.352659+00:00
appstore_835599320_14421601206,qwen/qwen3.7-flash,0,1.0,1,2026-08-16T02:57:52.973085+00:00
appstore_835599320_14421652191,qwen/qwen3.7-flash,0,1.0,1,2026-08-16T02:57:54.389665+00:00
appstore_835599320_14421601859,qwen/qwen3.7-flash,0,1.0,1,2026-08-16T02:57:54.966557+00:00
appstore_835599320_14421482014,qwen/qwen3.7-flash,0,1.0,1,2026-08-16T02:57:56.927675+00:00
appstore_835599320_14421554714,qwen/qwen3.7-flash,0,1.0,1,2026-08-16T02:57:58.356858+00:00
appstore_835599320_14421399995,qwen/qwen3.7-flash,0,1.0,1,2026-08-16T02:57:58.568714+00:00
appstore_835599320_14421382125,qwen/qwen3.7-flash,0,1.0,1,2026-08-16T02:58:00.785989+00:00
appstore_835599320_14421289461,qwen/qwen3.7-flash,0,1.0,1,2026-08-16T02:58:01.620335+00:00
appstore_835599320_14421383900,qwen/qwen3.7-flash,0,2.0,2,2026-08-16T02:58:02.223782+00:00
appstore_835599320_14421311082,qwen/qwen3.7-flash,0,5.0,5,2026-08-16T02:58:02.369295+00:00
appstore_835599320_14421217190,qwen/qwen3.7-flash,0,5.0,5,2026-08-16T02:58:05.003342+00:00
appstore_835599320_14421270657,qwen/qwen3.7-flash,0,1.0,1,2026-08-16T02:58:05.197619+00:00
appstore_835599320_14421225884,qwen/qwen3.7-flash,0,5.0,5,2026-08-16T02:58:08.045597+00:00
appstore_835599320_14421124846,qwen/qwen3.7-flash,0,1.0,1,2026-08-16T02:58:08.244203+00:00
appstore_835599320_14421263552,qwen/qwen3.7-flash,0,3.0,3,2026-08-16T02:58:08.375381+00:00
appstore_835599320_14421202898,qwen/qwen3.7-flash,0,1.0,1,2026-08-16T02:58:08.823302+00:00
appstore_835599320_14421112045,qwen/qwen3.7-flash,0,5.0,5,2026-08-16T02:58:11.871284+00:00
appstore_835599320_14421047904,qwen/qwen3.7-flash,0,4.0,4,2026-08-16T02:58:12.133977+00:00
appstore_835599320_14421105426,qwen/qwen3.7-flash,0,1.0,1,2026-08-16T02:58:13.372458+00:00
appstore_835599320_14421040710,qwen/qwen3.7-flash,0,3.0,3,2026-08-16T02:58:14.055146+00:00
appstore_835599320_14421017445,qwen/qwen3.7-flash,0,1.0,1,2026-08-16T02:58:16.099724+00:00
appstore_835599320_14421010180,qwen/qwen3.7-flash,0,1.0,1,2026-08-16T02:58:17.033487+00:00
appstore_835599320_14420958576,qwen/qwen3.7-flash,0,3.0,3,2026-08-16T02:58:18.467123+00:00
appstore_835599320_14420932538,qwen/qwen3.7-flash,0,1.0,1,2026-08-16T02:58:18.627120+00:00
appstore_835599320_14420896448,qwen/qwen3.7-flash,0,1.0,1,2026-08-16T02:58:19.517562+00:00
appstore_835599320_14420914725,qwen/qwen3.7-flash,0,1.0,1,2026-08-16T02:58:21.348769+00:00
appstore_835599320_14420882224,qwen/qwen3.7-flash,0,1.0,1,2026-08-16T02:58:21.368313+00:00
appstore_835599320_14420880461,qwen/qwen3.7-flash,0,1.0,1,2026-08-16T02:58:22.461428+00:00
appstore_835599320_14420800108,qwen/qwen3.7-flash,0,1.0,1,2026-08-16T02:58:25.538169+00:00
appstore_835599320_14420750046,qwen/qwen3.7-flash,0,1.0,1,2026-08-16T02:58:25.601688+00:00
appstore_835599320_14420841153,qwen/qwen3.7-flash,0,1.0,1,2026-08-16T02:58:26.251975+00:00
appstore_835599320_14420884194,qwen/qwen3.7-flash,0,2.0,2,2026-08-16T02:58:26.339771+00:00
appstore_835599320_14420697889,qwen/qwen3.7-flash,0,1.0,1,2026-08-16T02:58:28.435981+00:00
appstore_835599320_14420620609,qwen/qwen3.7-flash,0,1.0,1,2026-08-16T02:58:30.212728+00:00
appstore_835599320_14420649357,qwen/qwen3.7-flash,0,1.0,1,2026-08-16T02:58:31.840273+00:00
appstore_835599320_14420566934,qwen/qwen3.7-flash,0,1.0,1,2026-08-16T02:58:33.555440+00:00
appstore_835599320_14420610187,qwen/qwen3.7-flash,0,1.0,1,2026-08-16T02:58:34.110919+00:00
appstore_835599320_14420691497,qwen/qwen3.7-flash,0,4.0,4,2026-08-16T02:58:34.352499+00:00
appstore_835599320_14420541644,qwen/qwen3.7-flash,0,1.0,1,2026-08-16T02:58:35.177096+00:00
appstore_835599320_14420475555,qwen/qwen3.7-flash,0,5.0,5,2026-08-16T02:58:37.102194+00:00
appstore_835599320_14420482131,qwen/qwen3.7-flash,0,1.0,1,2026-08-16T02:58:38.163650+00:00
appstore_835599320_14420457785,qwen/qwen3.7-flash,0,5.0,5,2026-08-16T02:58:41.301842+00:00
appstore_835599320_14420455029,qwen/qwen3.7-flash,0,1.0,1,2026-08-16T02:58:43.099929+00:00
appstore_835599320_14420533330,qwen/qwen3.7-flash,0,3.0,3,2026-08-16T02:58:43.309309+00:00
appstore_835599320_14420439313,qwen/qwen3.7-flash,0,5.0,5,2026-08-16T02:58:43.987451+00:00
appstore_835599320_14420458498,qwen/qwen3.7-flash,0,4.0,4,2026-08-16T02:58:45.492878+00:00
appstore_835599320_14420381152,qwen/qwen3.7-flash,0,1.0,1,2026-08-16T02:58:46.230339+00:00
appstore_835599320_14420384156,qwen/qwen3.7-flash,0,1.0,1,2026-08-16T02:58:47.233440+00:00
appstore_835599320_14420363729,qwen/qwen3.7-flash,0,3.0,3,2026-08-16T02:58:49.808943+00:00
appstore_835599320_14420333816,qwen/qwen3.7-flash,0,1.0,1,2026-08-16T02:58:50.452779+00:00
appstore_835599320_14420202745,qwen/qwen3.7-flash,0,1.0,1,2026-08-16T02:58:51.411334+00:00
appstore_835599320_14420159427,qwen/qwen3.7-flash,0,5.0,5,2026-08-16T02:58:52.673587+00:00
appstore_835599320_14420140692,qwen/qwen3.7-flash,0,1.0,1,2026-08-16T02:58:54.240703+00:00
appstore_835599320_14420109552,qwen/qwen3.7-flash,0,1.0,1,2026-08-16T02:58:54.369930+00:00
appstore_835599320_14420114856,qwen/qwen3.7-flash,0,1.0,1,2026-08-16T02:58:55.332034+00:00
appstore_835599320_14420271820,qwen/qwen3.7-flash,0,4.0,4,2026-08-16T02:58:56.461311+00:00
appstore_835599320_14420049416,qwen/qwen3.7-flash,0,1.0,1,2026-08-16T02:58:59.908144+00:00
appstore_835599320_14420021596,qwen/qwen3.7-flash,0,1.0,1,2026-08-16T02:59:00.552147+00:00
appstore_835599320_14420072866,qwen/qwen3.7-flash,0,1.0,1,2026-08-16T02:59:02.740481+00:00
appstore_835599320_14419944782,qwen/qwen3.7-flash,0,5.0,5,2026-08-16T02:59:03.217566+00:00
appstore_835599320_14419969293,qwen/qwen3.7-flash,0,1.0,1,2026-08-16T02:59:04.087380+00:00
appstore_835599320_14419991510,qwen/qwen3.7-flash,0,3.0,3,2026-08-16T02:59:05.385303+00:00
appstore_835599320_14419932398,qwen/qwen3.7-flash,0,1.0,1,2026-08-16T02:59:06.133978+00:00
appstore_835599320_14419924321,qwen/qwen3.7-flash,0,1.0,1,2026-08-16T02:59:08.497146+00:00
appstore_835599320_14419871522,qwen/qwen3.7-flash,0,1.0,1,2026-08-16T02:59:09.918898+00:00
appstore_835599320_14419900675,qwen/qwen3.7-flash,0,1.0,1,2026-08-16T02:59:10.232845+00:00
appstore_835599320_14419869794,qwen/qwen3.7-flash,0,1.0,1,2026-08-16T02:59:11.041866+00:00
appstore_835599320_14419772472,qwen/qwen3.7-flash,0,1.0,1,2026-08-16T02:59:14.303693+00:00
appstore_835599320_14419800887,qwen/qwen3.7-flash,0,1.0,1,2026-08-16T02:59:14.673040+00:00
appstore_835599320_14419856386,qwen/qwen3.7-flash,0,5.0,5,2026-08-16T02:59:14.807005+00:00
appstore_835599320_14419737568,qwen/qwen3.7-flash,0,5.0,5,2026-08-16T02:59:17.949571+00:00
appstore_835599320_14419747573,qwen/qwen3.7-flash,0,1.0,1,2026-08-16T02:59:18.376020+00:00
appstore_835599320_14419751232,qwen/qwen3.7-flash,0,1.0,1,2026-08-16T02:59:20.355188+00:00
appstore_835599320_14419743970,qwen/qwen3.7-flash,0,1.0,1,2026-08-16T02:59:20.520642+00:00
appstore_835599320_14419732196,qwen/qwen3.7-flash,0,1.0,1,2026-08-16T02:59:21.172136+00:00
appstore_835599320_14419721669,qwen/qwen3.7-flash,0,3.0,3,2026-08-16T02:59:24.036540+00:00
appstore_835599320_14419667565,qwen/qwen3.7-flash,0,1.0,1,2026-08-16T02:59:24.852764+00:00
appstore_835599320_14419685031,qwen/qwen3.7-flash,0,1.0,1,2026-08-16T02:59:25.097125+00:00
appstore_835599320_14419664869,qwen/qwen3.7-flash,0,5.0,5,2026-08-16T02:59:26.651388+00:00
appstore_835599320_14419687564,qwen/qwen3.7-flash,0,1.0,1,2026-08-16T02:59:27.951960+00:00
appstore_835599320_14419633686,qwen/qwen3.7-flash,0,1.0,1,2026-08-16T02:59:31.375591+00:00
appstore_835599320_14419650084,qwen/qwen3.7-flash,0,2.0,2,2026-08-16T02:59:32.522799+00:00
appstore_835599320_14419648864,qwen/qwen3.7-flash,0,4.0,4,2026-08-16T02:59:32.865195+00:00
appstore_835599320_14419573591,qwen/qwen3.7-flash,0,5.0,5,2026-08-16T02:59:34.691041+00:00
appstore_835599320_14419528612,qwen/qwen3.7-flash,0,1.0,1,2026-08-16T02:59:36.523105+00:00
appstore_835599320_14419551408,qwen/qwen3.7-flash,0,1.0,1,2026-08-16T02:59:37.728769+00:00
appstore_835599320_14419574151,qwen/qwen3.7-flash,0,2.0,2,2026-08-16T02:59:38.524017+00:00
appstore_835599320_14419467237,qwen/qwen3.7-flash,0,1.0,1,2026-08-16T02:59:39.670845+00:00
appstore_835599320_14419499758,qwen/qwen3.7-flash,0,1.0,1,2026-08-16T02:59:39.948000+00:00
appstore_835599320_14419458506,qwen/qwen3.7-flash,0,1.0,1,2026-08-16T02:59:40.651012+00:00
appstore_835599320_14419437559,qwen/qwen3.7-flash,0,5.0,5,2026-08-16T02:59:45.477034+00:00
appstore_835599320_14419341379,qwen/qwen3.7-flash,0,1.0,1,2026-08-16T02:59:45.757606+00:00
appstore_835599320_14419297186,qwen/qwen3.7-flash,0,1.0,1,2026-08-16T02:59:45.786181+00:00
appstore_835599320_14419439371,qwen/qwen3.7-flash,0,4.0,4,2026-08-16T02:59:46.645995+00:00
appstore_835599320_14419271983,qwen/qwen3.7-flash,0,3.0,3,2026-08-16T02:59:48.578632+00:00
appstore_835599320_14419118612,qwen/qwen3.7-flash,0,1.0,1,2026-08-16T02:59:50.505327+00:00
appstore_835599320_14419025628,qwen/qwen3.7-flash,0,1.0,1,2026-08-16T02:59:52.321918+00:00
appstore_835599320_14419025859,qwen/qwen3.7-flash,0,3.0,3,2026-08-16T02:59:53.452621+00:00
appstore_835599320_14418896955,qwen/qwen3.7-flash,0,1.0,1,2026-08-16T02:59:56.186875+00:00
appstore_835599320_14418998683,qwen/qwen3.7-flash,0,4.0,4,2026-08-16T02:59:56.575798+00:00
appstore_835599320_14418730632,qwen/qwen3.7-flash,0,1.0,1,2026-08-16T02:59:59.137649+00:00
appstore_835599320_14418862781,qwen/qwen3.7-flash,0,1.0,1,2026-08-16T02:59:59.168047+00:00
appstore_835599320_14418557201,qwen/qwen3.7-flash,0,1.0,1,2026-08-16T03:00:01.313616+00:00
appstore_835599320_14418738452,qwen/qwen3.7-flash,0,1.0,1,2026-08-16T03:00:01.464161+00:00
appstore_835599320_14418491190,qwen/qwen3.7-flash,0,1.0,1,2026-08-16T03:00:04.805155+00:00
appstore_835599320_14418519528,qwen/qwen3.7-flash,0,1.0,1,2026-08-16T03:00:05.452575+00:00
appstore_835599320_14418482050,qwen/qwen3.7-flash,0,1.0,1,2026-08-16T03:00:07.393303+00:00
appstore_835599320_14418544529,qwen/qwen3.7-flash,0,3.0,3,2026-08-16T03:00:07.472385+00:00
appstore_835599320_14417762147,qwen/qwen3.7-flash,0,1.0,1,2026-08-16T03:00:10.104069+00:00
appstore_835599320_14418162100,qwen/qwen3.7-flash,0,1.0,1,2026-08-16T03:00:10.338577+00:00
appstore_835599320_14418392882,qwen/qwen3.7-flash,0,1.0,1,2026-08-16T03:00:10.465014+00:00
appstore_835599320_14417859649,qwen/qwen3.7-flash,0,5.0,5,2026-08-16T03:00:10.925288+00:00
appstore_835599320_14417740628,qwen/qwen3.7-flash,0,1.0,1,2026-08-16T03:00:13.147929+00:00
appstore_835599320_14417691449,qwen/qwen3.7-flash,0,4.0,4,2026-08-16T03:00:14.386714+00:00
appstore_835599320_14417723558,qwen/qwen3.7-flash,0,3.0,3,2026-08-16T03:00:17.760558+00:00
appstore_835599320_14417684171,qwen/qwen3.7-flash,0,3.0,3,2026-08-16T03:00:19.799861+00:00
appstore_835599320_14417711071,qwen/qwen3.7-flash,0,2.0,2,2026-08-16T03:00:20.120731+00:00
appstore_835599320_14417550565,qwen/qwen3.7-flash,0,1.0,1,2026-08-16T03:00:21.378492+00:00
appstore_835599320_14417660986,qwen/qwen3.7-flash,0,4.0,4,2026-08-16T03:00:22.172144+00:00
appstore_835599320_14417480058,qwen/qwen3.7-flash,0,1.0,1,2026-08-16T03:00:24.503753+00:00
appstore_835599320_14417503820,qwen/qwen3.7-flash,0,1.0,1,2026-08-16T03:00:25.386240+00:00
appstore_835599320_14417510769,qwen/qwen3.7-flash,0,5.0,5,2026-08-16T03:00:26.893953+00:00
appstore_835599320_14417440948,qwen/qwen3.7-flash,0,1.0,1,2026-08-16T03:00:27.473228+00:00
appstore_835599320_14417433483,qwen/qwen3.7-flash,0,5.0,5,2026-08-16T03:00:28.382683+00:00
appstore_585027354_14428833015,qwen/qwen3.7-flash,0,2.0,2,2026-08-16T03:00:31.376187+00:00
appstore_585027354_14428596464,qwen/qwen3.7-flash,0,1.0,1,2026-08-16T03:00:33.566416+00:00
appstore_585027354_14428641457,qwen/qwen3.7-flash,0,1.0,1,2026-08-16T03:00:34.373636+00:00
appstore_585027354_14428689579,qwen/qwen3.7-flash,0,5.0,5,2026-08-16T03:00:35.268691+00:00
appstore_585027354_14428408914,qwen/qwen3.7-flash,0,1.0,1,2026-08-16T03:00:35.824243+00:00
appstore_585027354_14428366660,qwen/qwen3.7-flash,0,5.0,5,2026-08-16T03:00:37.301141+00:00
appstore_585027354_14428361942,qwen/qwen3.7-flash,0,5.0,5,2026-08-16T03:00:37.699476+00:00
appstore_585027354_14428453575,qwen/qwen3.7-flash,0,1.0,1,2026-08-16T03:00:38.861948+00:00
appstore_585027354_14428273347,qwen/qwen3.7-flash,0,1.0,1,2026-08-16T03:00:39.135904+00:00
appstore_585027354_14428296472,qwen/qwen3.7-flash,0,1.0,1,2026-08-16T03:00:39.342742+00:00
appstore_585027354_14428022000,qwen/qwen3.7-flash,0,1.0,1,2026-08-16T03:00:43.283117+00:00
appstore_585027354_14428191470,qwen/qwen3.7-flash,0,2.0,2,2026-08-16T03:00:43.742747+00:00
appstore_585027354_14427691172,qwen/qwen3.7-flash,0,1.0,1,2026-08-16T03:00:44.800798+00:00
appstore_585027354_14427866888,qwen/qwen3.7-flash,0,1.0,1,2026-08-16T03:00:46.532003+00:00
appstore_585027354_14426891681,qwen/qwen3.7-flash,0,4.0,4,2026-08-16T03:00:47.987366+00:00
appstore_585027354_14426259590,qwen/qwen3.7-flash,0,1.0,1,2026-08-16T03:00:48.116855+00:00
appstore_585027354_14426067084,qwen/qwen3.7-flash,0,1.0,1,2026-08-16T03:00:48.644901+00:00
appstore_585027354_14427327680,qwen/qwen3.7-flash,0,1.0,1,2026-08-16T03:00:48.830819+00:00
appstore_585027354_14424910929,qwen/qwen3.7-flash,0,1.0,1,2026-08-16T03:00:52.669195+00:00
appstore_585027354_14424807185,qwen/qwen3.7-flash,0,1.0,1,2026-08-16T03:00:56.155654+00:00
appstore_585027354_14425206743,qwen/qwen3.7-flash,0,3.0,3,2026-08-16T03:00:56.712535+00:00
appstore_585027354_14424948927,qwen/qwen3.7-flash,0,1.0,1,2026-08-16T03:00:57.326242+00:00
appstore_585027354_14425062580,qwen/qwen3.7-flash,0,4.0,4,2026-08-16T03:00:57.393296+00:00
appstore_585027354_14424340877,qwen/qwen3.7-flash,0,5.0,5,2026-08-16T03:00:57.693198+00:00
appstore_585027354_14424211835,qwen/qwen3.7-flash,0,1.0,1,2026-08-16T03:01:03.943294+00:00
appstore_585027354_14424234899,qwen/qwen3.7-flash,0,1.0,1,2026-08-16T03:01:05.172517+00:00
appstore_585027354_14424332252,qwen/qwen3.7-flash,0,1.0,1,2026-08-16T03:01:05.224916+00:00
appstore_585027354_14424143402,qwen/qwen3.7-flash,0,3.0,3,2026-08-16T03:01:05.382813+00:00
appstore_585027354_14423760643,qwen/qwen3.7-flash,0,5.0,5,2026-08-16T03:01:06.745341+00:00
appstore_585027354_14424105030,qwen/qwen3.7-flash,0,1.0,1,2026-08-16T03:01:07.258556+00:00
appstore_585027354_14424138502,qwen/qwen3.7-flash,0,1.0,1,2026-08-16T03:01:07.924741+00:00
appstore_585027354_14423940380,qwen/qwen3.7-flash,0,1.0,1,2026-08-16T03:01:09.837748+00:00
appstore_585027354_14423631384,qwen/qwen3.7-flash,0,5.0,5,2026-08-16T03:01:10.847349+00:00
appstore_585027354_14423360316,qwen/qwen3.7-flash,0,5.0,5,2026-08-16T03:01:11.592077+00:00
appstore_585027354_14423250040,qwen/qwen3.7-flash,0,5.0,5,2026-08-16T03:01:12.732603+00:00
appstore_585027354_14423143964,qwen/qwen3.7-flash,0,5.0,5,2026-08-16T03:01:12.884957+00:00
appstore_585027354_14422714592,qwen/qwen3.7-flash,0,5.0,5,2026-08-16T03:01:15.968697+00:00
appstore_585027354_14423134891,qwen/qwen3.7-flash,0,1.0,1,2026-08-16T03:01:16.963014+00:00
appstore_585027354_14422698193,qwen/qwen3.7-flash,0,5.0,5,2026-08-16T03:01:17.445855+00:00
appstore_585027354_14421163326,qwen/qwen3.7-flash,0,5.0,5,2026-08-16T03:01:18.335161+00:00
appstore_585027354_14421472470,qwen/qwen3.7-flash,0,1.0,1,2026-08-16T03:01:18.542878+00:00
appstore_585027354_14421198547,qwen/qwen3.7-flash,0,5.0,5,2026-08-16T03:01:20.411383+00:00
appstore_585027354_14421090841,qwen/qwen3.7-flash,0,1.0,1,2026-08-16T03:01:22.017919+00:00
appstore_585027354_14421142569,qwen/qwen3.7-flash,0,1.0,1,2026-08-16T03:01:22.077343+00:00
appstore_585027354_14420812260,qwen/qwen3.7-flash,0,5.0,5,2026-08-16T03:01:26.040594+00:00
appstore_585027354_14420692095,qwen/qwen3.7-flash,0,5.0,5,2026-08-16T03:01:26.896900+00:00
appstore_585027354_14421131098,qwen/qwen3.7-flash,0,1.0,1,2026-08-16T03:01:26.972659+00:00
appstore_585027354_14420184963,qwen/qwen3.7-flash,0,1.0,1,2026-08-16T03:01:27.515285+00:00
appstore_585027354_14419895850,qwen/qwen3.7-flash,0,5.0,5,2026-08-16T03:01:29.885789+00:00
appstore_585027354_14419722589,qwen/qwen3.7-flash,0,5.0,5,2026-08-16T03:01:29.978221+00:00
appstore_585027354_14419828497,qwen/qwen3.7-flash,0,5.0,5,2026-08-16T03:01:30.236351+00:00
appstore_585027354_14419558958,qwen/qwen3.7-flash,0,5.0,5,2026-08-16T03:01:31.286447+00:00
appstore_585027354_14419335739,qwen/qwen3.7-flash,0,5.0,5,2026-08-16T03:01:32.151543+00:00
appstore_585027354_14419370318,qwen/qwen3.7-flash,0,5.0,5,2026-08-16T03:01:33.120241+00:00
appstore_585027354_14419239181,qwen/qwen3.7-flash,0,3.0,3,2026-08-16T03:01:34.266227+00:00
appstore_585027354_14419161386,qwen/qwen3.7-flash,0,1.0,1,2026-08-16T03:01:36.315732+00:00
appstore_585027354_14419149197,qwen/qwen3.7-flash,0,5.0,5,2026-08-16T03:01:37.406223+00:00
appstore_585027354_14419232344,qwen/qwen3.7-flash,0,1.0,1,2026-08-16T03:01:38.756373+00:00
appstore_585027354_14418886368,qwen/qwen3.7-flash,0,1.0,1,2026-08-16T03:01:38.836238+00:00
appstore_585027354_14419128261,qwen/qwen3.7-flash,0,4.0,4,2026-08-16T03:01:40.440157+00:00
appstore_585027354_14418829956,qwen/qwen3.7-flash,0,1.0,1,2026-08-16T03:01:42.509013+00:00
appstore_585027354_14418678018,qwen/qwen3.7-flash,0,1.0,1,2026-08-16T03:01:44.413156+00:00
appstore_585027354_14418556875,qwen/qwen3.7-flash,0,1.0,1,2026-08-16T03:01:45.007493+00:00
appstore_585027354_14418230266,qwen/qwen3.7-flash,0,5.0,5,2026-08-16T03:01:45.154460+00:00
appstore_585027354_14418376836,qwen/qwen3.7-flash,0,1.0,1,2026-08-16T03:01:45.559920+00:00
appstore_585027354_14417211242,qwen/qwen3.7-flash,0,1.0,1,2026-08-16T03:01:47.713605+00:00
appstore_585027354_14416385800,qwen/qwen3.7-flash,0,1.0,1,2026-08-16T03:01:50.771566+00:00
appstore_585027354_14416888008,qwen/qwen3.7-flash,0,1.0,1,2026-08-16T03:01:51.634199+00:00
appstore_585027354_14416214488,qwen/qwen3.7-flash,0,4.0,4,2026-08-16T03:01:51.714573+00:00
appstore_585027354_14416223053,qwen/qwen3.7-flash,0,4.0,4,2026-08-16T03:01:52.670485+00:00
appstore_585027354_14416083123,qwen/qwen3.7-flash,0,5.0,5,2026-08-16T03:01:53.496693+00:00
appstore_585027354_14416120338,qwen/qwen3.7-flash,0,1.0,1,2026-08-16T03:01:53.571737+00:00
appstore_585027354_14415345765,qwen/qwen3.7-flash,0,5.0,5,2026-08-16T03:01:55.344246+00:00
appstore_585027354_14416160147,qwen/qwen3.7-flash,0,5.0,5,2026-08-16T03:01:55.458963+00:00
appstore_585027354_14415519492,qwen/qwen3.7-flash,0,5.0,5,2026-08-16T03:01:56.078197+00:00
appstore_585027354_14415245116,qwen/qwen3.7-flash,0,5.0,5,2026-08-16T03:01:57.745889+00:00
appstore_585027354_14414687854,qwen/qwen3.7-flash,0,1.0,1,2026-08-16T03:01:59.059024+00:00
appstore_585027354_14415690581,qwen/qwen3.7-flash,0,1.0,1,2026-08-16T03:01:59.407556+00:00
appstore_585027354_14414874036,qwen/qwen3.7-flash,0,1.0,1,2026-08-16T03:02:00.895184+00:00
appstore_585027354_14414661974,qwen/qwen3.7-flash,0,1.0,1,2026-08-16T03:02:04.463008+00:00
appstore_585027354_14414479510,qwen/qwen3.7-flash,0,5.0,5,2026-08-16T03:02:04.525118+00:00
appstore_585027354_14414169755,qwen/qwen3.7-flash,0,1.0,1,2026-08-16T03:02:04.791685+00:00
appstore_585027354_14414296513,qwen/qwen3.7-flash,0,2.0,2,2026-08-16T03:02:07.695001+00:00
appstore_585027354_14413800912,qwen/qwen3.7-flash,0,1.0,1,2026-08-16T03:02:08.993270+00:00
appstore_585027354_14413012178,qwen/qwen3.7-flash,0,5.0,5,2026-08-16T03:02:09.519303+00:00
appstore_585027354_14413577188,qwen/qwen3.7-flash,0,1.0,1,2026-08-16T03:02:09.569514+00:00
appstore_585027354_14413451551,qwen/qwen3.7-flash,0,1.0,1,2026-08-16T03:02:10.288050+00:00
appstore_585027354_14412407625,qwen/qwen3.7-flash,0,5.0,5,2026-08-16T03:02:12.045617+00:00
appstore_585027354_14411925996,qwen/qwen3.7-flash,0,1.0,1,2026-08-16T03:02:12.386916+00:00
appstore_585027354_14412316481,qwen/qwen3.7-flash,0,1.0,1,2026-08-16T03:02:12.728136+00:00
appstore_585027354_14411771958,qwen/qwen3.7-flash,0,5.0,5,2026-08-16T03:02:15.358700+00:00
appstore_585027354_14411904662,qwen/qwen3.7-flash,0,1.0,1,2026-08-16T03:02:15.799171+00:00
appstore_585027354_14411762340,qwen/qwen3.7-flash,0,1.0,1,2026-08-16T03:02:17.434695+00:00
appstore_585027354_14411258267,qwen/qwen3.7-flash,0,1.0,1,2026-08-16T03:02:20.786790+00:00
appstore_585027354_14411571901,qwen/qwen3.7-flash,0,5.0,5,2026-08-16T03:02:20.929981+00:00
appstore_585027354_14411277885,qwen/qwen3.7-flash,0,1.0,1,2026-08-16T03:02:21.824115+00:00
appstore_585027354_14411903886,qwen/qwen3.7-flash,0,1.0,1,2026-08-16T03:02:22.269414+00:00
appstore_585027354_14411048229,qwen/qwen3.7-flash,0,5.0,5,2026-08-16T03:02:23.542942+00:00
appstore_585027354_14410739861,qwen/qwen3.7-flash,0,5.0,5,2026-08-16T03:02:25.677595+00:00
appstore_585027354_14411046806,qwen/qwen3.7-flash,0,1.0,1,2026-08-16T03:02:26.317470+00:00
appstore_585027354_14411012450,qwen/qwen3.7-flash,0,1.0,1,2026-08-16T03:02:26.384389+00:00
appstore_585027354_14410566775,qwen/qwen3.7-flash,0,5.0,5,2026-08-16T03:02:27.486013+00:00
appstore_585027354_14410373832,qwen/qwen3.7-flash,0,5.0,5,2026-08-16T03:02:29.963949+00:00
appstore_585027354_14410219451,qwen/qwen3.7-flash,0,5.0,5,2026-08-16T03:02:30.356538+00:00
appstore_585027354_14410068565,qwen/qwen3.7-flash,0,1.0,1,2026-08-16T03:02:31.873781+00:00
appstore_585027354_14410304123,qwen/qwen3.7-flash,0,1.0,1,2026-08-16T03:02:32.319116+00:00
appstore_585027354_14409101618,qwen/qwen3.7-flash,0,5.0,5,2026-08-16T03:02:33.773611+00:00
appstore_585027354_14408384137,qwen/qwen3.7-flash,0,5.0,5,2026-08-16T03:02:34.139012+00:00
appstore_585027354_14408742528,qwen/qwen3.7-flash,0,1.0,1,2026-08-16T03:02:34.723475+00:00
appstore_585027354_14408234909,qwen/qwen3.7-flash,0,1.0,1,2026-08-16T03:02:36.501233+00:00
appstore_585027354_14408130336,qwen/qwen3.7-flash,0,1.0,1,2026-08-16T03:02:38.171658+00:00
appstore_585027354_14408550281,qwen/qwen3.7-flash,0,1.0,1,2026-08-16T03:02:38.563237+00:00
appstore_585027354_14408339052,qwen/qwen3.7-flash,0,1.0,1,2026-08-16T03:02:39.094020+00:00
appstore_585027354_14407724020,qwen/qwen3.7-flash,0,5.0,5,2026-08-16T03:02:42.172105+00:00
appstore_585027354_14408263413,qwen/qwen3.7-flash,0,3.0,3,2026-08-16T03:02:43.677263+00:00
appstore_585027354_14408086321,qwen/qwen3.7-flash,0,1.0,1,2026-08-16T03:02:44.969408+00:00
appstore_585027354_14407690933,qwen/qwen3.7-flash,0,1.0,1,2026-08-16T03:02:46.046680+00:00
appstore_585027354_14408061035,qwen/qwen3.7-flash,0,3.0,3,2026-08-16T03:02:46.698776+00:00
appstore_585027354_14406513006,qwen/qwen3.7-flash,0,5.0,5,2026-08-16T03:02:48.232547+00:00
appstore_585027354_14407252453,qwen/qwen3.7-flash,0,1.0,1,2026-08-16T03:02:48.706697+00:00
appstore_585027354_14407136325,qwen/qwen3.7-flash,0,1.0,1,2026-08-16T03:02:49.225198+00:00
appstore_585027354_14406760375,qwen/qwen3.7-flash,0,1.0,1,2026-08-16T03:02:49.805876+00:00
appstore_585027354_14406509677,qwen/qwen3.7-flash,0,1.0,1,2026-08-16T03:02:51.504132+00:00
appstore_585027354_14406229446,qwen/qwen3.7-flash,0,1.0,1,2026-08-16T03:02:52.223960+00:00
appstore_585027354_14405925245,qwen/qwen3.7-flash,0,1.0,1,2026-08-16T03:02:52.629730+00:00
appstore_585027354_14404648893,qwen/qwen3.7-flash,0,5.0,5,2026-08-16T03:02:55.300122+00:00
appstore_585027354_14404610654,qwen/qwen3.7-flash,0,5.0,5,2026-08-16T03:02:55.673822+00:00
appstore_585027354_14405786151,qwen/qwen3.7-flash,0,1.0,1,2026-08-16T03:02:57.340381+00:00
appstore_585027354_14404396151,qwen/qwen3.7-flash,0,5.0,5,2026-08-16T03:02:57.925405+00:00
appstore_585027354_14404545603,qwen/qwen3.7-flash,0,5.0,5,2026-08-16T03:02:58.868808+00:00
appstore_585027354_14404669448,qwen/qwen3.7-flash,0,2.0,2,2026-08-16T03:03:00.450875+00:00
appstore_585027354_14404367586,qwen/qwen3.7-flash,0,5.0,5,2026-08-16T03:03:00.528098+00:00
appstore_585027354_14403792095,qwen/qwen3.7-flash,0,5.0,5,2026-08-16T03:03:01.978548+00:00
appstore_585027354_14403471197,qwen/qwen3.7-flash,0,1.0,1,2026-08-16T03:03:02.733887+00:00
appstore_585027354_14404297608,qwen/qwen3.7-flash,0,1.0,1,2026-08-16T03:03:03.097182+00:00
appstore_585027354_14403464518,qwen/qwen3.7-flash,0,5.0,5,2026-08-16T03:03:05.242426+00:00
appstore_585027354_14402573207,qwen/qwen3.7-flash,0,1.0,1,2026-08-16T03:03:05.658048+00:00
appstore_585027354_14403746809,qwen/qwen3.7-flash,0,5.0,5,2026-08-16T03:03:05.818052+00:00
appstore_585027354_14402044426,qwen/qwen3.7-flash,0,5.0,5,2026-08-16T03:03:09.553825+00:00
appstore_585027354_14401101540,qwen/qwen3.7-flash,0,1.0,1,2026-08-16T03:03:11.873583+00:00
appstore_585027354_14401161394,qwen/qwen3.7-flash,0,2.0,2,2026-08-16T03:03:12.304068+00:00
appstore_585027354_14402557431,qwen/qwen3.7-flash,0,3.0,3,2026-08-16T03:03:12.805307+00:00
appstore_585027354_14400980022,qwen/qwen3.7-flash,0,1.0,1,2026-08-16T03:03:14.895763+00:00
appstore_585027354_14401339961,qwen/qwen3.7-flash,0,3.0,3,2026-08-16T03:03:14.937082+00:00
appstore_585027354_14400753234,qwen/qwen3.7-flash,0,5.0,5,2026-08-16T03:03:15.558896+00:00
appstore_585027354_14400621433,qwen/qwen3.7-flash,0,5.0,5,2026-08-16T03:03:17.598683+00:00
appstore_585027354_14400635936,qwen/qwen3.7-flash,0,1.0,1,2026-08-16T03:03:18.129295+00:00
appstore_585027354_14400581277,qwen/qwen3.7-flash,0,1.0,1,2026-08-16T03:03:19.159280+00:00
appstore_585027354_14400570238,qwen/qwen3.7-flash,0,1.0,1,2026-08-16T03:03:20.324907+00:00
appstore_585027354_14400356476,qwen/qwen3.7-flash,0,5.0,5,2026-08-16T03:03:22.022916+00:00
appstore_585027354_14400430543,qwen/qwen3.7-flash,0,5.0,5,2026-08-16T03:03:22.353241+00:00
appstore_585027354_14400342614,qwen/qwen3.7-flash,0,5.0,5,2026-08-16T03:03:24.193871+00:00
appstore_585027354_14400327635,qwen/qwen3.7-flash,0,5.0,5,2026-08-16T03:03:24.720933+00:00
appstore_585027354_14400561038,qwen/qwen3.7-flash,0,1.0,1,2026-08-16T03:03:26.937739+00:00
appstore_585027354_14400022103,qwen/qwen3.7-flash,0,5.0,5,2026-08-16T03:03:28.030428+00:00
appstore_585027354_14399972092,qwen/qwen3.7-flash,0,1.0,1,2026-08-16T03:03:28.185637+00:00
appstore_585027354_14400079189,qwen/qwen3.7-flash,0,1.0,1,2026-08-16T03:03:28.573977+00:00
appstore_585027354_14399946046,qwen/qwen3.7-flash,0,1.0,1,2026-08-16T03:03:31.034169+00:00
appstore_585027354_14399872041,qwen/qwen3.7-flash,0,5.0,5,2026-08-16T03:03:31.440907+00:00
appstore_585027354_14399871114,qwen/qwen3.7-flash,0,1.0,1,2026-08-16T03:03:31.933733+00:00
appstore_585027354_14399718563,qwen/qwen3.7-flash,0,1.0,1,2026-08-16T03:03:32.497994+00:00
appstore_585027354_14399613415,qwen/qwen3.7-flash,0,1.0,1,2026-08-16T03:03:33.893229+00:00
appstore_585027354_14399548321,qwen/qwen3.7-flash,0,5.0,5,2026-08-16T03:03:34.912783+00:00
appstore_585027354_14399550645,qwen/qwen3.7-flash,0,1.0,1,2026-08-16T03:03:35.025136+00:00
appstore_585027354_14399585623,qwen/qwen3.7-flash,0,5.0,5,2026-08-16T03:03:35.399137+00:00
appstore_585027354_14398675616,qwen/qwen3.7-flash,0,5.0,5,2026-08-16T03:03:37.878998+00:00
appstore_585027354_14399284460,qwen/qwen3.7-flash,0,1.0,1,2026-08-16T03:03:38.219700+00:00
appstore_585027354_14398921727,qwen/qwen3.7-flash,0,5.0,5,2026-08-16T03:03:40.578251+00:00
appstore_585027354_14398536976,qwen/qwen3.7-flash,0,1.0,1,2026-08-16T03:03:41.855361+00:00
appstore_585027354_14397514991,qwen/qwen3.7-flash,0,5.0,5,2026-08-16T03:03:42.441558+00:00
appstore_585027354_14397464787,qwen/qwen3.7-flash,0,1.0,1,2026-08-16T03:03:43.131423+00:00
appstore_585027354_14396879252,qwen/qwen3.7-flash,0,5.0,5,2026-08-16T03:03:43.291855+00:00
appstore_585027354_14396671903,qwen/qwen3.7-flash,0,1.0,1,2026-08-16T03:03:45.135993+00:00
appstore_585027354_14396795877,qwen/qwen3.7-flash,0,5.0,5,2026-08-16T03:03:46.113956+00:00
appstore_585027354_14396617897,qwen/qwen3.7-flash,0,1.0,1,2026-08-16T03:03:49.688779+00:00
appstore_585027354_14396863498,qwen/qwen3.7-flash,0,4.0,4,2026-08-16T03:03:52.334178+00:00
appstore_585027354_14396591037,qwen/qwen3.7-flash,0,1.0,1,2026-08-16T03:03:53.269022+00:00
appstore_585027354_14396774475,qwen/qwen3.7-flash,0,2.0,2,2026-08-16T03:03:54.245983+00:00
appstore_585027354_14396541804,qwen/qwen3.7-flash,0,1.0,1,2026-08-16T03:03:55.779805+00:00
appstore_585027354_14396367317,qwen/qwen3.7-flash,0,4.0,4,2026-08-16T03:03:56.204203+00:00
appstore_585027354_14396321680,qwen/qwen3.7-flash,0,1.0,1,2026-08-16T03:03:57.433140+00:00
appstore_585027354_14396172771,qwen/qwen3.7-flash,0,5.0,5,2026-08-16T03:03:58.167217+00:00
appstore_585027354_14396204911,qwen/qwen3.7-flash,0,1.0,1,2026-08-16T03:03:59.501271+00:00
appstore_585027354_14396013369,qwen/qwen3.7-flash,0,1.0,1,2026-08-16T03:04:00.737448+00:00
appstore_585027354_14395706723,qwen/qwen3.7-flash,0,1.0,1,2026-08-16T03:04:01.651083+00:00
appstore_585027354_14395652732,qwen/qwen3.7-flash,0,1.0,1,2026-08-16T03:04:02.903953+00:00
appstore_585027354_14395537187,qwen/qwen3.7-flash,0,1.0,1,2026-08-16T03:04:04.213258+00:00
appstore_585027354_14396386931,qwen/qwen3.7-flash,0,4.0,4,2026-08-16T03:04:04.216326+00:00
appstore_585027354_14395226116,qwen/qwen3.7-flash,0,5.0,5,2026-08-16T03:04:04.369689+00:00
appstore_585027354_14395211022,qwen/qwen3.7-flash,0,1.0,1,2026-08-16T03:04:07.801787+00:00
appstore_585027354_14394818739,qwen/qwen3.7-flash,0,1.0,1,2026-08-16T03:04:08.488729+00:00
appstore_585027354_14395109976,qwen/qwen3.7-flash,0,1.0,1,2026-08-16T03:04:08.977533+00:00
appstore_585027354_14395077189,qwen/qwen3.7-flash,0,1.0,1,2026-08-16T03:04:09.963625+00:00
appstore_585027354_14394721767,qwen/qwen3.7-flash,0,5.0,5,2026-08-16T03:04:10.596929+00:00
appstore_585027354_14394444337,qwen/qwen3.7-flash,0,5.0,5,2026-08-16T03:04:10.807195+00:00
appstore_585027354_14394588227,qwen/qwen3.7-flash,0,5.0,5,2026-08-16T03:04:11.814821+00:00
appstore_585027354_14393182435,qwen/qwen3.7-flash,0,5.0,5,2026-08-16T03:04:12.245677+00:00
appstore_585027354_14393214649,qwen/qwen3.7-flash,0,5.0,5,2026-08-16T03:04:14.989814+00:00
appstore_585027354_14394157208,qwen/qwen3.7-flash,0,1.0,1,2026-08-16T03:04:15.726682+00:00
appstore_585027354_14393165489,qwen/qwen3.7-flash,0,1.0,1,2026-08-16T03:04:17.507023+00:00
appstore_585027354_14392506411,qwen/qwen3.7-flash,0,5.0,5,2026-08-16T03:04:17.694724+00:00
appstore_585027354_14393085798,qwen/qwen3.7-flash,0,1.0,1,2026-08-16T03:04:17.895434+00:00
appstore_585027354_14392675330,qwen/qwen3.7-flash,0,1.0,1,2026-08-16T03:04:18.755265+00:00
appstore_585027354_14392463243,qwen/qwen3.7-flash,0,1.0,1,2026-08-16T03:04:20.383075+00:00
appstore_585027354_14392450560,qwen/qwen3.7-flash,0,1.0,1,2026-08-16T03:04:20.447520+00:00
appstore_585027354_14392487257,qwen/qwen3.7-flash,0,1.0,1,2026-08-16T03:04:21.313764+00:00
appstore_585027354_14392429811,qwen/qwen3.7-flash,0,5.0,5,2026-08-16T03:04:21.722277+00:00
appstore_585027354_14392145096,qwen/qwen3.7-flash,0,4.0,4,2026-08-16T03:04:24.178140+00:00
appstore_585027354_14391993524,qwen/qwen3.7-flash,0,1.0,1,2026-08-16T03:04:25.297920+00:00
appstore_585027354_14391903918,qwen/qwen3.7-flash,0,5.0,5,2026-08-16T03:04:25.998415+00:00
appstore_585027354_14391901668,qwen/qwen3.7-flash,0,5.0,5,2026-08-16T03:04:26.712190+00:00
appstore_585027354_14391604469,qwen/qwen3.7-flash,0,1.0,1,2026-08-16T03:04:28.481481+00:00
appstore_585027354_14391683854,qwen/qwen3.7-flash,0,1.0,1,2026-08-16T03:04:29.426202+00:00
appstore_585027354_14392144215,qwen/qwen3.7-flash,0,2.0,2,2026-08-16T03:04:31.039475+00:00
appstore_585027354_14391660543,qwen/qwen3.7-flash,0,1.0,1,2026-08-16T03:04:31.447664+00:00
appstore_585027354_14391406631,qwen/qwen3.7-flash,0,1.0,1,2026-08-16T03:04:33.333852+00:00
appstore_585027354_14390953554,qwen/qwen3.7-flash,0,5.0,5,2026-08-16T03:04:34.011422+00:00
appstore_585027354_14391378798,qwen/qwen3.7-flash,0,5.0,5,2026-08-16T03:04:34.088969+00:00
appstore_585027354_14390890395,qwen/qwen3.7-flash,0,5.0,5,2026-08-16T03:04:34.416274+00:00
appstore_585027354_14389467296,qwen/qwen3.7-flash,0,1.0,1,2026-08-16T03:04:36.816031+00:00
appstore_585027354_14390238090,qwen/qwen3.7-flash,0,1.0,1,2026-08-16T03:04:37.441318+00:00
appstore_585027354_14389061609,qwen/qwen3.7-flash,0,1.0,1,2026-08-16T03:04:38.048163+00:00
appstore_585027354_14388962921,qwen/qwen3.7-flash,0,5.0,5,2026-08-16T03:04:38.838170+00:00
appstore_585027354_14388892863,qwen/qwen3.7-flash,0,5.0,5,2026-08-16T03:04:40.584986+00:00
appstore_585027354_14388770805,qwen/qwen3.7-flash,0,1.0,1,2026-08-16T03:04:42.265932+00:00
appstore_585027354_14389940259,qwen/qwen3.7-flash,0,3.0,3,2026-08-16T03:04:42.288070+00:00
appstore_585027354_14388856368,qwen/qwen3.7-flash,0,1.0,1,2026-08-16T03:04:43.098935+00:00
appstore_585027354_14388647979,qwen/qwen3.7-flash,0,1.0,1,2026-08-16T03:04:44.493625+00:00
appstore_585027354_14388555298,qwen/qwen3.7-flash,0,5.0,5,2026-08-16T03:04:45.476529+00:00
appstore_585027354_14387888026,qwen/qwen3.7-flash,0,1.0,1,2026-08-16T03:04:47.009672+00:00
appstore_585027354_14387891476,qwen/qwen3.7-flash,0,5.0,5,2026-08-16T03:04:48.274238+00:00
appstore_585027354_14388203470,qwen/qwen3.7-flash,0,1.0,1,2026-08-16T03:04:51.867235+00:00
appstore_585027354_14387806463,qwen/qwen3.7-flash,0,5.0,5,2026-08-16T03:04:51.953997+00:00
appstore_585027354_14387835912,qwen/qwen3.7-flash,0,1.0,1,2026-08-16T03:04:51.959537+00:00
appstore_585027354_14387672514,qwen/qwen3.7-flash,0,5.0,5,2026-08-16T03:04:53.041445+00:00
appstore_585027354_14387315079,qwen/qwen3.7-flash,0,1.0,1,2026-08-16T03:04:53.693954+00:00
appstore_585027354_14387393260,qwen/qwen3.7-flash,0,5.0,5,2026-08-16T03:04:54.352407+00:00
appstore_585027354_14387811107,qwen/qwen3.7-flash,0,2.0,2,2026-08-16T03:04:54.431808+00:00
appstore_585027354_14385476576,qwen/qwen3.7-flash,0,1.0,1,2026-08-16T03:04:56.064744+00:00
appstore_585027354_14384873197,qwen/qwen3.7-flash,0,1.0,1,2026-08-16T03:04:56.078660+00:00
appstore_585027354_14385366616,qwen/qwen3.7-flash,0,5.0,5,2026-08-16T03:04:58.343625+00:00
appstore_585027354_14384678192,qwen/qwen3.7-flash,0,5.0,5,2026-08-16T03:04:59.432613+00:00
appstore_585027354_14387221179,qwen/qwen3.7-flash,0,1.0,1,2026-08-16T03:05:00.234175+00:00
appstore_585027354_14384426297,qwen/qwen3.7-flash,0,4.0,4,2026-08-16T03:05:01.818945+00:00
appstore_585027354_14384220458,qwen/qwen3.7-flash,0,5.0,5,2026-08-16T03:05:02.620237+00:00
appstore_585027354_14384196415,qwen/qwen3.7-flash,0,1.0,1,2026-08-16T03:05:03.484266+00:00
appstore_585027354_14384093627,qwen/qwen3.7-flash,0,1.0,1,2026-08-16T03:05:03.503018+00:00
appstore_585027354_14384000755,qwen/qwen3.7-flash,0,5.0,5,2026-08-16T03:05:04.606126+00:00
appstore_585027354_14383979860,qwen/qwen3.7-flash,0,4.0,4,2026-08-16T03:05:06.746499+00:00
appstore_585027354_14384741751,qwen/qwen3.7-flash,0,4.0,4,2026-08-16T03:05:06.930597+00:00
appstore_585027354_14383975438,qwen/qwen3.7-flash,0,1.0,1,2026-08-16T03:05:07.421950+00:00
appstore_585027354_14383351426,qwen/qwen3.7-flash,0,1.0,1,2026-08-16T03:05:10.357460+00:00
appstore_585027354_14383104814,qwen/qwen3.7-flash,0,5.0,5,2026-08-16T03:05:10.390820+00:00
appstore_585027354_14383080156,qwen/qwen3.7-flash,0,5.0,5,2026-08-16T03:05:10.933825+00:00
appstore_585027354_14382939509,qwen/qwen3.7-flash,0,1.0,1,2026-08-16T03:05:12.176521+00:00
appstore_585027354_14383197447,qwen/qwen3.7-flash,0,1.0,1,2026-08-16T03:05:12.830164+00:00
appstore_585027354_14382888107,qwen/qwen3.7-flash,0,5.0,5,2026-08-16T03:05:13.325983+00:00
appstore_585027354_14382611261,qwen/qwen3.7-flash,0,5.0,5,2026-08-16T03:05:14.192647+00:00
appstore_585027354_14381600359,qwen/qwen3.7-flash,0,5.0,5,2026-08-16T03:05:15.712729+00:00
appstore_585027354_14382554353,qwen/qwen3.7-flash,0,5.0,5,2026-08-16T03:05:16.020691+00:00
appstore_585027354_14381739053,qwen/qwen3.7-flash,0,1.0,1,2026-08-16T03:05:16.080923+00:00
appstore_585027354_14381070377,qwen/qwen3.7-flash,0,5.0,5,2026-08-16T03:05:19.413732+00:00
appstore_585027354_14380783082,qwen/qwen3.7-flash,0,1.0,1,2026-08-16T03:05:19.740100+00:00
appstore_585027354_14380891787,qwen/qwen3.7-flash,0,1.0,1,2026-08-16T03:05:20.360578+00:00
appstore_585027354_14380740581,qwen/qwen3.7-flash,0,1.0,1,2026-08-16T03:05:22.058685+00:00
appstore_585027354_14380599480,qwen/qwen3.7-flash,0,1.0,1,2026-08-16T03:05:22.200767+00:00
appstore_585027354_14381592395,qwen/qwen3.7-flash,0,4.0,4,2026-08-16T03:05:23.846754+00:00
appstore_585027354_14380407720,qwen/qwen3.7-flash,0,5.0,5,2026-08-16T03:05:24.371837+00:00
appstore_585027354_14380706960,qwen/qwen3.7-flash,0,1.0,1,2026-08-16T03:05:24.770232+00:00
appstore_585027354_14380289026,qwen/qwen3.7-flash,0,5.0,5,2026-08-16T03:05:26.132503+00:00
appstore_585027354_14380538564,qwen/qwen3.7-flash,0,1.0,1,2026-08-16T03:05:27.296520+00:00
appstore_585027354_14380258220,qwen/qwen3.7-flash,0,5.0,5,2026-08-16T03:05:28.786644+00:00
appstore_585027354_14380181116,qwen/qwen3.7-flash,0,1.0,1,2026-08-16T03:05:29.513155+00:00
appstore_585027354_14380157430,qwen/qwen3.7-flash,0,2.0,2,2026-08-16T03:05:29.984716+00:00
appstore_585027354_14380013742,qwen/qwen3.7-flash,0,5.0,5,2026-08-16T03:05:31.603502+00:00
appstore_585027354_14380060602,qwen/qwen3.7-flash,0,1.0,1,2026-08-16T03:05:31.741123+00:00
appstore_585027354_14380063874,qwen/qwen3.7-flash,0,1.0,1,2026-08-16T03:05:32.872012+00:00
appstore_585027354_14380073667,qwen/qwen3.7-flash,0,1.0,1,2026-08-16T03:05:33.027214+00:00
appstore_585027354_14379943260,qwen/qwen3.7-flash,0,5.0,5,2026-08-16T03:05:34.776802+00:00
appstore_585027354_14379916944,qwen/qwen3.7-flash,0,1.0,1,2026-08-16T03:05:35.901173+00:00
appstore_585027354_14379896664,qwen/qwen3.7-flash,0,1.0,1,2026-08-16T03:05:36.766796+00:00
appstore_585027354_14379882870,qwen/qwen3.7-flash,0,1.0,1,2026-08-16T03:05:37.108054+00:00
appstore_585027354_14379450729,qwen/qwen3.7-flash,0,5.0,5,2026-08-16T03:05:39.216026+00:00
appstore_585027354_14379862799,qwen/qwen3.7-flash,0,1.0,1,2026-08-16T03:05:39.773763+00:00
appstore_585027354_14379433500,qwen/qwen3.7-flash,0,1.0,1,2026-08-16T03:05:41.655334+00:00
appstore_585027354_14379379302,qwen/qwen3.7-flash,0,5.0,5,2026-08-16T03:05:41.852556+00:00
appstore_585027354_14378621830,qwen/qwen3.7-flash,0,1.0,1,2026-08-16T03:05:42.419300+00:00
appstore_585027354_14379695967,qwen/qwen3.7-flash,0,1.0,1,2026-08-16T03:05:42.467668+00:00
appstore_585027354_14378378297,qwen/qwen3.7-flash,0,1.0,1,2026-08-16T03:05:45.101282+00:00
appstore_585027354_14378453151,qwen/qwen3.7-flash,0,1.0,1,2026-08-16T03:05:45.361792+00:00
appstore_585027354_14378208641,qwen/qwen3.7-flash,0,1.0,1,2026-08-16T03:05:45.365510+00:00
appstore_585027354_14378610558,qwen/qwen3.7-flash,0,5.0,5,2026-08-16T03:05:46.340279+00:00
appstore_585027354_14377843913,qwen/qwen3.7-flash,0,5.0,5,2026-08-16T03:05:48.889170+00:00
appstore_585027354_14377135151,qwen/qwen3.7-flash,0,1.0,1,2026-08-16T03:05:51.070245+00:00
appstore_585027354_14377304136,qwen/qwen3.7-flash,0,1.0,1,2026-08-16T03:05:51.165576+00:00
appstore_585027354_14377045004,qwen/qwen3.7-flash,0,1.0,1,2026-08-16T03:05:51.731590+00:00
appstore_585027354_14378069602,qwen/qwen3.7-flash,0,1.0,1,2026-08-16T03:05:53.565039+00:00
appstore_585027354_14376923056,qwen/qwen3.7-flash,0,5.0,5,2026-08-16T03:05:54.736513+00:00
appstore_585027354_14377042680,qwen/qwen3.7-flash,0,1.0,1,2026-08-16T03:05:55.830229+00:00
appstore_585027354_14376614482,qwen/qwen3.7-flash,0,3.0,3,2026-08-16T03:05:55.918831+00:00
appstore_389801252_14428763014,qwen/qwen3.7-flash,0,1.0,1,2026-08-16T03:05:57.603954+00:00
appstore_389801252_14428757988,qwen/qwen3.7-flash,0,1.0,1,2026-08-16T03:05:59.467573+00:00
appstore_389801252_14428756666,qwen/qwen3.7-flash,0,1.0,1,2026-08-16T03:06:01.046984+00:00
appstore_389801252_14428750627,qwen/qwen3.7-flash,0,1.0,1,2026-08-16T03:06:02.206442+00:00
appstore_389801252_14428768707,qwen/qwen3.7-flash,0,3.0,3,2026-08-16T03:06:03.154355+00:00
appstore_389801252_14428746676,qwen/qwen3.7-flash,0,5.0,5,2026-08-16T03:06:04.113315+00:00
appstore_389801252_14428711704,qwen/qwen3.7-flash,0,1.0,1,2026-08-16T03:06:05.390589+00:00
appstore_389801252_14428658339,qwen/qwen3.7-flash,0,1.0,1,2026-08-16T03:06:05.875452+00:00
appstore_389801252_14428599575,qwen/qwen3.7-flash,0,1.0,1,2026-08-16T03:06:07.915016+00:00
appstore_389801252_14428554670,qwen/qwen3.7-flash,0,5.0,5,2026-08-16T03:06:08.706156+00:00
appstore_389801252_14428613836,qwen/qwen3.7-flash,0,3.0,3,2026-08-16T03:06:08.897181+00:00
appstore_389801252_14428558882,qwen/qwen3.7-flash,0,1.0,1,2026-08-16T03:06:10.972348+00:00
appstore_389801252_14428494583,qwen/qwen3.7-flash,0,5.0,5,2026-08-16T03:06:11.542763+00:00
appstore_389801252_14428488282,qwen/qwen3.7-flash,0,5.0,5,2026-08-16T03:06:12.551010+00:00
appstore_389801252_14428474765,qwen/qwen3.7-flash,0,1.0,1,2026-08-16T03:06:14.567269+00:00
appstore_389801252_14428448454,qwen/qwen3.7-flash,0,1.0,1,2026-08-16T03:06:16.169381+00:00
appstore_389801252_14428468272,qwen/qwen3.7-flash,0,1.0,1,2026-08-16T03:06:16.281803+00:00
appstore_389801252_14428405644,qwen/qwen3.7-flash,0,1.0,1,2026-08-16T03:06:16.323538+00:00
appstore_389801252_14428231959,qwen/qwen3.7-flash,0,5.0,5,2026-08-16T03:06:18.041634+00:00
appstore_389801252_14428232629,qwen/qwen3.7-flash,0,1.0,1,2026-08-16T03:06:19.534564+00:00
appstore_389801252_14428379222,qwen/qwen3.7-flash,0,5.0,5,2026-08-16T03:06:19.597910+00:00
appstore_389801252_14428196596,qwen/qwen3.7-flash,0,5.0,5,2026-08-16T03:06:19.973280+00:00
appstore_389801252_14428342618,qwen/qwen3.7-flash,0,5.0,5,2026-08-16T03:06:20.011559+00:00
appstore_389801252_14428143802,qwen/qwen3.7-flash,0,5.0,5,2026-08-16T03:06:21.706572+00:00
appstore_389801252_14428081414,qwen/qwen3.7-flash,0,1.0,1,2026-08-16T03:06:22.351935+00:00
appstore_389801252_14428037732,qwen/qwen3.7-flash,0,5.0,5,2026-08-16T03:06:23.060078+00:00
appstore_389801252_14428087642,qwen/qwen3.7-flash,0,1.0,1,2026-08-16T03:06:23.926245+00:00
appstore_389801252_14428028302,qwen/qwen3.7-flash,0,1.0,1,2026-08-16T03:06:27.046817+00:00
appstore_389801252_14428035633,qwen/qwen3.7-flash,0,1.0,1,2026-08-16T03:06:27.058407+00:00
appstore_389801252_14427928458,qwen/qwen3.7-flash,0,5.0,5,2026-08-16T03:06:27.402166+00:00
appstore_389801252_14427905789,qwen/qwen3.7-flash,0,5.0,5,2026-08-16T03:06:28.618616+00:00
appstore_389801252_14427873998,qwen/qwen3.7-flash,0,1.0,1,2026-08-16T03:06:30.661657+00:00
appstore_389801252_14427862071,qwen/qwen3.7-flash,0,5.0,5,2026-08-16T03:06:31.720220+00:00
appstore_389801252_14427886251,qwen/qwen3.7-flash,0,3.0,3,2026-08-16T03:06:33.378046+00:00
appstore_389801252_14427823131,qwen/qwen3.7-flash,0,1.0,1,2026-08-16T03:06:33.754810+00:00
appstore_389801252_14427830104,qwen/qwen3.7-flash,0,5.0,5,2026-08-16T03:06:34.605904+00:00
appstore_389801252_14427839502,qwen/qwen3.7-flash,0,2.0,2,2026-08-16T03:06:36.201939+00:00
appstore_389801252_14427641891,qwen/qwen3.7-flash,0,5.0,5,2026-08-16T03:06:36.951937+00:00
appstore_389801252_14427749342,qwen/qwen3.7-flash,0,1.0,1,2026-08-16T03:06:39.253719+00:00
appstore_389801252_14427594275,qwen/qwen3.7-flash,0,1.0,1,2026-08-16T03:06:40.334571+00:00
appstore_389801252_14427571120,qwen/qwen3.7-flash,0,5.0,5,2026-08-16T03:06:41.075903+00:00
appstore_389801252_14427808904,qwen/qwen3.7-flash,0,1.0,1,2026-08-16T03:06:41.438041+00:00
appstore_389801252_14427369033,qwen/qwen3.7-flash,0,4.0,4,2026-08-16T03:06:45.614486+00:00
appstore_389801252_14427429397,qwen/qwen3.7-flash,0,1.0,1,2026-08-16T03:06:45.727065+00:00
appstore_389801252_14427529423,qwen/qwen3.7-flash,0,1.0,1,2026-08-16T03:06:47.362273+00:00
appstore_389801252_14427476262,qwen/qwen3.7-flash,0,1.0,1,2026-08-16T03:06:48.259927+00:00
appstore_389801252_14427353293,qwen/qwen3.7-flash,0,1.0,1,2026-08-16T03:06:49.356475+00:00
appstore_389801252_14427341451,qwen/qwen3.7-flash,0,1.0,1,2026-08-16T03:06:50.186003+00:00
appstore_389801252_14427294989,qwen/qwen3.7-flash,0,5.0,5,2026-08-16T03:06:51.410967+00:00
appstore_389801252_14427235680,qwen/qwen3.7-flash,0,1.0,1,2026-08-16T03:06:52.322382+00:00
appstore_389801252_14427012731,qwen/qwen3.7-flash,0,1.0,1,2026-08-16T03:06:53.246054+00:00
appstore_389801252_14426959261,qwen/qwen3.7-flash,0,1.0,1,2026-08-16T03:06:54.402799+00:00
appstore_389801252_14427021697,qwen/qwen3.7-flash,0,1.0,1,2026-08-16T03:06:55.411208+00:00
appstore_389801252_14426927238,qwen/qwen3.7-flash,0,5.0,5,2026-08-16T03:06:57.372530+00:00
appstore_389801252_14426823711,qwen/qwen3.7-flash,0,1.0,1,2026-08-16T03:06:59.818823+00:00
appstore_389801252_14426898781,qwen/qwen3.7-flash,0,5.0,5,2026-08-16T03:07:00.557720+00:00
appstore_389801252_14426797157,qwen/qwen3.7-flash,0,5.0,5,2026-08-16T03:07:02.194771+00:00
appstore_389801252_14426868030,qwen/qwen3.7-flash,0,1.0,1,2026-08-16T03:07:02.501318+00:00
appstore_389801252_14426768248,qwen/qwen3.7-flash,0,5.0,5,2026-08-16T03:07:03.414648+00:00
appstore_389801252_14427321592,qwen/qwen3.7-flash,0,4.0,4,2026-08-16T03:07:04.095801+00:00
appstore_389801252_14426635523,qwen/qwen3.7-flash,0,5.0,5,2026-08-16T03:07:05.668881+00:00
appstore_389801252_14426656339,qwen/qwen3.7-flash,0,1.0,1,2026-08-16T03:07:07.668092+00:00
appstore_389801252_14426580630,qwen/qwen3.7-flash,0,1.0,1,2026-08-16T03:07:07.685380+00:00
appstore_389801252_14426638799,qwen/qwen3.7-flash,0,4.0,4,2026-08-16T03:07:09.270161+00:00
appstore_389801252_14426578171,qwen/qwen3.7-flash,0,1.0,1,2026-08-16T03:07:10.934658+00:00
appstore_389801252_14426495651,qwen/qwen3.7-flash,0,1.0,1,2026-08-16T03:07:13.755459+00:00
appstore_389801252_14426542809,qwen/qwen3.7-flash,0,4.0,4,2026-08-16T03:07:14.464328+00:00
appstore_389801252_14426426883,qwen/qwen3.7-flash,0,1.0,1,2026-08-16T03:07:14.511723+00:00
appstore_389801252_14426551614,qwen/qwen3.7-flash,0,1.0,1,2026-08-16T03:07:14.924490+00:00
appstore_389801252_14426323402,qwen/qwen3.7-flash,0,1.0,1,2026-08-16T03:07:17.637681+00:00
appstore_389801252_14426399573,qwen/qwen3.7-flash,0,5.0,5,2026-08-16T03:07:17.664840+00:00
appstore_389801252_14426276191,qwen/qwen3.7-flash,0,1.0,1,2026-08-16T03:07:17.811392+00:00
appstore_389801252_14426389048,qwen/qwen3.7-flash,0,1.0,1,2026-08-16T03:07:18.161495+00:00
appstore_389801252_14425810402,qwen/qwen3.7-flash,0,1.0,1,2026-08-16T03:07:19.546620+00:00
appstore_389801252_14426106170,qwen/qwen3.7-flash,0,5.0,5,2026-08-16T03:07:20.871209+00:00
appstore_389801252_14426217942,qwen/qwen3.7-flash,0,1.0,1,2026-08-16T03:07:21.846225+00:00
appstore_389801252_14425740857,qwen/qwen3.7-flash,0,5.0,5,2026-08-16T03:07:21.981627+00:00
appstore_389801252_14425692858,qwen/qwen3.7-flash,0,1.0,1,2026-08-16T03:07:22.896200+00:00
appstore_389801252_14425574385,qwen/qwen3.7-flash,0,1.0,1,2026-08-16T03:07:24.698060+00:00
appstore_389801252_14425535846,qwen/qwen3.7-flash,0,1.0,1,2026-08-16T03:07:26.446343+00:00
appstore_389801252_14425527612,qwen/qwen3.7-flash,0,1.0,1,2026-08-16T03:07:26.726596+00:00
appstore_389801252_14425517755,qwen/qwen3.7-flash,0,1.0,1,2026-08-16T03:07:28.913573+00:00
appstore_389801252_14425464434,qwen/qwen3.7-flash,0,1.0,1,2026-08-16T03:07:29.095759+00:00
appstore_389801252_14425334399,qwen/qwen3.7-flash,0,1.0,1,2026-08-16T03:07:29.235628+00:00
appstore_389801252_14425463023,qwen/qwen3.7-flash,0,1.0,1,2026-08-16T03:07:30.591468+00:00
appstore_389801252_14425273116,qwen/qwen3.7-flash,0,5.0,5,2026-08-16T03:07:31.819184+00:00
appstore_389801252_14425298401,qwen/qwen3.7-flash,0,1.0,1,2026-08-16T03:07:33.507872+00:00
appstore_389801252_14425268425,qwen/qwen3.7-flash,0,1.0,1,2026-08-16T03:07:35.480928+00:00
appstore_389801252_14425250078,qwen/qwen3.7-flash,0,5.0,5,2026-08-16T03:07:35.656158+00:00
appstore_389801252_14425265208,qwen/qwen3.7-flash,0,1.0,1,2026-08-16T03:07:36.523973+00:00
appstore_389801252_14425278404,qwen/qwen3.7-flash,0,4.0,4,2026-08-16T03:07:38.936260+00:00
appstore_389801252_14425208673,qwen/qwen3.7-flash,0,1.0,1,2026-08-16T03:07:39.165500+00:00
appstore_389801252_14425217799,qwen/qwen3.7-flash,0,1.0,1,2026-08-16T03:07:40.393572+00:00
appstore_389801252_14425220865,qwen/qwen3.7-flash,0,1.0,1,2026-08-16T03:07:40.769143+00:00
appstore_389801252_14425204254,qwen/qwen3.7-flash,0,1.0,1,2026-08-16T03:07:42.423457+00:00
appstore_389801252_14425198986,qwen/qwen3.7-flash,0,1.0,1,2026-08-16T03:07:43.414650+00:00
appstore_389801252_14425171225,qwen/qwen3.7-flash,0,1.0,1,2026-08-16T03:07:45.399341+00:00
appstore_389801252_14425198635,qwen/qwen3.7-flash,0,5.0,5,2026-08-16T03:07:45.722364+00:00
appstore_389801252_14425154867,qwen/qwen3.7-flash,0,4.0,4,2026-08-16T03:07:46.866136+00:00
appstore_389801252_14425151380,qwen/qwen3.7-flash,0,1.0,1,2026-08-16T03:07:47.959986+00:00
appstore_389801252_14425153309,qwen/qwen3.7-flash,0,1.0,1,2026-08-16T03:07:50.107313+00:00
appstore_389801252_14425147593,qwen/qwen3.7-flash,0,1.0,1,2026-08-16T03:07:50.503378+00:00
appstore_389801252_14425167507,qwen/qwen3.7-flash,0,4.0,4,2026-08-16T03:07:50.922501+00:00
appstore_389801252_14425138055,qwen/qwen3.7-flash,0,1.0,1,2026-08-16T03:07:52.469462+00:00
appstore_389801252_14425134153,qwen/qwen3.7-flash,0,1.0,1,2026-08-16T03:07:52.978573+00:00
appstore_389801252_14425060953,qwen/qwen3.7-flash,0,1.0,1,2026-08-16T03:07:53.575917+00:00
appstore_389801252_14425102746,qwen/qwen3.7-flash,0,5.0,5,2026-08-16T03:07:53.998878+00:00
appstore_389801252_14424972767,qwen/qwen3.7-flash,0,1.0,1,2026-08-16T03:07:56.112005+00:00
appstore_389801252_14425047812,qwen/qwen3.7-flash,0,1.0,1,2026-08-16T03:07:56.114212+00:00
appstore_389801252_14424961657,qwen/qwen3.7-flash,0,5.0,5,2026-08-16T03:07:57.743117+00:00
appstore_389801252_14425036985,qwen/qwen3.7-flash,0,3.0,3,2026-08-16T03:07:58.540506+00:00
appstore_389801252_14424920022,qwen/qwen3.7-flash,0,1.0,1,2026-08-16T03:08:00.248716+00:00
appstore_389801252_14424822255,qwen/qwen3.7-flash,0,1.0,1,2026-08-16T03:08:00.252012+00:00
appstore_389801252_14424820065,qwen/qwen3.7-flash,0,5.0,5,2026-08-16T03:08:01.511860+00:00
appstore_389801252_14424762914,qwen/qwen3.7-flash,0,1.0,1,2026-08-16T03:08:01.988866+00:00
appstore_389801252_14424715021,qwen/qwen3.7-flash,0,5.0,5,2026-08-16T03:08:04.317511+00:00
appstore_389801252_14424573717,qwen/qwen3.7-flash,0,1.0,1,2026-08-16T03:08:06.088699+00:00
appstore_389801252_14424605514,qwen/qwen3.7-flash,0,1.0,1,2026-08-16T03:08:06.113468+00:00
appstore_389801252_14424722100,qwen/qwen3.7-flash,0,4.0,4,2026-08-16T03:08:06.390657+00:00
appstore_389801252_14424703330,qwen/qwen3.7-flash,0,1.0,1,2026-08-16T03:08:07.702097+00:00
appstore_389801252_14424488016,qwen/qwen3.7-flash,0,5.0,5,2026-08-16T03:08:07.937245+00:00
appstore_389801252_14424493666,qwen/qwen3.7-flash,0,1.0,1,2026-08-16T03:08:09.464123+00:00
appstore_389801252_14424290142,qwen/qwen3.7-flash,0,5.0,5,2026-08-16T03:08:09.936716+00:00
appstore_389801252_14424486255,qwen/qwen3.7-flash,0,1.0,1,2026-08-16T03:08:11.171364+00:00
appstore_389801252_14424197463,qwen/qwen3.7-flash,0,1.0,1,2026-08-16T03:08:13.355234+00:00
appstore_389801252_14424093809,qwen/qwen3.7-flash,0,1.0,1,2026-08-16T03:08:14.585253+00:00
appstore_389801252_14424238234,qwen/qwen3.7-flash,0,3.0,3,2026-08-16T03:08:14.587985+00:00
appstore_389801252_14424083664,qwen/qwen3.7-flash,0,1.0,1,2026-08-16T03:08:16.736112+00:00
appstore_389801252_14424051023,qwen/qwen3.7-flash,0,1.0,1,2026-08-16T03:08:17.964560+00:00
appstore_389801252_14423968861,qwen/qwen3.7-flash,0,1.0,1,2026-08-16T03:08:18.117593+00:00
appstore_389801252_14423905840,qwen/qwen3.7-flash,0,1.0,1,2026-08-16T03:08:20.523904+00:00
appstore_389801252_14423859226,qwen/qwen3.7-flash,0,1.0,1,2026-08-16T03:08:21.165864+00:00
appstore_389801252_14423942005,qwen/qwen3.7-flash,0,2.0,2,2026-08-16T03:08:21.494234+00:00
appstore_389801252_14423838365,qwen/qwen3.7-flash,0,5.0,5,2026-08-16T03:08:22.194509+00:00
appstore_389801252_14423831588,qwen/qwen3.7-flash,0,1.0,1,2026-08-16T03:08:23.965060+00:00
appstore_389801252_14423680782,qwen/qwen3.7-flash,0,1.0,1,2026-08-16T03:08:25.206973+00:00
appstore_389801252_14423801304,qwen/qwen3.7-flash,0,3.0,3,2026-08-16T03:08:27.794527+00:00
appstore_389801252_14423640201,qwen/qwen3.7-flash,0,5.0,5,2026-08-16T03:08:27.915475+00:00
appstore_389801252_14423631654,qwen/qwen3.7-flash,0,1.0,1,2026-08-16T03:08:28.311318+00:00
appstore_389801252_14423773631,qwen/qwen3.7-flash,0,3.0,3,2026-08-16T03:08:29.736625+00:00
appstore_389801252_14423469816,qwen/qwen3.7-flash,0,5.0,5,2026-08-16T03:08:31.180317+00:00
appstore_389801252_14423603375,qwen/qwen3.7-flash,0,1.0,1,2026-08-16T03:08:31.588559+00:00
appstore_389801252_14423500560,qwen/qwen3.7-flash,0,1.0,1,2026-08-16T03:08:31.840846+00:00
appstore_389801252_14423375502,qwen/qwen3.7-flash,0,1.0,1,2026-08-16T03:08:34.547471+00:00
appstore_389801252_14423466662,qwen/qwen3.7-flash,0,1.0,1,2026-08-16T03:08:34.748288+00:00
appstore_389801252_14423303545,qwen/qwen3.7-flash,0,1.0,1,2026-08-16T03:08:35.345718+00:00
appstore_389801252_14423330453,qwen/qwen3.7-flash,0,4.0,4,2026-08-16T03:08:35.873828+00:00
appstore_389801252_14423277803,qwen/qwen3.7-flash,0,5.0,5,2026-08-16T03:08:38.057786+00:00
appstore_389801252_14423298319,qwen/qwen3.7-flash,0,1.0,1,2026-08-16T03:08:39.503428+00:00
appstore_389801252_14423258408,qwen/qwen3.7-flash,0,5.0,5,2026-08-16T03:08:40.278653+00:00
appstore_389801252_14423249082,qwen/qwen3.7-flash,0,5.0,5,2026-08-16T03:08:41.883462+00:00
appstore_389801252_14423272396,qwen/qwen3.7-flash,0,4.0,4,2026-08-16T03:08:41.927667+00:00
appstore_389801252_14423282109,qwen/qwen3.7-flash,0,3.0,3,2026-08-16T03:08:42.848633+00:00
appstore_389801252_14423249148,qwen/qwen3.7-flash,0,1.0,1,2026-08-16T03:08:43.629443+00:00
appstore_389801252_14423218894,qwen/qwen3.7-flash,0,1.0,1,2026-08-16T03:08:44.669360+00:00
appstore_389801252_14423187855,qwen/qwen3.7-flash,0,1.0,1,2026-08-16T03:08:45.944947+00:00
appstore_389801252_14423125641,qwen/qwen3.7-flash,0,1.0,1,2026-08-16T03:08:47.875346+00:00
appstore_389801252_14423074542,qwen/qwen3.7-flash,0,5.0,5,2026-08-16T03:08:48.805294+00:00
appstore_389801252_14423047102,qwen/qwen3.7-flash,0,1.0,1,2026-08-16T03:08:50.254203+00:00
appstore_389801252_14423179092,qwen/qwen3.7-flash,0,3.0,3,2026-08-16T03:08:51.078146+00:00
appstore_389801252_14422999796,qwen/qwen3.7-flash,0,1.0,1,2026-08-16T03:08:52.552563+00:00
appstore_389801252_14422981199,qwen/qwen3.7-flash,0,1.0,1,2026-08-16T03:08:55.516039+00:00
appstore_389801252_14423010641,qwen/qwen3.7-flash,0,4.0,4,2026-08-16T03:08:55.856544+00:00
appstore_389801252_14422936864,qwen/qwen3.7-flash,0,5.0,5,2026-08-16T03:08:57.041608+00:00
appstore_389801252_14422948852,qwen/qwen3.7-flash,0,1.0,1,2026-08-16T03:08:57.850243+00:00
appstore_389801252_14422866182,qwen/qwen3.7-flash,0,1.0,1,2026-08-16T03:08:58.952658+00:00
appstore_389801252_14422806221,qwen/qwen3.7-flash,0,1.0,1,2026-08-16T03:08:59.073898+00:00
appstore_389801252_14422445670,qwen/qwen3.7-flash,0,5.0,5,2026-08-16T03:09:00.528996+00:00
appstore_389801252_14422750479,qwen/qwen3.7-flash,0,3.0,3,2026-08-16T03:09:01.112779+00:00
appstore_389801252_14422655104,qwen/qwen3.7-flash,0,5.0,5,2026-08-16T03:09:02.331377+00:00
appstore_389801252_14422367861,qwen/qwen3.7-flash,0,5.0,5,2026-08-16T03:09:03.337416+00:00
appstore_389801252_14422335423,qwen/qwen3.7-flash,0,1.0,1,2026-08-16T03:09:05.135973+00:00
appstore_389801252_14422163758,qwen/qwen3.7-flash,0,5.0,5,2026-08-16T03:09:05.310859+00:00
appstore_389801252_14422222049,qwen/qwen3.7-flash,0,4.0,4,2026-08-16T03:09:06.010707+00:00
appstore_389801252_14421701068,qwen/qwen3.7-flash,0,1.0,1,2026-08-16T03:09:08.312276+00:00
appstore_389801252_14421912425,qwen/qwen3.7-flash,0,1.0,1,2026-08-16T03:09:08.323694+00:00
appstore_389801252_14422094220,qwen/qwen3.7-flash,0,1.0,1,2026-08-16T03:09:09.838032+00:00
appstore_389801252_14421638012,qwen/qwen3.7-flash,0,5.0,5,2026-08-16T03:09:10.223027+00:00
appstore_389801252_14421542644,qwen/qwen3.7-flash,0,1.0,1,2026-08-16T03:09:11.632917+00:00
appstore_389801252_14421575734,qwen/qwen3.7-flash,0,5.0,5,2026-08-16T03:09:12.491273+00:00
appstore_389801252_14421481491,qwen/qwen3.7-flash,0,1.0,1,2026-08-16T03:09:13.039321+00:00
appstore_389801252_14421471029,qwen/qwen3.7-flash,0,5.0,5,2026-08-16T03:09:13.171029+00:00
appstore_389801252_14421343524,qwen/qwen3.7-flash,0,1.0,1,2026-08-16T03:09:14.812988+00:00
appstore_389801252_14421258838,qwen/qwen3.7-flash,0,5.0,5,2026-08-16T03:09:15.574038+00:00
appstore_389801252_14421228497,qwen/qwen3.7-flash,0,5.0,5,2026-08-16T03:09:15.979777+00:00
appstore_389801252_14421220050,qwen/qwen3.7-flash,0,5.0,5,2026-08-16T03:09:17.775870+00:00
appstore_389801252_14421176404,qwen/qwen3.7-flash,0,1.0,1,2026-08-16T03:09:18.750162+00:00
appstore_389801252_14421152674,qwen/qwen3.7-flash,0,5.0,5,2026-08-16T03:09:19.163671+00:00
appstore_389801252_14421221257,qwen/qwen3.7-flash,0,1.0,1,2026-08-16T03:09:19.505790+00:00
appstore_389801252_14421134324,qwen/qwen3.7-flash,0,1.0,1,2026-08-16T03:09:20.531654+00:00
appstore_389801252_14421096393,qwen/qwen3.7-flash,0,5.0,5,2026-08-16T03:09:22.065979+00:00
appstore_389801252_14421026999,qwen/qwen3.7-flash,0,1.0,1,2026-08-16T03:09:22.644707+00:00
appstore_389801252_14421087304,qwen/qwen3.7-flash,0,1.0,1,2026-08-16T03:09:24.210634+00:00
appstore_389801252_14420968084,qwen/qwen3.7-flash,0,5.0,5,2026-08-16T03:09:24.753596+00:00
appstore_389801252_14420945118,qwen/qwen3.7-flash,0,1.0,1,2026-08-16T03:09:25.956961+00:00
appstore_389801252_14421024755,qwen/qwen3.7-flash,0,4.0,4,2026-08-16T03:09:28.108061+00:00
appstore_389801252_14420986853,qwen/qwen3.7-flash,0,1.0,1,2026-08-16T03:09:28.129941+00:00
appstore_389801252_14420925124,qwen/qwen3.7-flash,0,1.0,1,2026-08-16T03:09:29.338942+00:00
appstore_389801252_14420845887,qwen/qwen3.7-flash,0,1.0,1,2026-08-16T03:09:32.036622+00:00
appstore_389801252_14420805205,qwen/qwen3.7-flash,0,1.0,1,2026-08-16T03:09:32.444127+00:00
appstore_389801252_14420804725,qwen/qwen3.7-flash,0,1.0,1,2026-08-16T03:09:32.910440+00:00
appstore_389801252_14420787819,qwen/qwen3.7-flash,0,1.0,1,2026-08-16T03:09:34.985184+00:00
appstore_389801252_14420666865,qwen/qwen3.7-flash,0,1.0,1,2026-08-16T03:09:36.224473+00:00
appstore_389801252_14420670955,qwen/qwen3.7-flash,0,1.0,1,2026-08-16T03:09:36.453621+00:00
appstore_389801252_14420878860,qwen/qwen3.7-flash,0,3.0,3,2026-08-16T03:09:37.130945+00:00
appstore_389801252_14420697811,qwen/qwen3.7-flash,0,1.0,1,2026-08-16T03:09:39.136784+00:00
appstore_389801252_14420548238,qwen/qwen3.7-flash,0,5.0,5,2026-08-16T03:09:40.417298+00:00
appstore_389801252_14420608883,qwen/qwen3.7-flash,0,1.0,1,2026-08-16T03:09:40.704372+00:00
appstore_389801252_14420557105,qwen/qwen3.7-flash,0,1.0,1,2026-08-16T03:09:41.167393+00:00
appstore_389801252_14420517710,qwen/qwen3.7-flash,0,5.0,5,2026-08-16T03:09:42.540871+00:00
appstore_389801252_14420492885,qwen/qwen3.7-flash,0,5.0,5,2026-08-16T03:09:44.267055+00:00
appstore_389801252_14420476732,qwen/qwen3.7-flash,0,1.0,1,2026-08-16T03:09:44.564744+00:00
appstore_389801252_14420434453,qwen/qwen3.7-flash,0,1.0,1,2026-08-16T03:09:46.130464+00:00
appstore_389801252_14420400432,qwen/qwen3.7-flash,0,5.0,5,2026-08-16T03:09:46.177311+00:00
appstore_389801252_14420437447,qwen/qwen3.7-flash,0,5.0,5,2026-08-16T03:09:48.691190+00:00
appstore_389801252_14420394091,qwen/qwen3.7-flash,0,5.0,5,2026-08-16T03:09:48.922744+00:00
appstore_389801252_14420373045,qwen/qwen3.7-flash,0,1.0,1,2026-08-16T03:09:49.646328+00:00
appstore_389801252_14420380622,qwen/qwen3.7-flash,0,5.0,5,2026-08-16T03:09:49.887443+00:00
appstore_389801252_14420308467,qwen/qwen3.7-flash,0,5.0,5,2026-08-16T03:09:52.474604+00:00
appstore_389801252_14420300336,qwen/qwen3.7-flash,0,5.0,5,2026-08-16T03:09:52.477711+00:00
appstore_389801252_14420299824,qwen/qwen3.7-flash,0,5.0,5,2026-08-16T03:09:52.491408+00:00
appstore_389801252_14420282770,qwen/qwen3.7-flash,0,1.0,1,2026-08-16T03:09:53.277590+00:00
appstore_389801252_14420208485,qwen/qwen3.7-flash,0,1.0,1,2026-08-16T03:09:55.451053+00:00
appstore_389801252_14420246471,qwen/qwen3.7-flash,0,5.0,5,2026-08-16T03:09:55.739541+00:00
appstore_389801252_14420233542,qwen/qwen3.7-flash,0,1.0,1,2026-08-16T03:09:56.763445+00:00
appstore_389801252_14420204716,qwen/qwen3.7-flash,0,1.0,1,2026-08-16T03:09:59.329320+00:00
appstore_389801252_14420174804,qwen/qwen3.7-flash,0,1.0,1,2026-08-16T03:10:00.161955+00:00
appstore_389801252_14419987135,qwen/qwen3.7-flash,0,5.0,5,2026-08-16T03:10:01.137625+00:00
appstore_389801252_14419868466,qwen/qwen3.7-flash,0,5.0,5,2026-08-16T03:10:01.237168+00:00
appstore_389801252_14420262302,qwen/qwen3.7-flash,0,3.0,3,2026-08-16T03:10:02.757069+00:00
appstore_389801252_14419748495,qwen/qwen3.7-flash,0,1.0,1,2026-08-16T03:10:03.366904+00:00
appstore_389801252_14419767103,qwen/qwen3.7-flash,0,1.0,1,2026-08-16T03:10:03.806664+00:00
appstore_389801252_14419836397,qwen/qwen3.7-flash,0,1.0,1,2026-08-16T03:10:06.914314+00:00
appstore_389801252_14419677424,qwen/qwen3.7-flash,0,1.0,1,2026-08-16T03:10:06.994570+00:00
appstore_389801252_14419673180,qwen/qwen3.7-flash,0,1.0,1,2026-08-16T03:10:07.522206+00:00
appstore_389801252_14419669101,qwen/qwen3.7-flash,0,5.0,5,2026-08-16T03:10:07.554118+00:00
appstore_389801252_14419610318,qwen/qwen3.7-flash,0,1.0,1,2026-08-16T03:10:10.061986+00:00
appstore_389801252_14419640684,qwen/qwen3.7-flash,0,1.0,1,2026-08-16T03:10:10.580189+00:00
appstore_389801252_14419542194,qwen/qwen3.7-flash,0,1.0,1,2026-08-16T03:10:11.849833+00:00
appstore_389801252_14419554865,qwen/qwen3.7-flash,0,1.0,1,2026-08-16T03:10:12.879405+00:00
appstore_389801252_14419542039,qwen/qwen3.7-flash,0,5.0,5,2026-08-16T03:10:13.577357+00:00
appstore_389801252_14419520531,qwen/qwen3.7-flash,0,1.0,1,2026-08-16T03:10:13.903883+00:00
appstore_389801252_14419487913,qwen/qwen3.7-flash,0,5.0,5,2026-08-16T03:10:16.181116+00:00
appstore_389801252_14419362300,qwen/qwen3.7-flash,0,5.0,5,2026-08-16T03:10:16.246813+00:00
appstore_389801252_14419356447,qwen/qwen3.7-flash,0,1.0,1,2026-08-16T03:10:19.519093+00:00
appstore_389801252_14419447357,qwen/qwen3.7-flash,0,1.0,1,2026-08-16T03:10:19.571623+00:00
appstore_389801252_14419304799,qwen/qwen3.7-flash,0,1.0,1,2026-08-16T03:10:20.039674+00:00
appstore_389801252_14419408513,qwen/qwen3.7-flash,0,2.0,2,2026-08-16T03:10:22.073773+00:00
appstore_389801252_14419112453,qwen/qwen3.7-flash,0,1.0,1,2026-08-16T03:10:22.168475+00:00
appstore_389801252_14419172548,qwen/qwen3.7-flash,0,1.0,1,2026-08-16T03:10:23.406131+00:00
appstore_389801252_14419116275,qwen/qwen3.7-flash,0,1.0,1,2026-08-16T03:10:23.817359+00:00
appstore_389801252_14419080557,qwen/qwen3.7-flash,0,5.0,5,2026-08-16T03:10:26.540207+00:00
appstore_389801252_14418975862,qwen/qwen3.7-flash,0,1.0,1,2026-08-16T03:10:27.212908+00:00
appstore_389801252_14418898754,qwen/qwen3.7-flash,0,1.0,1,2026-08-16T03:10:28.131656+00:00
appstore_389801252_14419065391,qwen/qwen3.7-flash,0,4.0,4,2026-08-16T03:10:29.432770+00:00
appstore_389801252_14418798991,qwen/qwen3.7-flash,0,5.0,5,2026-08-16T03:10:30.677352+00:00
appstore_389801252_14418881846,qwen/qwen3.7-flash,0,5.0,5,2026-08-16T03:10:30.702595+00:00
appstore_389801252_14418765569,qwen/qwen3.7-flash,0,1.0,1,2026-08-16T03:10:33.273613+00:00
appstore_389801252_14418719490,qwen/qwen3.7-flash,0,1.0,1,2026-08-16T03:10:33.481568+00:00
appstore_389801252_14418683836,qwen/qwen3.7-flash,0,5.0,5,2026-08-16T03:10:33.666086+00:00
appstore_389801252_14418435862,qwen/qwen3.7-flash,0,1.0,1,2026-08-16T03:10:35.365512+00:00
appstore_389801252_14418579850,qwen/qwen3.7-flash,0,1.0,1,2026-08-16T03:10:37.924591+00:00
appstore_389801252_14418684513,qwen/qwen3.7-flash,0,4.0,4,2026-08-16T03:10:38.447734+00:00
appstore_389801252_14418204823,qwen/qwen3.7-flash,0,5.0,5,2026-08-16T03:10:39.918668+00:00
appstore_389801252_14418296342,qwen/qwen3.7-flash,0,1.0,1,2026-08-16T03:10:40.632481+00:00
appstore_389801252_14418441479,qwen/qwen3.7-flash,0,1.0,1,2026-08-16T03:10:40.990421+00:00
appstore_389801252_14418278450,qwen/qwen3.7-flash,0,1.0,1,2026-08-16T03:10:43.374642+00:00
appstore_389801252_14418133864,qwen/qwen3.7-flash,0,1.0,1,2026-08-16T03:10:43.383236+00:00
appstore_389801252_14418082596,qwen/qwen3.7-flash,0,5.0,5,2026-08-16T03:10:43.988291+00:00
appstore_389801252_14418083582,qwen/qwen3.7-flash,0,1.0,1,2026-08-16T03:10:45.320655+00:00
appstore_389801252_14418078540,qwen/qwen3.7-flash,0,1.0,1,2026-08-16T03:10:48.672943+00:00
appstore_389801252_14417814010,qwen/qwen3.7-flash,0,1.0,1,2026-08-16T03:10:49.489398+00:00
appstore_389801252_14417736332,qwen/qwen3.7-flash,0,5.0,5,2026-08-16T03:10:50.452207+00:00
appstore_389801252_14417810257,qwen/qwen3.7-flash,0,5.0,5,2026-08-16T03:10:50.462948+00:00
appstore_389801252_14417725563,qwen/qwen3.7-flash,0,1.0,1,2026-08-16T03:10:52.930885+00:00
appstore_389801252_14418050608,qwen/qwen3.7-flash,0,1.0,1,2026-08-16T03:10:53.409384+00:00
appstore_389801252_14417676728,qwen/qwen3.7-flash,0,1.0,1,2026-08-16T03:10:53.412623+00:00
appstore_389801252_14417679252,qwen/qwen3.7-flash,0,1.0,1,2026-08-16T03:10:55.662981+00:00
appstore_389801252_14417447547,qwen/qwen3.7-flash,0,1.0,1,2026-08-16T03:10:57.616231+00:00
appstore_389801252_14417579476,qwen/qwen3.7-flash,0,1.0,1,2026-08-16T03:10:57.944105+00:00
appstore_389801252_14417628246,qwen/qwen3.7-flash,0,1.0,1,2026-08-16T03:10:59.024421+00:00
appstore_389801252_14417399099,qwen/qwen3.7-flash,0,1.0,1,2026-08-16T03:10:59.787582+00:00
appstore_389801252_14417347862,qwen/qwen3.7-flash,0,5.0,5,2026-08-16T03:11:02.159665+00:00
appstore_389801252_14417353261,qwen/qwen3.7-flash,0,5.0,5,2026-08-16T03:11:03.034763+00:00
appstore_389801252_14417378704,qwen/qwen3.7-flash,0,1.0,1,2026-08-16T03:11:03.854461+00:00
appstore_389801252_14417251046,qwen/qwen3.7-flash,0,1.0,1,2026-08-16T03:11:05.479354+00:00
appstore_389801252_14417197908,qwen/qwen3.7-flash,0,1.0,1,2026-08-16T03:11:07.235047+00:00
appstore_389801252_14417156729,qwen/qwen3.7-flash,0,1.0,1,2026-08-16T03:11:07.928826+00:00
appstore_389801252_14417248764,qwen/qwen3.7-flash,0,1.0,1,2026-08-16T03:11:08.884613+00:00
appstore_389801252_14417289757,qwen/qwen3.7-flash,0,2.0,2,2026-08-16T03:11:09.206028+00:00
appstore_389801252_14417130659,qwen/qwen3.7-flash,0,5.0,5,2026-08-16T03:11:09.791478+00:00
appstore_389801252_14417027988,qwen/qwen3.7-flash,0,5.0,5,2026-08-16T03:11:13.984849+00:00
appstore_389801252_14417012856,qwen/qwen3.7-flash,0,1.0,1,2026-08-16T03:11:14.015329+00:00
appstore_389801252_14416966505,qwen/qwen3.7-flash,0,5.0,5,2026-08-16T03:11:15.712666+00:00
appstore_389801252_14417022505,qwen/qwen3.7-flash,0,2.0,2,2026-08-16T03:11:15.755220+00:00
appstore_389801252_14416920987,qwen/qwen3.7-flash,0,1.0,1,2026-08-16T03:11:16.923241+00:00
appstore_389801252_14417110313,qwen/qwen3.7-flash,0,2.0,2,2026-08-16T03:11:17.669684+00:00
appstore_389801252_14416846978,qwen/qwen3.7-flash,0,1.0,1,2026-08-16T03:11:19.663025+00:00
appstore_389801252_14416857407,qwen/qwen3.7-flash,0,1.0,1,2026-08-16T03:11:20.846566+00:00
appstore_389801252_14416832289,qwen/qwen3.7-flash,0,1.0,1,2026-08-16T03:11:24.758619+00:00
appstore_284882215_14428821148,qwen/qwen3.7-flash,0,1.0,1,2026-08-16T03:11:25.192378+00:00
appstore_284882215_14428808937,qwen/qwen3.7-flash,0,1.0,1,2026-08-16T03:11:25.664363+00:00
appstore_284882215_14428839648,qwen/qwen3.7-flash,0,1.0,1,2026-08-16T03:11:26.335959+00:00
appstore_284882215_14428782256,qwen/qwen3.7-flash,0,5.0,5,2026-08-16T03:11:27.880223+00:00
appstore_284882215_14428758899,qwen/qwen3.7-flash,0,1.0,1,2026-08-16T03:11:28.045316+00:00
appstore_284882215_14428760901,qwen/qwen3.7-flash,0,1.0,1,2026-08-16T03:11:29.321391+00:00
appstore_284882215_14428770904,qwen/qwen3.7-flash,0,1.0,1,2026-08-16T03:11:29.878985+00:00
appstore_284882215_14428740212,qwen/qwen3.7-flash,0,1.0,1,2026-08-16T03:11:30.522427+00:00
appstore_284882215_14428731605,qwen/qwen3.7-flash,0,1.0,1,2026-08-16T03:11:31.306529+00:00
appstore_284882215_14428692246,qwen/qwen3.7-flash,0,5.0,5,2026-08-16T03:11:32.861326+00:00
appstore_284882215_14428677868,qwen/qwen3.7-flash,0,1.0,1,2026-08-16T03:11:35.657579+00:00
appstore_284882215_14428682603,qwen/qwen3.7-flash,0,1.0,1,2026-08-16T03:11:37.886184+00:00
appstore_284882215_14428669442,qwen/qwen3.7-flash,0,4.0,4,2026-08-16T03:11:40.056657+00:00
appstore_284882215_14428713395,qwen/qwen3.7-flash,0,4.0,4,2026-08-16T03:11:40.787304+00:00
appstore_284882215_14428619037,qwen/qwen3.7-flash,0,1.0,1,2026-08-16T03:11:42.272355+00:00
appstore_284882215_14428615670,qwen/qwen3.7-flash,0,1.0,1,2026-08-16T03:11:42.358363+00:00
appstore_284882215_14428603357,qwen/qwen3.7-flash,0,1.0,1,2026-08-16T03:11:42.537157+00:00
appstore_284882215_14428601768,qwen/qwen3.7-flash,0,5.0,5,2026-08-16T03:11:43.275859+00:00
appstore_284882215_14428544471,qwen/qwen3.7-flash,0,5.0,5,2026-08-16T03:11:45.814562+00:00
appstore_284882215_14428570810,qwen/qwen3.7-flash,0,1.0,1,2026-08-16T03:11:47.244187+00:00
appstore_284882215_14428523619,qwen/qwen3.7-flash,0,1.0,1,2026-08-16T03:11:49.301700+00:00
appstore_284882215_14428499646,qwen/qwen3.7-flash,0,5.0,5,2026-08-16T03:11:50.551962+00:00
appstore_284882215_14428501072,qwen/qwen3.7-flash,0,1.0,1,2026-08-16T03:11:50.961870+00:00
appstore_284882215_14428496868,qwen/qwen3.7-flash,0,5.0,5,2026-08-16T03:11:51.062819+00:00
appstore_284882215_14428481791,qwen/qwen3.7-flash,0,5.0,5,2026-08-16T03:11:52.813053+00:00
appstore_284882215_14428496539,qwen/qwen3.7-flash,0,1.0,1,2026-08-16T03:11:52.887067+00:00
appstore_284882215_14428537498,qwen/qwen3.7-flash,0,4.0,4,2026-08-16T03:11:54.920820+00:00
appstore_284882215_14428458789,qwen/qwen3.7-flash,0,5.0,5,2026-08-16T03:11:56.760641+00:00
appstore_284882215_14428479886,qwen/qwen3.7-flash,0,1.0,1,2026-08-16T03:11:56.838728+00:00
appstore_284882215_14428433036,qwen/qwen3.7-flash,0,5.0,5,2026-08-16T03:11:56.932588+00:00
appstore_284882215_14428349692,qwen/qwen3.7-flash,0,5.0,5,2026-08-16T03:11:57.703863+00:00
appstore_284882215_14428324998,qwen/qwen3.7-flash,0,1.0,1,2026-08-16T03:12:00.330160+00:00
appstore_284882215_14428330404,qwen/qwen3.7-flash,0,1.0,1,2026-08-16T03:12:00.434420+00:00
appstore_284882215_14428333527,qwen/qwen3.7-flash,0,1.0,1,2026-08-16T03:12:00.566086+00:00
appstore_284882215_14428280973,qwen/qwen3.7-flash,0,1.0,1,2026-08-16T03:12:03.689258+00:00
appstore_284882215_14428252690,qwen/qwen3.7-flash,0,5.0,5,2026-08-16T03:12:04.336494+00:00
appstore_284882215_14428255978,qwen/qwen3.7-flash,0,4.0,4,2026-08-16T03:12:04.910559+00:00
appstore_284882215_14428280284,qwen/qwen3.7-flash,0,5.0,5,2026-08-16T03:12:05.541240+00:00
appstore_284882215_14428250205,qwen/qwen3.7-flash,0,5.0,5,2026-08-16T03:12:08.885058+00:00
appstore_284882215_14428179082,qwen/qwen3.7-flash,0,1.0,1,2026-08-16T03:12:09.473252+00:00
appstore_284882215_14428230928,qwen/qwen3.7-flash,0,1.0,1,2026-08-16T03:12:09.493170+00:00
appstore_284882215_14428245793,qwen/qwen3.7-flash,0,4.0,4,2026-08-16T03:12:12.321455+00:00
appstore_284882215_14428108520,qwen/qwen3.7-flash,0,5.0,5,2026-08-16T03:12:13.369779+00:00
appstore_284882215_14428147491,qwen/qwen3.7-flash,0,5.0,5,2026-08-16T03:12:13.911986+00:00
appstore_284882215_14428117504,qwen/qwen3.7-flash,0,5.0,5,2026-08-16T03:12:14.049092+00:00
appstore_284882215_14428082991,qwen/qwen3.7-flash,0,5.0,5,2026-08-16T03:12:16.987690+00:00
appstore_284882215_14428107407,qwen/qwen3.7-flash,0,5.0,5,2026-08-16T03:12:17.513122+00:00
appstore_284882215_14428089406,qwen/qwen3.7-flash,0,1.0,1,2026-08-16T03:12:17.569962+00:00
appstore_284882215_14428044158,qwen/qwen3.7-flash,0,5.0,5,2026-08-16T03:12:18.010014+00:00
appstore_284882215_14428031513,qwen/qwen3.7-flash,0,5.0,5,2026-08-16T03:12:19.208816+00:00
appstore_284882215_14427983497,qwen/qwen3.7-flash,0,1.0,1,2026-08-16T03:12:20.605192+00:00
appstore_284882215_14427980511,qwen/qwen3.7-flash,0,3.0,3,2026-08-16T03:12:22.946241+00:00
appstore_284882215_14428042007,qwen/qwen3.7-flash,0,4.0,4,2026-08-16T03:12:23.273440+00:00
appstore_284882215_14427979508,qwen/qwen3.7-flash,0,1.0,1,2026-08-16T03:12:24.486015+00:00
appstore_284882215_14427879531,qwen/qwen3.7-flash,0,5.0,5,2026-08-16T03:12:25.974731+00:00
appstore_284882215_14427848697,qwen/qwen3.7-flash,0,5.0,5,2026-08-16T03:12:27.483691+00:00
appstore_284882215_14427963376,qwen/qwen3.7-flash,0,1.0,1,2026-08-16T03:12:27.705136+00:00
appstore_284882215_14427847118,qwen/qwen3.7-flash,0,5.0,5,2026-08-16T03:12:29.076282+00:00
appstore_284882215_14427971682,qwen/qwen3.7-flash,0,3.0,3,2026-08-16T03:12:30.045866+00:00
appstore_284882215_14427822623,qwen/qwen3.7-flash,0,5.0,5,2026-08-16T03:12:30.847586+00:00
appstore_284882215_14427813618,qwen/qwen3.7-flash,0,5.0,5,2026-08-16T03:12:31.863343+00:00
appstore_284882215_14427819859,qwen/qwen3.7-flash,0,1.0,1,2026-08-16T03:12:32.150726+00:00
appstore_284882215_14427805730,qwen/qwen3.7-flash,0,1.0,1,2026-08-16T03:12:33.865721+00:00
appstore_284882215_14427802433,qwen/qwen3.7-flash,0,1.0,1,2026-08-16T03:12:34.901826+00:00
appstore_284882215_14427789270,qwen/qwen3.7-flash,0,1.0,1,2026-08-16T03:12:36.952689+00:00
appstore_284882215_14427789380,qwen/qwen3.7-flash,0,1.0,1,2026-08-16T03:12:37.306560+00:00
appstore_284882215_14427788565,qwen/qwen3.7-flash,0,5.0,5,2026-08-16T03:12:38.171414+00:00
appstore_284882215_14427770540,qwen/qwen3.7-flash,0,5.0,5,2026-08-16T03:12:39.588670+00:00
appstore_284882215_14427768659,qwen/qwen3.7-flash,0,4.0,4,2026-08-16T03:12:39.592237+00:00
appstore_284882215_14427743867,qwen/qwen3.7-flash,0,1.0,1,2026-08-16T03:12:41.582805+00:00
appstore_284882215_14427740159,qwen/qwen3.7-flash,0,1.0,1,2026-08-16T03:12:42.262361+00:00
appstore_284882215_14427633357,qwen/qwen3.7-flash,0,5.0,5,2026-08-16T03:12:44.188169+00:00
appstore_284882215_14427691427,qwen/qwen3.7-flash,0,1.0,1,2026-08-16T03:12:45.414775+00:00
appstore_284882215_14427577893,qwen/qwen3.7-flash,0,1.0,1,2026-08-16T03:12:46.181889+00:00
appstore_284882215_14427708197,qwen/qwen3.7-flash,0,2.0,2,2026-08-16T03:12:47.668030+00:00
appstore_284882215_14427540451,qwen/qwen3.7-flash,0,5.0,5,2026-08-16T03:12:48.561070+00:00
appstore_284882215_14427477377,qwen/qwen3.7-flash,0,5.0,5,2026-08-16T03:12:49.613399+00:00
appstore_284882215_14427534705,qwen/qwen3.7-flash,0,4.0,4,2026-08-16T03:12:54.044247+00:00
appstore_284882215_14427457942,qwen/qwen3.7-flash,0,2.0,2,2026-08-16T03:12:54.942616+00:00
appstore_284882215_14427437925,qwen/qwen3.7-flash,0,1.0,1,2026-08-16T03:12:56.614621+00:00
appstore_284882215_14427436540,qwen/qwen3.7-flash,0,3.0,3,2026-08-16T03:12:57.850525+00:00
appstore_284882215_14427427936,qwen/qwen3.7-flash,0,1.0,1,2026-08-16T03:12:58.826490+00:00
appstore_284882215_14427423582,qwen/qwen3.7-flash,0,1.0,1,2026-08-16T03:13:00.341067+00:00
appstore_284882215_14427352667,qwen/qwen3.7-flash,0,4.0,4,2026-08-16T03:13:00.551518+00:00
appstore_284882215_14427312285,qwen/qwen3.7-flash,0,1.0,1,2026-08-16T03:13:02.825751+00:00
appstore_284882215_14427287481,qwen/qwen3.7-flash,0,1.0,1,2026-08-16T03:13:05.081492+00:00
appstore_284882215_14427346047,qwen/qwen3.7-flash,0,1.0,1,2026-08-16T03:13:05.181612+00:00
appstore_284882215_14427241404,qwen/qwen3.7-flash,0,5.0,5,2026-08-16T03:13:05.887367+00:00
appstore_284882215_14427243110,qwen/qwen3.7-flash,0,1.0,1,2026-08-16T03:13:06.930731+00:00
appstore_284882215_14427227713,qwen/qwen3.7-flash,0,1.0,1,2026-08-16T03:13:10.342330+00:00
appstore_284882215_14427231941,qwen/qwen3.7-flash,0,1.0,1,2026-08-16T03:13:10.359498+00:00
appstore_284882215_14427222801,qwen/qwen3.7-flash,0,1.0,1,2026-08-16T03:13:11.175389+00:00
appstore_284882215_14427213612,qwen/qwen3.7-flash,0,5.0,5,2026-08-16T03:13:12.265650+00:00
appstore_284882215_14427229827,qwen/qwen3.7-flash,0,4.0,4,2026-08-16T03:13:13.240156+00:00
appstore_284882215_14427139966,qwen/qwen3.7-flash,0,5.0,5,2026-08-16T03:13:16.338733+00:00
appstore_284882215_14427108595,qwen/qwen3.7-flash,0,5.0,5,2026-08-16T03:13:16.931592+00:00
appstore_284882215_14427143617,qwen/qwen3.7-flash,0,1.0,1,2026-08-16T03:13:17.380345+00:00
appstore_284882215_14427107338,qwen/qwen3.7-flash,0,1.0,1,2026-08-16T03:13:18.506224+00:00
appstore_284882215_14427188298,qwen/qwen3.7-flash,0,3.0,3,2026-08-16T03:13:19.192874+00:00
appstore_284882215_14427079385,qwen/qwen3.7-flash,0,1.0,1,2026-08-16T03:13:21.072748+00:00
appstore_284882215_14427041258,qwen/qwen3.7-flash,0,5.0,5,2026-08-16T03:13:22.372199+00:00
appstore_284882215_14426932799,qwen/qwen3.7-flash,0,1.0,1,2026-08-16T03:13:23.576307+00:00
appstore_284882215_14426936020,qwen/qwen3.7-flash,0,1.0,1,2026-08-16T03:13:24.067119+00:00
appstore_284882215_14426917484,qwen/qwen3.7-flash,0,5.0,5,2026-08-16T03:13:24.993246+00:00
appstore_284882215_14426984170,qwen/qwen3.7-flash,0,2.0,2,2026-08-16T03:13:25.627654+00:00
appstore_284882215_14426894657,qwen/qwen3.7-flash,0,1.0,1,2026-08-16T03:13:25.922172+00:00
appstore_284882215_14426909890,qwen/qwen3.7-flash,0,1.0,1,2026-08-16T03:13:28.625685+00:00
appstore_284882215_14426892962,qwen/qwen3.7-flash,0,5.0,5,2026-08-16T03:13:29.218446+00:00
appstore_284882215_14426880560,qwen/qwen3.7-flash,0,5.0,5,2026-08-16T03:13:29.972474+00:00
appstore_284882215_14426873424,qwen/qwen3.7-flash,0,1.0,1,2026-08-16T03:13:31.455505+00:00
appstore_284882215_14426870441,qwen/qwen3.7-flash,0,5.0,5,2026-08-16T03:13:31.938430+00:00
appstore_284882215_14426841582,qwen/qwen3.7-flash,0,5.0,5,2026-08-16T03:13:32.396771+00:00
appstore_284882215_14426857755,qwen/qwen3.7-flash,0,1.0,1,2026-08-16T03:13:32.902636+00:00
appstore_284882215_14426827690,qwen/qwen3.7-flash,0,1.0,1,2026-08-16T03:13:34.827456+00:00
appstore_284882215_14426758117,qwen/qwen3.7-flash,0,5.0,5,2026-08-16T03:13:35.304933+00:00
appstore_284882215_14426803737,qwen/qwen3.7-flash,0,1.0,1,2026-08-16T03:13:36.538549+00:00
appstore_284882215_14426765076,qwen/qwen3.7-flash,0,1.0,1,2026-08-16T03:13:36.976480+00:00
appstore_284882215_14426756178,qwen/qwen3.7-flash,0,5.0,5,2026-08-16T03:13:39.628630+00:00
appstore_284882215_14426749547,qwen/qwen3.7-flash,0,1.0,1,2026-08-16T03:13:40.039365+00:00
appstore_284882215_14426710654,qwen/qwen3.7-flash,0,1.0,1,2026-08-16T03:13:40.893202+00:00
appstore_284882215_14426646234,qwen/qwen3.7-flash,0,5.0,5,2026-08-16T03:13:42.636525+00:00
appstore_284882215_14426737578,qwen/qwen3.7-flash,0,2.0,2,2026-08-16T03:13:44.236334+00:00
appstore_284882215_14426645910,qwen/qwen3.7-flash,0,1.0,1,2026-08-16T03:13:44.417567+00:00
appstore_284882215_14426686542,qwen/qwen3.7-flash,0,3.0,3,2026-08-16T03:13:45.932043+00:00
appstore_284882215_14426534557,qwen/qwen3.7-flash,0,5.0,5,2026-08-16T03:13:47.755606+00:00
appstore_284882215_14426532908,qwen/qwen3.7-flash,0,3.0,3,2026-08-16T03:13:48.187799+00:00
appstore_284882215_14426593408,qwen/qwen3.7-flash,0,1.0,1,2026-08-16T03:13:48.271285+00:00
appstore_284882215_14426530720,qwen/qwen3.7-flash,0,1.0,1,2026-08-16T03:13:49.706408+00:00
appstore_284882215_14426476021,qwen/qwen3.7-flash,0,1.0,1,2026-08-16T03:13:50.204351+00:00
appstore_284882215_14426519878,qwen/qwen3.7-flash,0,1.0,1,2026-08-16T03:13:50.874506+00:00
appstore_284882215_14426512070,qwen/qwen3.7-flash,0,5.0,5,2026-08-16T03:13:51.202733+00:00
appstore_284882215_14426466886,qwen/qwen3.7-flash,0,1.0,1,2026-08-16T03:13:52.423467+00:00
appstore_284882215_14426469405,qwen/qwen3.7-flash,0,1.0,1,2026-08-16T03:13:52.639561+00:00
appstore_284882215_14426465630,qwen/qwen3.7-flash,0,1.0,1,2026-08-16T03:13:54.122173+00:00
appstore_284882215_14426373669,qwen/qwen3.7-flash,0,1.0,1,2026-08-16T03:13:55.956218+00:00
appstore_284882215_14426421728,qwen/qwen3.7-flash,0,5.0,5,2026-08-16T03:13:56.004508+00:00
appstore_284882215_14426427494,qwen/qwen3.7-flash,0,1.0,1,2026-08-16T03:13:57.341781+00:00
appstore_284882215_14426326736,qwen/qwen3.7-flash,0,5.0,5,2026-08-16T03:13:57.569355+00:00
appstore_284882215_14426353652,qwen/qwen3.7-flash,0,1.0,1,2026-08-16T03:13:58.097667+00:00
appstore_284882215_14426336833,qwen/qwen3.7-flash,0,1.0,1,2026-08-16T03:13:59.710879+00:00
appstore_284882215_14426274092,qwen/qwen3.7-flash,0,5.0,5,2026-08-16T03:14:00.764100+00:00
appstore_284882215_14426177240,qwen/qwen3.7-flash,0,1.0,1,2026-08-16T03:14:01.585971+00:00
appstore_284882215_14426266935,qwen/qwen3.7-flash,0,1.0,1,2026-08-16T03:14:02.418742+00:00
appstore_284882215_14426001203,qwen/qwen3.7-flash,0,1.0,1,2026-08-16T03:14:03.394972+00:00
appstore_284882215_14426078119,qwen/qwen3.7-flash,0,4.0,4,2026-08-16T03:14:03.401457+00:00
appstore_284882215_14425787025,qwen/qwen3.7-flash,0,1.0,1,2026-08-16T03:14:05.606024+00:00
appstore_284882215_14425785313,qwen/qwen3.7-flash,0,1.0,1,2026-08-16T03:14:06.876876+00:00
appstore_284882215_14425750212,qwen/qwen3.7-flash,0,1.0,1,2026-08-16T03:14:08.623738+00:00
appstore_284882215_14425712811,qwen/qwen3.7-flash,0,1.0,1,2026-08-16T03:14:09.174225+00:00
appstore_284882215_14425761989,qwen/qwen3.7-flash,0,4.0,4,2026-08-16T03:14:09.847425+00:00
appstore_284882215_14425532475,qwen/qwen3.7-flash,0,1.0,1,2026-08-16T03:14:11.131638+00:00
appstore_284882215_14425696042,qwen/qwen3.7-flash,0,1.0,1,2026-08-16T03:14:12.382733+00:00
appstore_284882215_14425666132,qwen/qwen3.7-flash,0,1.0,1,2026-08-16T03:14:13.340877+00:00
appstore_284882215_14425489939,qwen/qwen3.7-flash,0,1.0,1,2026-08-16T03:14:14.825505+00:00
appstore_284882215_14425483082,qwen/qwen3.7-flash,0,1.0,1,2026-08-16T03:14:17.840609+00:00
appstore_284882215_14425358120,qwen/qwen3.7-flash,0,1.0,1,2026-08-16T03:14:19.230372+00:00
appstore_284882215_14425403739,qwen/qwen3.7-flash,0,1.0,1,2026-08-16T03:14:20.015605+00:00
appstore_284882215_14425355158,qwen/qwen3.7-flash,0,5.0,5,2026-08-16T03:14:21.350539+00:00
appstore_284882215_14425337615,qwen/qwen3.7-flash,0,5.0,5,2026-08-16T03:14:22.928280+00:00
appstore_284882215_14425408273,qwen/qwen3.7-flash,0,1.0,1,2026-08-16T03:14:24.151426+00:00
appstore_284882215_14425326582,qwen/qwen3.7-flash,0,1.0,1,2026-08-16T03:14:25.076219+00:00
appstore_284882215_14425300622,qwen/qwen3.7-flash,0,4.0,4,2026-08-16T03:14:25.424069+00:00
appstore_284882215_14425283240,qwen/qwen3.7-flash,0,5.0,5,2026-08-16T03:14:25.921431+00:00
appstore_284882215_14425238116,qwen/qwen3.7-flash,0,5.0,5,2026-08-16T03:14:28.473525+00:00
appstore_284882215_14425278373,qwen/qwen3.7-flash,0,5.0,5,2026-08-16T03:14:28.565207+00:00
appstore_284882215_14425252732,qwen/qwen3.7-flash,0,5.0,5,2026-08-16T03:14:28.869757+00:00
appstore_284882215_14425239722,qwen/qwen3.7-flash,0,1.0,1,2026-08-16T03:14:30.313237+00:00
appstore_284882215_14425204038,qwen/qwen3.7-flash,0,1.0,1,2026-08-16T03:14:30.907077+00:00
appstore_284882215_14425186765,qwen/qwen3.7-flash,0,5.0,5,2026-08-16T03:14:32.016156+00:00
appstore_284882215_14425212774,qwen/qwen3.7-flash,0,1.0,1,2026-08-16T03:14:32.107508+00:00
appstore_284882215_14425175881,qwen/qwen3.7-flash,0,1.0,1,2026-08-16T03:14:35.090770+00:00
appstore_284882215_14425062485,qwen/qwen3.7-flash,0,1.0,1,2026-08-16T03:14:35.443099+00:00
appstore_284882215_14425075368,qwen/qwen3.7-flash,0,1.0,1,2026-08-16T03:14:36.315822+00:00
appstore_284882215_14425056547,qwen/qwen3.7-flash,0,1.0,1,2026-08-16T03:14:36.985433+00:00
appstore_284882215_14425159796,qwen/qwen3.7-flash,0,1.0,1,2026-08-16T03:14:37.160019+00:00
appstore_284882215_14424908291,qwen/qwen3.7-flash,0,5.0,5,2026-08-16T03:14:40.434307+00:00
appstore_284882215_14424951603,qwen/qwen3.7-flash,0,5.0,5,2026-08-16T03:14:40.905669+00:00
appstore_284882215_14425022365,qwen/qwen3.7-flash,0,1.0,1,2026-08-16T03:14:41.090179+00:00
appstore_284882215_14424966681,qwen/qwen3.7-flash,0,1.0,1,2026-08-16T03:14:41.691367+00:00
appstore_284882215_14424861576,qwen/qwen3.7-flash,0,1.0,1,2026-08-16T03:14:44.090946+00:00
appstore_284882215_14424830387,qwen/qwen3.7-flash,0,1.0,1,2026-08-16T03:14:44.737067+00:00
appstore_284882215_14424775623,qwen/qwen3.7-flash,0,5.0,5,2026-08-16T03:14:48.009296+00:00
appstore_284882215_14424848138,qwen/qwen3.7-flash,0,1.0,1,2026-08-16T03:14:48.471555+00:00
appstore_284882215_14424780261,qwen/qwen3.7-flash,0,1.0,1,2026-08-16T03:14:50.164839+00:00
appstore_284882215_14424759903,qwen/qwen3.7-flash,0,1.0,1,2026-08-16T03:14:50.879497+00:00
appstore_284882215_14424787190,qwen/qwen3.7-flash,0,1.0,1,2026-08-16T03:14:51.175011+00:00
appstore_284882215_14424772449,qwen/qwen3.7-flash,0,1.0,1,2026-08-16T03:14:52.554015+00:00
appstore_284882215_14424731353,qwen/qwen3.7-flash,0,5.0,5,2026-08-16T03:14:52.824312+00:00
appstore_284882215_14424708403,qwen/qwen3.7-flash,0,5.0,5,2026-08-16T03:14:54.577611+00:00
appstore_284882215_14424710417,qwen/qwen3.7-flash,0,5.0,5,2026-08-16T03:14:54.975795+00:00
appstore_284882215_14424701783,qwen/qwen3.7-flash,0,1.0,1,2026-08-16T03:14:56.308195+00:00
appstore_284882215_14424687531,qwen/qwen3.7-flash,0,5.0,5,2026-08-16T03:14:57.132949+00:00
appstore_284882215_14424683464,qwen/qwen3.7-flash,0,1.0,1,2026-08-16T03:14:58.855906+00:00
appstore_284882215_14424697352,qwen/qwen3.7-flash,0,2.0,2,2026-08-16T03:14:59.830763+00:00
appstore_284882215_14424623417,qwen/qwen3.7-flash,0,1.0,1,2026-08-16T03:15:01.461708+00:00
appstore_284882215_14424594595,qwen/qwen3.7-flash,0,5.0,5,2026-08-16T03:15:02.806472+00:00
appstore_284882215_14424662503,qwen/qwen3.7-flash,0,4.0,4,2026-08-16T03:15:05.342146+00:00
appstore_284882215_14424568626,qwen/qwen3.7-flash,0,1.0,1,2026-08-16T03:15:05.893776+00:00
appstore_284882215_14424494136,qwen/qwen3.7-flash,0,5.0,5,2026-08-16T03:15:07.893807+00:00
appstore_284882215_14424614660,qwen/qwen3.7-flash,0,2.0,2,2026-08-16T03:15:08.119320+00:00
appstore_284882215_14424590946,qwen/qwen3.7-flash,0,4.0,4,2026-08-16T03:15:08.459983+00:00
appstore_284882215_14424439544,qwen/qwen3.7-flash,0,1.0,1,2026-08-16T03:15:12.206255+00:00
appstore_284882215_14424418708,qwen/qwen3.7-flash,0,1.0,1,2026-08-16T03:15:12.615383+00:00
appstore_284882215_14424492332,qwen/qwen3.7-flash,0,4.0,4,2026-08-16T03:15:14.447646+00:00
appstore_284882215_14424405546,qwen/qwen3.7-flash,0,5.0,5,2026-08-16T03:15:16.185455+00:00
appstore_284882215_14424389307,qwen/qwen3.7-flash,0,1.0,1,2026-08-16T03:15:16.957151+00:00
appstore_284882215_14424362947,qwen/qwen3.7-flash,0,5.0,5,2026-08-16T03:15:18.697995+00:00
appstore_284882215_14424377765,qwen/qwen3.7-flash,0,1.0,1,2026-08-16T03:15:21.149395+00:00
appstore_284882215_14424341505,qwen/qwen3.7-flash,0,5.0,5,2026-08-16T03:15:22.114100+00:00
appstore_284882215_14424330368,qwen/qwen3.7-flash,0,1.0,1,2026-08-16T03:15:23.571399+00:00
appstore_284882215_14424292238,qwen/qwen3.7-flash,0,5.0,5,2026-08-16T03:15:24.982023+00:00
appstore_284882215_14424431337,qwen/qwen3.7-flash,0,3.0,3,2026-08-16T03:15:25.199387+00:00
appstore_284882215_14424260318,qwen/qwen3.7-flash,0,1.0,1,2026-08-16T03:15:25.815242+00:00
appstore_284882215_14424252818,qwen/qwen3.7-flash,0,5.0,5,2026-08-16T03:15:26.105753+00:00
appstore_284882215_14424199804,qwen/qwen3.7-flash,0,1.0,1,2026-08-16T03:15:28.576264+00:00
appstore_284882215_14424238506,qwen/qwen3.7-flash,0,1.0,1,2026-08-16T03:15:29.046777+00:00
appstore_284882215_14424234151,qwen/qwen3.7-flash,0,1.0,1,2026-08-16T03:15:30.203520+00:00
appstore_284882215_14424194111,qwen/qwen3.7-flash,0,4.0,4,2026-08-16T03:15:30.580425+00:00
appstore_284882215_14424159326,qwen/qwen3.7-flash,0,1.0,1,2026-08-16T03:15:30.613082+00:00
appstore_284882215_14424141384,qwen/qwen3.7-flash,0,1.0,1,2026-08-16T03:15:33.173430+00:00
appstore_284882215_14424045430,qwen/qwen3.7-flash,0,1.0,1,2026-08-16T03:15:34.635973+00:00
appstore_284882215_14424116742,qwen/qwen3.7-flash,0,1.0,1,2026-08-16T03:15:34.776531+00:00
appstore_284882215_14424129244,qwen/qwen3.7-flash,0,1.0,1,2026-08-16T03:15:35.360787+00:00
appstore_284882215_14424028125,qwen/qwen3.7-flash,0,5.0,5,2026-08-16T03:15:37.905547+00:00
appstore_284882215_14424015455,qwen/qwen3.7-flash,0,1.0,1,2026-08-16T03:15:38.972370+00:00
appstore_284882215_14424036837,qwen/qwen3.7-flash,0,4.0,4,2026-08-16T03:15:39.033316+00:00
appstore_284882215_14424021510,qwen/qwen3.7-flash,0,1.0,1,2026-08-16T03:15:40.131356+00:00
appstore_284882215_14423977460,qwen/qwen3.7-flash,0,1.0,1,2026-08-16T03:15:40.240224+00:00
appstore_284882215_14423925958,qwen/qwen3.7-flash,0,1.0,1,2026-08-16T03:15:42.475539+00:00
appstore_284882215_14423917649,qwen/qwen3.7-flash,0,1.0,1,2026-08-16T03:15:43.100190+00:00
appstore_284882215_14423966291,qwen/qwen3.7-flash,0,1.0,1,2026-08-16T03:15:43.658783+00:00
appstore_284882215_14423908159,qwen/qwen3.7-flash,0,1.0,1,2026-08-16T03:15:44.561231+00:00
appstore_284882215_14423857681,qwen/qwen3.7-flash,0,1.0,1,2026-08-16T03:15:46.683441+00:00
appstore_284882215_14423885380,qwen/qwen3.7-flash,0,1.0,1,2026-08-16T03:15:46.809432+00:00
appstore_284882215_14423806031,qwen/qwen3.7-flash,0,1.0,1,2026-08-16T03:15:47.771872+00:00
appstore_284882215_14423814659,qwen/qwen3.7-flash,0,1.0,1,2026-08-16T03:15:47.841883+00:00
appstore_284882215_14423703723,qwen/qwen3.7-flash,0,1.0,1,2026-08-16T03:15:50.553392+00:00
appstore_284882215_14423765115,qwen/qwen3.7-flash,0,1.0,1,2026-08-16T03:15:51.333811+00:00
appstore_284882215_14423740776,qwen/qwen3.7-flash,0,3.0,3,2026-08-16T03:15:52.110144+00:00
appstore_284882215_14423635431,qwen/qwen3.7-flash,0,1.0,1,2026-08-16T03:15:53.842882+00:00
appstore_284882215_14423660868,qwen/qwen3.7-flash,0,1.0,1,2026-08-16T03:15:54.634911+00:00
appstore_284882215_14423683468,qwen/qwen3.7-flash,0,1.0,1,2026-08-16T03:15:55.755170+00:00
appstore_284882215_14423633374,qwen/qwen3.7-flash,0,1.0,1,2026-08-16T03:15:55.926463+00:00
appstore_284882215_14423601327,qwen/qwen3.7-flash,0,5.0,5,2026-08-16T03:15:57.305420+00:00
appstore_284882215_14423526007,qwen/qwen3.7-flash,0,1.0,1,2026-08-16T03:15:59.392270+00:00
appstore_284882215_14423588796,qwen/qwen3.7-flash,0,1.0,1,2026-08-16T03:15:59.732621+00:00
appstore_284882215_14423550151,qwen/qwen3.7-flash,0,1.0,1,2026-08-16T03:16:00.065260+00:00
appstore_284882215_14423456237,qwen/qwen3.7-flash,0,5.0,5,2026-08-16T03:16:02.211301+00:00
appstore_284882215_14423440693,qwen/qwen3.7-flash,0,5.0,5,2026-08-16T03:16:03.891197+00:00
appstore_284882215_14423522282,qwen/qwen3.7-flash,0,2.0,2,2026-08-16T03:16:03.934510+00:00
appstore_284882215_14423425790,qwen/qwen3.7-flash,0,1.0,1,2026-08-16T03:16:06.371509+00:00
appstore_284882215_14423418730,qwen/qwen3.7-flash,0,1.0,1,2026-08-16T03:16:08.092332+00:00
appstore_284882215_14423472451,qwen/qwen3.7-flash,0,1.0,1,2026-08-16T03:16:09.949231+00:00
appstore_284882215_14423419062,qwen/qwen3.7-flash,0,4.0,4,2026-08-16T03:16:12.430720+00:00
appstore_284882215_14423380334,qwen/qwen3.7-flash,0,1.0,1,2026-08-16T03:16:13.249021+00:00
appstore_284882215_14423355702,qwen/qwen3.7-flash,0,1.0,1,2026-08-16T03:16:14.543974+00:00
appstore_284882215_14423417773,qwen/qwen3.7-flash,0,4.0,4,2026-08-16T03:16:15.044618+00:00
appstore_284882215_14423310477,qwen/qwen3.7-flash,0,5.0,5,2026-08-16T03:16:16.875720+00:00
appstore_284882215_14423278539,qwen/qwen3.7-flash,0,5.0,5,2026-08-16T03:16:17.757968+00:00
appstore_284882215_14423345741,qwen/qwen3.7-flash,0,2.0,2,2026-08-16T03:16:17.797557+00:00
appstore_284882215_14423252427,qwen/qwen3.7-flash,0,1.0,1,2026-08-16T03:16:19.662103+00:00
appstore_284882215_14423241579,qwen/qwen3.7-flash,0,1.0,1,2026-08-16T03:16:21.143281+00:00
appstore_284882215_14423218420,qwen/qwen3.7-flash,0,5.0,5,2026-08-16T03:16:21.329711+00:00
appstore_284882215_14423234192,qwen/qwen3.7-flash,0,5.0,5,2026-08-16T03:16:21.929882+00:00
appstore_284882215_14423215164,qwen/qwen3.7-flash,0,5.0,5,2026-08-16T03:16:23.864693+00:00
appstore_284882215_14423168376,qwen/qwen3.7-flash,0,1.0,1,2026-08-16T03:16:24.266660+00:00
appstore_284882215_14423157132,qwen/qwen3.7-flash,0,1.0,1,2026-08-16T03:16:25.136247+00:00
appstore_284882215_14423161822,qwen/qwen3.7-flash,0,1.0,1,2026-08-16T03:16:25.808881+00:00
appstore_284882215_14423155557,qwen/qwen3.7-flash,0,5.0,5,2026-08-16T03:16:26.641013+00:00
appstore_284882215_14423133502,qwen/qwen3.7-flash,0,1.0,1,2026-08-16T03:16:28.439476+00:00
appstore_284882215_14423121223,qwen/qwen3.7-flash,0,1.0,1,2026-08-16T03:16:30.193621+00:00
appstore_284882215_14423087621,qwen/qwen3.7-flash,0,3.0,3,2026-08-16T03:16:30.517521+00:00
appstore_284882215_14423084394,qwen/qwen3.7-flash,0,1.0,1,2026-08-16T03:16:31.943155+00:00
appstore_284882215_14423057083,qwen/qwen3.7-flash,0,1.0,1,2026-08-16T03:16:33.113412+00:00
appstore_284882215_14423081475,qwen/qwen3.7-flash,0,1.0,1,2026-08-16T03:16:36.547613+00:00
appstore_284882215_14423063264,qwen/qwen3.7-flash,0,1.0,1,2026-08-16T03:16:37.416891+00:00
appstore_284882215_14423045712,qwen/qwen3.7-flash,0,5.0,5,2026-08-16T03:16:38.011116+00:00
appstore_284882215_14423014752,qwen/qwen3.7-flash,0,1.0,1,2026-08-16T03:16:38.313752+00:00
appstore_284882215_14423013349,qwen/qwen3.7-flash,0,5.0,5,2026-08-16T03:16:39.045228+00:00
appstore_284882215_14423056746,qwen/qwen3.7-flash,0,2.0,2,2026-08-16T03:16:39.414023+00:00
appstore_284882215_14422976013,qwen/qwen3.7-flash,0,5.0,5,2026-08-16T03:16:41.321841+00:00
appstore_284882215_14423013202,qwen/qwen3.7-flash,0,5.0,5,2026-08-16T03:16:43.132406+00:00
appstore_284882215_14422914980,qwen/qwen3.7-flash,0,5.0,5,2026-08-16T03:16:43.306766+00:00
appstore_284882215_14422914883,qwen/qwen3.7-flash,0,1.0,1,2026-08-16T03:16:43.380605+00:00
appstore_284882215_14422845022,qwen/qwen3.7-flash,0,1.0,1,2026-08-16T03:16:46.877542+00:00
appstore_284882215_14422829123,qwen/qwen3.7-flash,0,1.0,1,2026-08-16T03:16:46.968201+00:00
appstore_284882215_14422880807,qwen/qwen3.7-flash,0,4.0,4,2026-08-16T03:16:47.859057+00:00
appstore_284882215_14422856243,qwen/qwen3.7-flash,0,1.0,1,2026-08-16T03:16:48.538492+00:00
appstore_284882215_14422771511,qwen/qwen3.7-flash,0,5.0,5,2026-08-16T03:16:50.241002+00:00
appstore_284882215_14422799487,qwen/qwen3.7-flash,0,1.0,1,2026-08-16T03:16:51.101429+00:00
appstore_284882215_14422814734,qwen/qwen3.7-flash,0,5.0,5,2026-08-16T03:16:51.260274+00:00
appstore_284882215_14422743036,qwen/qwen3.7-flash,0,1.0,1,2026-08-16T03:16:52.000943+00:00
appstore_284882215_14422685575,qwen/qwen3.7-flash,0,5.0,5,2026-08-16T03:16:54.308229+00:00
appstore_284882215_14422675971,qwen/qwen3.7-flash,0,1.0,1,2026-08-16T03:16:54.581128+00:00
appstore_284882215_14422677045,qwen/qwen3.7-flash,0,1.0,1,2026-08-16T03:16:55.526778+00:00
appstore_284882215_14422678669,qwen/qwen3.7-flash,0,5.0,5,2026-08-16T03:16:56.629118+00:00
appstore_284882215_14422596472,qwen/qwen3.7-flash,0,5.0,5,2026-08-16T03:16:57.510840+00:00
appstore_284882215_14422591450,qwen/qwen3.7-flash,0,1.0,1,2026-08-16T03:16:57.939152+00:00
appstore_284882215_14422638862,qwen/qwen3.7-flash,0,5.0,5,2026-08-16T03:16:58.371402+00:00
appstore_284882215_14422587765,qwen/qwen3.7-flash,0,5.0,5,2026-08-16T03:16:59.808388+00:00
