item_id,app_id,human_label,title,text,updated
appstore_835599320_14428819095,835599320,5,Suggestion,We should be able to make our own chat bubbles so people like who love Spider-Man and stuff can make there own to use and since we have call we should be able to FaceTime or there too and call with groups too,2026-08-14T17:52:41-07:00
appstore_835599320_14428810253,835599320,5,Great,I love TikTok it is a great way to express your feelings I also wish they would give me my Chinese spy back,2026-08-14T17:49:19-07:00
appstore_835599320_14428765041,835599320,4,Search bar recommendation,I honestly love TikTok. But just one thing I wanna say is I have like a lot of edits saved from video game characters or characters from movies or shows or even celebrities. My one account has over 100 collections and it sometimes gets hard finding them so just one thing I was wondering is that maybe we could get a search bar added so when you have a video or edit to save you can type in the collection name if it’s not already on top,2026-08-14T17:32:25-07:00
appstore_835599320_14428760384,835599320,1,terrible,i couldn’t open the app i kept trying and the app disappeared,2026-08-14T17:30:41-07:00
appstore_835599320_14428744196,835599320,3,only putting 5 stars so this is seen,"these past two - three weeks my tiktok has been crashing everytime I try to scroll. sometimes after i try again it crashes without even letting me see a video. just the tiktok logo then it crashes. sometimes i can get in the app by holding down the app on my Homescreen and selecting the notifications option but everytime i go to my for you page and try to scroll it crashes. the times when i successfully get into the app through the notification method, my display is out of dark mode and the text size isn't the same. i adjusted the text size to be larger in the settings because i cant see very well. my phone is an Iphone 15 plus and it runs iOS 26.5.2 so i don't know why it's having such an issue. I've tried everything to fix it. I've powered my phone off and back on, reser the tiktok app, cleared the cache,and offloaded the app and reinstalled if. ive seen other reviews having the same problem but nothing is being done. please take action and do something about this!!",2026-08-14T17:24:34-07:00
appstore_835599320_14428739444,835599320,5,BEAUTIFUL APP,i would rate 4.5 if i could cus the time limit thing is very laggy and when u download vids when u have no wifi it doesnt work well,2026-08-14T17:22:46-07:00
appstore_835599320_14428723654,835599320,4,My awesome review,Who needs snap and insta when you can now call people on TikTok? 🤣✌️,2026-08-14T17:16:43-07:00
appstore_835599320_14428700403,835599320,5,Larp,Larp,2026-08-14T17:08:04-07:00
appstore_835599320_14428686470,835599320,5,The most beautiful thing I have ever seen,I genuinely love this app,2026-08-14T17:02:47-07:00
appstore_835599320_14428646778,835599320,5,I love TikTok so much I get to have new friends and it’s so much fun. We get to try your thing,I gave it a 1000 out of 10 is the best thing you can get downloaded now,2026-08-14T16:47:20-07:00
appstore_835599320_14428629157,835599320,1,Thought ts was for dancing,I just seen 4 naked dudes jumping on a trampoline 😐🫩😭,2026-08-14T16:40:29-07:00
appstore_835599320_14428619843,835599320,1,i hate tik tok,they literally banned me for being 12 there's people so much younger than me on TikTok but I get banned I literally turned 13 like next month not recommended,2026-08-14T16:36:53-07:00
appstore_835599320_14428594451,835599320,5,Lala♡,MEOW⊹•∘˙🐈‍⬛♡,2026-08-14T16:27:04-07:00
appstore_835599320_14428571539,835599320,3,Good but the banning,It’s okay but yall ban us for posting Roblox but can’t ban people that post nasty things do better but it’s a good app,2026-08-14T16:18:09-07:00
appstore_835599320_14428564204,835599320,5,ROSY,BEUTAFALL,2026-08-14T16:15:15-07:00
appstore_835599320_14428553408,835599320,1,I hate you so much you banned my account you hoe so I’m so done with you I’m reporting your app,1,2026-08-14T16:11:07-07:00
appstore_835599320_14428517333,835599320,5,Numnum,Numnumnumnumnumnumnum,2026-08-14T15:57:16-07:00
appstore_835599320_14428514180,835599320,1,I'm sorry but...,The whole app is toxic I would like it if it was less toxic sorry tbh,2026-08-14T15:56:04-07:00
appstore_835599320_14428511012,835599320,5,Jesus loves you,God bless yall,2026-08-14T15:54:52-07:00
appstore_835599320_14428449077,835599320,3,Warnings,"It’s a good app, I use it mainly for my artist post. But I keep getting warnings over nothing. It’s actually starting to become a problem.",2026-08-14T15:31:04-07:00
appstore_835599320_14428438964,835599320,1,TikTok shop scam,"Customer service agent canceled my giveaway order because I asked for a refund on another order, hilariously pathetic. I will never use TikTok shop again",2026-08-14T15:27:17-07:00
appstore_835599320_14428412194,835599320,5,Add THEMES,"I LOVE THIS APP BUT IT WOULD BE BETTER (for creative people) if you could decorate your account more(banners,bgs,frames,fonts, gifs, and music for your account too!!)",2026-08-14T15:17:08-07:00
appstore_835599320_14428374927,835599320,1,TikTok fix your app,Ok I was using TikTok one day and I gave me a ban saying it believes I am under 13 mind you I am 13 and I use my face to see if I’m 13 and it say can’t make up an age or something like that. So I look at the other ways and non of them can help like I don’t have a id or credit card this app really needs to get under control fix your app TIKTOK!!!,2026-08-14T15:02:57-07:00
appstore_835599320_14428356558,835599320,3,Nota,"Algo que deberían de hacer es poner un Icono de borrar a los filtros, porque hay personas que los crean sin querer y eso se le queda en la cuenta y es vergonzoso porque no se le puede quitar. En mi caso, sin querer creé un filtro, y no lo puedo borrar. Me da vergüenza tenerlo ahí y he considerado crear otra cuenta pero tengo todo en esa cuenta. Deberían de tomar esto en cuenta…",2026-08-14T14:55:57-07:00
appstore_835599320_14428351905,835599320,1,Just messed up,I have made several accounts and deleted them cause every single time I made an account I had no comment section on anything videos video can’t customize my account can’t follow or get followed by people because I had a friend search my account and it says it doesn’t even exist I report the problem and nothing has happened,2026-08-14T14:54:13-07:00
appstore_835599320_14428341371,835599320,5,Susie,Susie,2026-08-14T14:50:13-07:00
appstore_835599320_14428244899,835599320,5,Best app ever,Thank you chinese make apps better than amerecan,2026-08-14T14:14:01-07:00
appstore_835599320_14428237025,835599320,1,FIX TIKTOK FOR IOS,FIX TIKTOK FOR IOS,2026-08-14T14:11:08-07:00
appstore_835599320_14428236483,835599320,1,Technical bug issue,"Other viewers can’t see my comments in TikTok livestream on my iphone 17 pro, but can see them if I comment using another device. The problem restarts everytime I update the TikTok app… Account(s) is in good standing. Please fix the shadow ban on my device.",2026-08-14T14:10:56-07:00
appstore_835599320_14428197349,835599320,1,исправьте пожалуйста,не работает приложение,2026-08-14T13:56:27-07:00
appstore_835599320_14428171225,835599320,5,Ana,muy entretenido,2026-08-14T13:46:48-07:00
appstore_835599320_14428089882,835599320,1,This is dumb,TikTok is rigged first last night I get banned for being under 13 even though I am 13 and TikTok is 12+ so what is it on about today? I updated my account and now it’s it went from from 27m to 4m which is OK and you restart the whole upload two times,2026-08-14T13:17:33-07:00
appstore_835599320_14428076460,835599320,4,Glitches,I love this app but I’ve been experiencing a lot of glitches lately and I’ve been trying to report them but nothing solves my issues,2026-08-14T13:12:43-07:00
appstore_835599320_14428055987,835599320,1,Stupid feature,The app overall is fine but EVERYTIME I OPEN A VIDEO CAPTION IT SENDS TO THE LAST PERSON I SENT VIDEOS TO IF I WANTED TO SEND A VIDEO TO SOMEONE I WILL GO THROUGH THE EXTRA STEP SO STUPID AT LEAST MAKE IT A OPTION TO TURN IT OFF,2026-08-14T13:05:34-07:00
appstore_835599320_14427956422,835599320,5,впн,часто из за впн только немецкий тик ток,2026-08-14T12:30:36-07:00
appstore_835599320_14427952281,835599320,1,yeter,kesinlikle yüklemeyin ben valorant oynarken telefonumu kapatmıstim geri actigimda butun herkesi kendi kendine takipten cikmis cok sinirlendim geri takip etmeye calısıncada takip engeli atti hic begenmedim bu uygulamayı deli etti beni aklimi yitirdim dellendim fıttırdım eger takip engelimi acmazsanız bu uygulamaya ban atiyorum bunu siz istediniz😡😡,2026-08-14T12:29:08-07:00
appstore_835599320_14427946980,835599320,3,GIVE ME CHAT BACK,So I got age restricted and now I can’t start any streaks with my friends nor send videos. Nor live. PLS GIVE ME CHAT BACK.,2026-08-14T12:27:20-07:00
appstore_835599320_14427854895,835599320,3,I got banned from live streaming for NO REASON,"I was just doing a fun live then I got banned from doing live streams, and it won’t even tell me what I did! And it said i cant go live for 4 YEARS thos realy pisses me off",2026-08-14T11:55:55-07:00
appstore_835599320_14427843102,835599320,1,I hate what Tik tok has done to our society.,"I hate how you’ve killed attention spans, how we talk, how we interact, how we love, for your stupid algorithm. I hate how your ui has contaminated other social media places, such as YouTube. I hate how hard you make it for new content creators to thrive and grow because you’re whole post, like, swipe, and now go away type algorithm. You’re why alternative/emo/goth/punk scene is dead and you’re why Gen Z is facing a crippling loneliness, and mental health epidemic. You are why so many have decided they “do not belong” here. You’re why we’ve lost so many to eating disorders, depression, and anxiety.

I hate you for the world that you’ve made. You’re not just an app. You’re a disease and a thief. You’ve stolen almost everything. You were supposed to be a fad that was supposed to go away like Vine. 

I hate you for everything you’ve done.",2026-08-14T11:52:01-07:00
appstore_835599320_14427823603,835599320,4,Sit sit,The only thing is if you don’t want to be in the same position situation I room place with the other people that are in the place that,2026-08-14T11:45:28-07:00
appstore_835599320_14427759908,835599320,4,My TikTok are no sending messages,Please help me and fix it,2026-08-14T11:24:14-07:00
appstore_835599320_14427750804,835599320,1,I hate it,"Every single time I try to get back on TikTok it literally says that I’m not old enough. Please stop putting age restrictions. People are just trying to become big creators one day stop doing that this is a one star TikTok. I hate it. This is very very, very, very bad. Please stop putting restrictions and just let people get on here.",2026-08-14T11:21:14-07:00
appstore_835599320_14427744046,835599320,1,SCAMMERS THAT YOU WONT REMOVE,So it has become a serious issue in the TikTok tattoo community that people keep duplicating tattoo artists accounts replicating every single thing on their page and are reaching out to people via direct message to get them to book with them. Send them a booking link. Send them an email and TikTok has no way of reporting them. You can only report them as a celebrity. It will not let me report. The account is duplicating another business and all the person did was block me so now they’re continuing to scam people and TikTok doesn’t care.,2026-08-14T11:18:58-07:00
appstore_835599320_14427688392,835599320,1,rất bào gb,như cc,2026-08-14T11:00:51-07:00
appstore_835599320_14427599023,835599320,5,Gore problem,The app is amazing but it’s just this inverse gore problem you need to fix but other then that. Cinema,2026-08-14T10:31:59-07:00
appstore_835599320_14427442367,835599320,1,Lots of rape and violent threats. Not safe for children,"There has been a huge load of spam bots attacking blogs. Those bot blog bots have “rape” or “terf” in their urls and I see people complaining about why is STAFF not doing anything???? Also, there have been lots of violent threats from actual real blogs who identified as trans or are aligned with them. This website isn’t safe for children or women.",2026-08-14T09:43:39-07:00
appstore_835599320_14427430674,835599320,1,1 GIGABYTE UPDATE!!!,"One Gigabyte update and the developer gives no details on what is in this update, That is very Suspicious",2026-08-14T09:40:05-07:00
appstore_835599320_14427373316,835599320,5,Cepillo estupendo,Los cepillos de boca de muy buena calidad,2026-08-14T09:23:02-07:00
appstore_835599320_14427310968,835599320,5,follow sinccq,follow sinccq pls,2026-08-14T09:04:50-07:00
appstore_835599320_14427299765,835599320,5,I love this app,"Hey it’s recketdeeralphatadoo here i really like this app I’ve been using it for years now and it’s never disappointed me if i want entertainment i come right here if i want news i come here there is not a place better. If i had to add feature suggestions for one I’d say make it to where you can add friends to your collections at any time and try to help with video compression when uploading if those are doable please go ahead other than that i have no issues i use this app everyday. Me and all my buddies from Israel really appreciate how this all has brought us all together, much love!",2026-08-14T09:01:35-07:00
appstore_835599320_14427135556,835599320,1,1 ⭐️,Gng it won’t let me use the microphone in the videos😭💔,2026-08-14T08:14:57-07:00
appstore_835599320_14427042880,835599320,2,The app is okay but unfair??,"THIS APP IS GREAT! I’m kind of popular in the TikTok community which makes me happy, but apparently I keep getting live violations and age restrictions whenever I try going live. TikTok I already showed you my face multiple times to show I’m old enough, let me go live😭🙏 now I can’t go live until 2031, thanks a lot 😭 I’ve literally done nothing wrong, all I do is draw and chat with my viewers, I don’t know if it’s because I have a high pitched voice or if it’s because of that damn AI. I’ve tried appealing with the ai help center and it genuinely didn’t help at all.",2026-08-14T07:49:10-07:00
appstore_835599320_14427039669,835599320,1,?,"Gì cũng bị đánh vi phạm hết vậy má ? Gửi hình bthg cũng bị đánh vi phạm , mấy cái nội dung bậy bạ tài khoản xàm thì ko đánh đi 🙂",2026-08-14T07:48:19-07:00
appstore_835599320_14426920889,835599320,1,Stop removing my comments,"Literally just commented a sticker of ghost rider and got removed for community guidelines, then you got literal cartoon porn that stays up.",2026-08-14T07:15:25-07:00
appstore_835599320_14426853328,835599320,2,9yearsold,Why would you remove my hashtag that shows that my daughter turned nine years old saying that is a community guideline violation? I’m starting to think they’re just censoring who they wanna sensor and letting everything else go through but yet you allow people to post graphical things but me saying that my daughter is nine years old is a problem. TikTok has a problem.,2026-08-14T06:56:28-07:00
appstore_835599320_14426784062,835599320,5,Love my world blessed,1000,2026-08-14T06:36:53-07:00
appstore_835599320_14426749546,835599320,1,Ew,"One star see that I’m only 11 when it’s 1,000 4 year olds out there on TikTok",2026-08-14T06:27:01-07:00
appstore_835599320_14426691551,835599320,3,Suggestion,Can you stop refreshing? Anytime I'm typing a comment then get off the app for a few seconds or or whatever it refreshes and it irks me,2026-08-14T06:10:20-07:00
appstore_835599320_14426595494,835599320,1,Boooo!,"Honestly, TikTok is too time consuming for today’s generation. If we all stopped using this app, we’d probably also all be outside doing something. It’s surely disappointing after realizing that spending as much time as I did here, none of it was worth the wasted time I could have been spending doing better things with real people.",2026-08-14T05:41:45-07:00
appstore_835599320_14426524724,835599320,2,Highlight Tiktok,"My other account have a highlight feature while i don’t have one . i hope tiktok can fix this bug or something please , fix it i need it.",2026-08-14T05:20:09-07:00
appstore_835599320_14426516911,835599320,3,Remove the ai,The Ai overview in the caption is the worst feature TikTok has ever had and I’ve been using this app since 2020. It is so useless there isn’t even an option to turn it off if I want. STOP SHOVING AI DOWN OUR THROATS.,2026-08-14T05:17:46-07:00
appstore_835599320_14426359554,835599320,1,I’m 15!,So why am I age restricted. I’m 15. TikTok fix my account.,2026-08-14T04:27:18-07:00
appstore_835599320_14426288395,835599320,1,Review,"I get an ad and sometimes even 2 ads in a row every 2 to 3 videos, it honestly gets annoying and frustrating sometimes",2026-08-14T04:03:18-07:00
appstore_835599320_14426268353,835599320,1,Racism,"This app used to be great and technically still is but it’s literally just a breeding ground for racist. You open any video with people of color(especially African American, interracial couples, or South Asians) and the comments are DISGUSTING. And what does TikTok do about these comments? Absolutely nothing, you would think it’s an app for the KKK. You report the comments and still nothing happens, get better moderators stop letting this slide. App used to be so fun but for awhile now this app has transformed and it’s disgusting. These ppl feel way too confident being boldly racist. 1. Get better moderators 2. Actually punish the racist, delete their account. Racism was never a joke, will never be a joke, people die cause of it, stop treating it like one.",2026-08-14T03:56:19-07:00
appstore_835599320_14426229267,835599320,1,TikTok,TikTok banned Me from texting bc my cousin said something inappropriate and I tried telling I didn’t do it and they won’t believe me this is why my family always says don’t use TikTok,2026-08-14T03:42:31-07:00
appstore_835599320_14426201968,835599320,5,I want more Fortnite content,I just want to be beee okay and I eat the Mac and cheese with the fried egg roll five starts please gained starts Beale tuna signed the divorce papers,2026-08-14T03:32:38-07:00
appstore_835599320_14426131465,835599320,2,Не могу подписываться,"Не могу подписываться на людей ,жму кнопку подписаться,а через несколько секунд сбрасывается на начало",2026-08-14T03:06:31-07:00
appstore_835599320_14426070358,835599320,5,Can i pls get my account unbanned,So i was answering the question of my hight that was 12 5/4 and it banned me so can you help pls,2026-08-14T02:43:16-07:00
appstore_835599320_14425864961,835599320,4,dey stay banning mi,follow ma TikTok: dafreakinggoat67,2026-08-14T01:22:09-07:00
appstore_835599320_14425825228,835599320,4,HASHTAGS,Please  bring back the multiple hashtags instead of stuck on 5 hashtags,2026-08-14T01:05:41-07:00
appstore_835599320_14425823475,835599320,1,why is there so much p0rn,crazy amount of adult content in ts,2026-08-14T01:04:58-07:00
appstore_835599320_14425781642,835599320,1,TikTok moderation is a joke,"TikTok bans positive comments and posts (or removes them from being “eligible for the For You Page”, but won’t take down genuinely bad stuff. One of my many examples is when I reported a video where someone threatened the life of a past president, which is a federal crime regardless of if you like em or not, and TikTok said no violation was found. I appealed it, and they didn’t change their mind. However, when I commented on that video informing the user that the post was a federal crime, TikTok took my comment down for violating their guidelines and punished ME? I’ve seen them take down people commenting simple things like heart emoji’s too, but apparently federal crimes are okay? I understand it’s an AI reviewing these but if it doesn’t work, why use it? I tried reporting their report system issue to their website but it just tells you to report in the app, which the app tells you to report to the website. It’s incredibly biased and they don’t even follow their own guidelines in their reporting.",2026-08-14T00:47:39-07:00
appstore_835599320_14425753190,835599320,5,Thanks tik tok,It’s great app I use for long time thanks tik tok but my videos didn’t go viral,2026-08-14T00:35:47-07:00
appstore_835599320_14425711947,835599320,1,Don’t download,This app ruined my life by addicting me and I use it 9 hours a day,2026-08-14T00:18:09-07:00
appstore_835599320_14425626926,835599320,2,Just no just no,Come on TikTok you’re better than this. Why do you have to? Why does my account have to be deleted first of all? Why can’t I just make videos? There’s all these little kids out there that are making videos and my niece can’t even do that instead of coming out for me come out for them not trying to be rude.,2026-08-13T23:41:47-07:00
appstore_835599320_14425609339,835599320,1,.,По какой-то причине идет загрузка на половину и полностью перестает все перепробовал,2026-08-13T23:34:04-07:00
appstore_835599320_14425588479,835599320,1,Stoped,They banned my cousin for no reason,2026-08-13T23:24:57-07:00
appstore_835599320_14425575325,835599320,1,You’ll get shadow banned whenever they want too,Constant pushing of the promote feature and then penalizing of accounts and the nonstop ai has made this from an amazing tool for the community into a pale imitation.,2026-08-13T23:19:15-07:00
appstore_835599320_14425510800,835599320,3,😡,cool awesome i love it js let me write stuff on my reposts again pls u keep giving unnecessary updates like removing pinning comments and now writing on ur reposts,2026-08-13T22:51:01-07:00
appstore_835599320_14425509750,835599320,5,TikTok😍,La mejor app lo jurooo❤️,2026-08-13T22:50:34-07:00
appstore_835599320_14425465104,835599320,4,agent are very helpful,contacting agent are very helpful and solve my issues very friendly,2026-08-13T22:30:55-07:00
appstore_835599320_14425461325,835599320,5,Hi tik tok I love tic tac,Hi TikTok I like tic tac because it taste good but tic face taste yucky sometimes but I like it so I’ll give it a 4.5 star review but tik sound like what a clock goes it goes tick tick but I don’t like ticks Becouse they give like disease but I like limes Becouse there sour but sour taste wierd I like spicy and also I hope you change your TikTok name to make it more cool and spicy becouse I like spicy foods you should name it taco O cracko becouse I like tacos and crackers but crackers are salty so you should name it taco O no salt but sometimes things need salt like French fry’s and I like the French so I gave it 5 star review but French fry’s are soft not hard and I like hard things but they hurt my teeth sometimes and teeth=dentist and I don’t like dentist so I give it 4.1 star but I like the number 1 Becouse I’m number 1(bleach reference so I give it a 5 bye tik tok please rename your logo adios I say adios becouse I’m 10% Spanish,2026-08-13T22:29:16-07:00
appstore_835599320_14425418666,835599320,5,Good,It was good,2026-08-13T22:10:45-07:00
appstore_835599320_14425397014,835599320,5,Love the app,Love this app I spent so many hours doing scrolling all those late night with my friends so peak,2026-08-13T22:01:15-07:00
appstore_835599320_14425359945,835599320,1,Interacts and rate ads ?,All of a sudden adds are giving themselves 5 stars for rating and recommending more adds that are similar. I tried to remove the 5 stars and the ad refused,2026-08-13T21:45:06-07:00
appstore_835599320_14425355178,835599320,1,Dumb,Omg it’s dumb and stupid,2026-08-13T21:43:03-07:00
appstore_835599320_14425343863,835599320,1,Stupid updates,You reset your algorithm and now I’m flopping so badly and people using templates are getting thousands of likes rather than regular editors are spending hours on their edits just to flop. I also got age restricted because I have a “baby face” so now it says I’m too young so now I can’t message nor people can’t comment on my videos unless they’re my friend. At this point might as well move to instagram or YouTube.,2026-08-13T21:38:13-07:00
appstore_835599320_14425255827,835599320,3,suggestion,You guys should allow us to report a account for pretending to be someone even if the person they are pretending to be isn’t a celebrity because people are smart and they are going to use someone who isn’t famous to scam and cheat people & it’s sad how we can’t do anything about it.,2026-08-13T21:00:45-07:00
appstore_835599320_14425241436,835599320,1,Trash,Black listed for follow listing and brought down a fake psycho,2026-08-13T20:54:48-07:00
appstore_835599320_14425236429,835599320,3,Reposts and likes,"I don’t rly like it when I try to like a video and it says “you can’t like” or something like that, also whenever I try to repost it doesn’t show up in my reposts for me or others, and it’s very annoying",2026-08-13T20:52:41-07:00
appstore_835599320_14425233620,835599320,1,Change the “share” feature,I go to click on a caption and too often I end up sharing a post with someone - it shouldn’t be that easy to share when you’re no where near the share arrow!,2026-08-13T20:51:32-07:00
appstore_835599320_14425215600,835599320,1,Shadow banned for no reason,"My business account randomly got shadow banned for no reason: no views other than views from my personal account that I sought out. It is not something that was happening before but ever since, had happened consistently unless I pay to promote a post. I tried reaching out for support but it was unhelpful and they did not address the issue. They said they could not change the number of likes for people or force engagement which is not what I was asking for, but they closed the support ticket without even confirming if the issue was resolved for me. Horrible experience that is hurting the growth of my business. I will no longer be using TikTok for business related activities",2026-08-13T20:44:14-07:00
appstore_835599320_14425190973,835599320,3,Ideas,"I think TikTok should have auto scroll, not only for the fyp but also for the pages you’re following your friends and if you go on someone else’s profile and wanna watch other videos from start to finish",2026-08-13T20:34:22-07:00
appstore_835599320_14425185918,835599320,5,😇,KINDA WISH YOU CAN TAG PEOPLE AWHILE YOUR ON A LIVE-STREAMING,2026-08-13T20:32:23-07:00
appstore_835599320_14425143997,835599320,2,Auto captions are gone,"Until a week or so ago, most videos had auto captions, which was great for me because I tend to scroll after my husband goes to bed. Well now they’ve disappeared and I can’t find a way to get them back, even after going through support. A huge miss and a serious issue for those dead and HOH people who need that accessibility feature.",2026-08-13T20:16:55-07:00
appstore_835599320_14425119595,835599320,5,Funny,100% funnier than YouTube it is like a vip version of YouTube,2026-08-13T20:07:19-07:00
appstore_835599320_14425110794,835599320,5,Still needs some work,"This app has some glitches still. I tap likes and it doesn’t show the hearts like it usually does. Also, my notifications get switched automatically to personal. When I chose All.",2026-08-13T20:03:52-07:00
appstore_835599320_14425090768,835599320,1,They do not refund,Money back guarantee is bs been waiting a month for me refund that never came. Customer service is terrible in que for hours and my number in line will just get pushed back. Never got an answer when I finally got a hold of a live agent. Do not buy anything unless you’re absolutely sure you’re going to accept it as is. Because good like getting your money back.,2026-08-13T19:56:01-07:00
appstore_835599320_14425088431,835599320,1,Permanently banned my account for no reason,"I tried to appeal but they said that I apparently broke some type of guideline, but I don’t even post on that account.",2026-08-13T19:55:07-07:00
appstore_835599320_14425076450,835599320,5,Voice chat,I do I chat voice I don’t have it🥀✌️,2026-08-13T19:50:28-07:00
appstore_835599320_14425075207,835599320,1,Photos,Why can’t I select the photos (limited selection) that I want without the apps crashing? It doesn’t crash when I select the full access to all photos!! I don’t want the full access to alls my photos. How many times do will you send me notifications about someone……and I say that “IM NOT INTERESTED” in this notification before i stop getting notifications about them??? If i hit the “NOT INTERESTED” button two or more times IM CEARLY NOT INTERESTED. Please i beg of you.,2026-08-13T19:50:00-07:00
appstore_835599320_14425074031,835599320,5,YOUNGHOOO,😂😂,2026-08-13T19:49:32-07:00
appstore_835599320_14425070967,835599320,5,Really nice app,I like this cuz it has games/filters and you can communicate with friends,2026-08-13T19:48:20-07:00
appstore_835599320_14425048133,835599320,5,Recommendation,TIKTOK PLEASE ADD A HIDE REPOSTS BUTTON!! it would make the app better thank u…,2026-08-13T19:39:40-07:00
appstore_835599320_14424896709,835599320,5,Iam the best creator,My video grow,2026-08-13T18:43:10-07:00
appstore_835599320_14424885040,835599320,2,Bab,Causes,2026-08-13T18:38:53-07:00
appstore_835599320_14424873583,835599320,1,banned,banned me for no reason,2026-08-13T18:34:38-07:00
appstore_835599320_14424837099,835599320,4,Glitches,It’s such a good app but it did a weird glitch on my alt account and now I can’t send videos to others or get videos from others so I had to get a knew account everything is good now but I can’t have streaks with anyone,2026-08-13T18:21:23-07:00
appstore_835599320_14424783041,835599320,5,How I love the app,The app is so good so. Entertaining and fun.,2026-08-13T18:01:17-07:00
appstore_835599320_14424724139,835599320,1,Too addicting,This app is very entertaining but a little too entertaining. I have wasted so much time on this app it’s like a trance. Once I watch one video I waste 5 hours watch 100 other videos.,2026-08-13T17:39:19-07:00
appstore_835599320_14424714637,835599320,3,Follow problem,At first my TikTok could follow and and follow who follows me back but now when I follow back then refresh my TikTok it’s says follow back again why?,2026-08-13T17:35:47-07:00
appstore_835599320_14424713228,835599320,1,TikTok sucks now,Not good anymore,2026-08-13T17:35:16-07:00
appstore_835599320_14424705101,835599320,1,Can’t let me search,Ugly,2026-08-13T17:32:15-07:00
appstore_835599320_14424670827,835599320,1,Лагает,Попадается старые видео,2026-08-13T17:19:26-07:00
appstore_835599320_14424668096,835599320,1,Do not let your kids watch this app,Dot let your kids watch this app there is porn on this app,2026-08-13T17:18:23-07:00
appstore_835599320_14424660911,835599320,1,my app downgraded,my app downgraded and when i updated it it was the same i cant do nothing and i don’t like it this app is bad bro don’t download it,2026-08-13T17:15:43-07:00
appstore_835599320_14424628502,835599320,5,"TikTok, please","TikTok, please un permanently, suspend me please name is Duke 1234 edits  I didn’t do nothing wrong",2026-08-13T17:03:44-07:00
appstore_835599320_14424499985,835599320,5,Love this app!!,I lovee this app soo muchh butt some of my friends have tiktok shop and are able to call on tiktok but im mostly wondering how i dont have tiktok shop on any of my accounts even though i update it everytime there is an update.,2026-08-13T16:13:39-07:00
appstore_835599320_14424477481,835599320,5,GOON,This app is so good I busta a nut,2026-08-13T16:04:46-07:00
appstore_835599320_14424462025,835599320,5,Make a FaceTime,I think since we are able to call now you should add a FaceTime because what if we wanna see our friends and talk to them,2026-08-13T15:58:40-07:00
appstore_835599320_14424426839,835599320,1,My account got back I was put id,0,2026-08-13T15:44:52-07:00
appstore_835599320_14424423682,835599320,1,app sucks,idk i just wanted to hate,2026-08-13T15:43:35-07:00
appstore_835599320_14424417041,835599320,5,Letter to TikTok,Hey TikTok i love y’all’s app and I hope it never goes away and i love watching vids like TikTok and yall are my favorite app thank you for your time have a great day,2026-08-13T15:40:56-07:00
appstore_835599320_14424336545,835599320,1,No link to Teen acct,I am not able to accept guardian status for my teen’s account. When I click accept the app freezes. There is also no report a problem option. Only an FAQ about a non existent option!!! This is so frustrating,2026-08-13T15:09:27-07:00
appstore_835599320_14424301407,835599320,2,No one wants AI,"Turn off AI Remix. No one asked for it. Stop trying to shove AI down our throats.
Also bring back RUBY BRIDGE’S ACCOUNT!!",2026-08-13T14:56:07-07:00
appstore_835599320_14424265133,835599320,5,Son,Sonion,2026-08-13T14:41:58-07:00
appstore_835599320_14424255248,835599320,2,Why,"So is anyone else having the problem where on mobile the app is normal but on like pc for example your fyp is almost entirely cringe and videos in languages like Spanish and Russian that you don’t understand? Do better TikTok the not interested button is making more of it show up on my fyp, this app is going downhill so fast",2026-08-13T14:38:14-07:00
appstore_835599320_14424246562,835599320,1,Mad,"I used to love this app, but it keeps on banding my account every day. I won’t even post anything or do anything bad or post anything bad? And it will just be my account. I am not too young for it. And when I try to get it back, it just won’t let me in then I can’t use the same phone number so then how am I supposed to? Get a new phone number you expect me to have a bunch of phone numbers and then Then if I get one of my family members phone number it sends them the code and it just annoys them more than the password keeps on saying it’s wrong like what do you mean it’s wrong. This is a new account and a new password.",2026-08-13T14:34:54-07:00
appstore_835599320_14424137144,835599320,4,Love the app but,Love the app but i think tiktok should let teen acounts be able to message with no parent input,2026-08-13T13:53:32-07:00
appstore_835599320_14424115363,835599320,1,Stop letting people put websites in shorts,I got flashed and taking to a website,2026-08-13T13:45:30-07:00
appstore_835599320_14424110210,835599320,5,5/5,Best app u can think of,2026-08-13T13:43:37-07:00
appstore_835599320_14424073346,835599320,1,Streak 🔥,"Недавно я приехал в Америку, до этого жил в другой стране, и я поменял свой регион. И вчера с другом с которым у меня было больше 100 огонька стало 3, думал баг, а сегодня почти со всеми друзьями стало 3, даже с теми с которыми было больше 200. Мне это очень обидно, я люблю тикток и я старался каждый день чтобы не упустить, но после этого это очень обидно. Хотел бы что бы вы дали обратную связь, и решили эту проблему",2026-08-13T13:30:13-07:00
appstore_835599320_14424066342,835599320,1,U.S completely ruined it.,"Bias reporting system. App has become a propaganda machine. Ever since the U.S got their hands on it now we have disgusting ads that violate the Terms of service, your comments will get randomly removed as a violation of their terms of service even if they don’t at all, but if you report someone commenting about commiting violence, crimes, or just blatantly harassing people. Those comments don’t violate the terms of service somehow. Horribly disappointing and shameful. Also they allow ads that will try to scam you and when you report them they let the ad stay up for a couple days and then remove it saying they won’t be taken action because the post has already been removed but the damage has already been done by that time and the scammer faces no repercussions, they can just pay to put up another scam ad. Biblical levels of greed",2026-08-13T13:27:40-07:00
appstore_835599320_14424055385,835599320,5,Review,Good for entertainment,2026-08-13T13:23:40-07:00
appstore_835599320_14424041218,835599320,5,i keep getting kicked out,hello around 2 months ago i started getting kicked out from the app everytime i open it it has been continuously kept going please fix this issue,2026-08-13T13:18:33-07:00
appstore_835599320_14423978517,835599320,5,tiktok,i love tiktok so much it has some weird stuff on it i jsut think your company should remove all the weird stuff but the rest of your company is amazing,2026-08-13T12:56:04-07:00
appstore_835599320_14423956060,835599320,2,Okay…,"Tiktok isn’t bad… it’s just really toxic. Like… REALLY TOXIC. There are racist people, pedos, and a lot more other things that are becoming problematic. Pls fix this. TikTok really isn’t the best app ever anymore. YouTube is better...",2026-08-13T12:48:03-07:00
appstore_835599320_14423927558,835599320,1,Should be taken off the marketplace,"The app presented something on my fyp that appeared to represent csam, and when I talked to the ""customer service agent"" about it, they ended the chat.",2026-08-13T12:38:03-07:00
appstore_835599320_14423899578,835599320,5,Very nice,Anyways this is a very good app that find you your hobbies and favorite stuff it’s very nice if you need help for something or recipes it’s very nice,2026-08-13T12:28:23-07:00
appstore_835599320_14423869603,835599320,1,Bro my friend got band for no reason,Bro my friend got band for no reason and got logged out for no reason and just because he was sick.,2026-08-13T12:17:57-07:00
appstore_835599320_14423865744,835599320,1,Bad,Banned me for being sick,2026-08-13T12:16:37-07:00
appstore_835599320_14423861158,835599320,1,Ads,They did something to tiktok when they got it. Algorithm all messed up.,2026-08-13T12:15:03-07:00
appstore_835599320_14423815178,835599320,1,Device Layout Bug Account Menu Missing,"Logging into the app on my phone hides the 'Switch to Personal Account' button, but it works on iPad. Support bots refuse to fix this application glitch.",2026-08-13T11:59:20-07:00
appstore_835599320_14423734403,835599320,5,tiktok is the best app on the market currently,tiktok is an amazing app for all sorts of things ESPECIALLY sharing important information that other sources try to sensor or not share at all :)),2026-08-13T11:31:59-07:00
appstore_835599320_14423726911,835599320,1,Algorithm sucks now or is nonexistent,I keep seeing videos pop up of another city in a different state that I have never cared about or liked. I submit feedback saying I want to see less of videos tagged with that city and yet it sends me MORE. Same thing keeps happening with a lot of other videos as well including this repeat push of some random astrologers live feed. I DONT CARE. Deleted the app… can’t be bothered with it if it sucks this badly.,2026-08-13T11:29:30-07:00
appstore_835599320_14423684339,835599320,1,I don’t have voice comment🤬🤬🤬🤬🤬🤬🤬🤬,I update app and clear cash and DONT have voice comemrb🤬🤬🤬🤬,2026-08-13T11:15:17-07:00
appstore_835599320_14423676209,835599320,3,retouch filter,i got age restriction cause of a live and now i don’t have my retouch filter anymore and that was the only thing that made me feel pretty but whatever i need my retouch filter back how do i get it back?,2026-08-13T11:12:37-07:00
appstore_835599320_14423668591,835599320,5,Amarás esta app,Me encanta esta aplicación ✨,2026-08-13T11:10:09-07:00
appstore_835599320_14423580837,835599320,5,FaceTime feature,I love the TikTok call feature. It would be nice if you added a FaceTime feature too!,2026-08-13T10:41:44-07:00
appstore_835599320_14423559474,835599320,5,TikTok,I LOVE THIS APP,2026-08-13T10:34:48-07:00
appstore_835599320_14423504404,835599320,5,ОБОЖАЮ,ЛУЧШЕЕ ЧТО МОЖЕТ БЫТЬ 67,2026-08-13T10:17:22-07:00
appstore_835599320_14423337079,835599320,5,Super cool,"I love this app, it’s addicting. I can talk to my friends on here AND find people to be friends with and it’s just a great way to watch videos and to socialize",2026-08-13T09:26:09-07:00
appstore_835599320_14423331010,835599320,4,Voice message,TikTok help me. How do I get my the voice message. Great app btw peak right there. But I want voice message I feel left out of the comment conversation 😭😭,2026-08-13T09:24:20-07:00
appstore_835599320_14423249687,835599320,1,Why you band me,You band me,2026-08-13T09:00:17-07:00
appstore_835599320_14423189646,835599320,1,It’s ruining everyone,"I’ve had tik tok since it was called musically and I enjoyed every single trend with dancing and lip syncing but now all of it became memes, social criticism and just straight bullying. Real time news gets posted and everyone’s opinions but now all I see is racism, porn and people telling others to just die?! This behavior on this app is unacceptable and I’m surprised NO one has done anything about it?! The world suck yeah but it’s worse on tik tok. I can’t enjoy anything because it’s just became a bad uncalming app either set some rules, fix guidelines or delete this stupid app. I hate this!!",2026-08-13T08:42:47-07:00
appstore_835599320_14423074485,835599320,5,приложение конечно просто имбище но,"но дайте нормальный впн для айфона 16, бесплатный, у меня нифига ничего не работает",2026-08-13T08:09:47-07:00
appstore_835599320_14422962173,835599320,3,tiktok is alright,i still can’t call yet when can i get that??,2026-08-13T07:38:37-07:00
appstore_835599320_14422927247,835599320,5,Instagram,Very good website,2026-08-13T07:28:47-07:00
appstore_835599320_14422921009,835599320,1,Banning the wrong accounts!,"My account is legit and I just wanted to start posting content there, But Tiktok decides to ban my account right after making it. They can’t even give a real reason or not even using the info I give them. Save yourself the headache",2026-08-13T07:27:02-07:00
appstore_835599320_14422803127,835599320,1,inappropriate,they will allow naked women and men all over there platform but God.,2026-08-13T06:53:47-07:00
appstore_835599320_14422713991,835599320,1,From weird fun to toxic rage bait,"The US takeover didn’t just ruin the algorithm; it destroyed the community. My fyp is now a grave yard of boring ads and a skyrocketing amount of racist and mean spirited content.

The new U.S only moderation AI is completely blind to dog whistles and targeted harassment yet it over censors harmless jokes. Because the algorithm is so desperate for engagement it actively pushes outrage-bait to the top knowing arguments drive comments. Instead of scrolling quirky niches I’m scrolling through a toxic echo chamber of hate and debate-bait. 

TikTok used to be an escape now it feels like a divisive, low effort rage farm filled with ads. Hardpass. Uninstalled.",2026-08-13T06:28:19-07:00
appstore_835599320_14422612416,835599320,3,N,Très cool,2026-08-13T05:58:39-07:00
appstore_835599320_14422526387,835599320,3,الترجمة,ترجمة المحتوى باللغة المفظلة غير متوفرة ؟؟,2026-08-13T05:32:42-07:00
appstore_835599320_14422506310,835599320,1,Glitchy,"This app intentionally segregates people with like-minded views that are not liberal. It shoves shop and shopping down your throat while not adhering to your contents preferences.
You do not get put into for you page pages associated with what you interact with and what you talk about on your page so you are not connecting with people who are like-minded individuals. You were shoved into parts of TikTok with people who are not discussing anything you are. This app needs a reboot. I'm reporting to the federal trade commission the money that has been wasted on my promo and the censoring.",2026-08-13T05:26:32-07:00
appstore_835599320_14422492914,835599320,5,TikTok,Mais je ne peux pas live,2026-08-13T05:22:24-07:00
appstore_835599320_14422365944,835599320,5,Блестяще,Крутые ролики для развлечений,2026-08-13T04:42:27-07:00
appstore_835599320_14422302036,835599320,2,Remove the “share with”,The share with that pops up at the bottom when watching a video needs to be removed! I am tired of accidentally sending videos to people when all I want to do is click on “more.”,2026-08-13T04:21:29-07:00
appstore_835599320_14422279375,835599320,1,AI SLOP,TIKTOK GET RID OF AI OVERVIEW!! I’m sick of AI being shoved down our throats at every turn and without our consent. I used to be a fan of the app and a regular user. I love TikTok shop even. But if AI overview doesn’t become an option to be removed I will delete the app. There are many people who feel the same as me in the comments.,2026-08-13T04:13:53-07:00
appstore_835599320_14422219017,835599320,4,Good i can have multiple acc. For business for my own experience and for my affiliation,Thank u tiktok,2026-08-13T03:53:01-07:00
appstore_835599320_14422149520,835599320,1,It's not fair,It's not fair how other people get to do the voice message in comments but I don't and I can't even update my tiktok do something about this,2026-08-13T03:28:05-07:00
appstore_835599320_14422141773,835599320,5,.,.,2026-08-13T03:25:13-07:00
appstore_835599320_14422081415,835599320,5,Close friends for TikTok stories,Pleaseeeee my a close friend setting for TikTok stories so I can post my drafts without certain people watching thank you 🫰,2026-08-13T03:02:50-07:00
appstore_835599320_14421841695,835599320,1,I don’t like this update,I think u should take away the voice call,2026-08-13T01:29:32-07:00
appstore_835599320_14421835901,835599320,5,"The ""Search this Image"" feature is breaking me free from doomscrolling ⛓️‍💥","I've wanted to be rid of this app for a while, but I'm addicted, so I've never actually done it. Now with the ""search this image,"" I'm finally ready! Anytime I try to pause or play videos, I get taken into separate shopping window. My endless doomscrolling is now being abruptly interrupted, over and over and over, to the point I don't want to scroll anymore. I can feel my attention span healing already. Thank you American devs!",2026-08-13T01:27:12-07:00
appstore_835599320_14421790290,835599320,4,Idk,"So I’ve been wanting to make this request, but can you allow us to customize our background and have a feature called Banner feature and have a new dinghy in the settings, called background and profile access city background and banner would be there you can choose any image make sure it isn’t inappropriate like I don’t want to put it as a video",2026-08-13T01:09:00-07:00
appstore_835599320_14421652191,835599320,1,Pls give me my account back,I like it but I’ve got banned twice and I want the accounts back the name of one of them is or was sanyyoname and it got hacked and someone posted inappropriate things on it to get me. Banned,2026-08-13T00:12:39-07:00
appstore_835599320_14421601859,835599320,1,TikTok shop being gone,TikTok I have been with you since my ups and downs you have deleted my acc but thank you for giving me it back you also did that to other people but my TikTok shop is gone and I have warnings of people accounts saying I’m age restricted I’m 18 years old and I have proof why can’t I just update my age? I need my TikTok shop and I don’t wanna have restrictions,2026-08-12T23:51:38-07:00
appstore_835599320_14421601206,835599320,1,Got banned for no reason,So this happened when I was talking with my hg then I go this dm  and they say like and repost I said no and he said multiple slurs and told me to kill my self then i reported it then for some reason I got banned,2026-08-12T23:51:21-07:00
appstore_835599320_14421554714,835599320,1,The algorithm keeps crashing!,The algorithm keeps crashing ! It keeps showing me unwanted content ! No matter how many times I update my algorithm it keeps crashing!!!!!,2026-08-12T23:31:28-07:00
appstore_835599320_14421482014,835599320,1,Dual screen mode,Do not try the Dual screen mode. You will regret it,2026-08-12T23:00:29-07:00
appstore_835599320_14421399995,835599320,1,Please don’t download this app. It’s sexualize children.,"Please don’t download this app. Especially if you have children that use this app, get them off as soon as possible. The report button does not work and they do not follow up on any report that they get. All TikTok cares about is views and downloads. Please don’t allow your children to use this app.",2026-08-12T22:25:00-07:00
appstore_835599320_14421383900,835599320,3,Sleep schedule,I’m tired of my screen being stuck on the blue thing when it’s past you’re TikTok hours. Can yall fix ts genuinely?,2026-08-12T22:18:02-07:00
appstore_835599320_14421382125,835599320,3,Tiktok,If you are gonna add a bunch of useless ai stuff can you at least allow us to block audios… maybe focus on the things people are actually ASKING for.,2026-08-12T22:17:16-07:00
appstore_835599320_14421311082,835599320,5,Best app oat,This is the most entertaining app oat and it brings me joy and happiness,2026-08-12T21:46:40-07:00
appstore_835599320_14421289461,835599320,1,Ending up like Roblox,"Since I’m under eighteen I have this horrid version of TikTok , can’t search , repost , favorite , post , priv account permanently l what ?! One day I woke up and now even TikTok is ruined if u want to make a app addicting to people don’t randomly take it away just like Roblox, but honestly even worse",2026-08-12T21:37:25-07:00
appstore_835599320_14421270657,835599320,1,app in general,this is the most horrible social media app i HAVE ever been on super lagging nine times ten out of the time FIX THIS.,2026-08-12T21:29:27-07:00
appstore_835599320_14421263552,835599320,5,Calling,Why don’t I have calling update on my iPhone? Please update the app,2026-08-12T21:26:24-07:00
appstore_835599320_14421225884,835599320,4,voice comments,"hi, so I know it’s beta, but since April people have been able to comment voice comments, but only certain people so I was just hoping if you could roll out the update to everybody even with bugs it would still be fun",2026-08-12T21:10:23-07:00
appstore_835599320_14421217190,835599320,5,WE LOVE TIKTOK,It do fun they have a lot to do on the app that why i love TikTok 💕💕💕,2026-08-12T21:06:44-07:00
appstore_835599320_14421202898,835599320,1,They delete my account,Tiktok say your account is gonna be delete if you verify your age and i do the thing but it doesn't know my face like just let me scan my face im so mad at you tiktok i hate you,2026-08-12T21:00:48-07:00
appstore_835599320_14421124846,835599320,1,I thank tiktok is a 1 star because how you know how old someone is they can look 13 and below,But how you know they not 13 and higher and they banned your account like I hate tiktok Instagram better,2026-08-12T20:28:53-07:00
appstore_835599320_14421112045,835599320,5,I love this freaking app😂,If u see a funny video the best thing you can do is open the comments😂 this app could drag me out of a depression fr😂😂,2026-08-12T20:23:44-07:00
appstore_835599320_14421105426,835599320,1,Why,Why is the app uninstalling itself and not letting me log in AGAIN ( iPhone 7/8/X/11 users have thus problems suddenly why,2026-08-12T20:21:10-07:00
appstore_835599320_14421047904,835599320,4,Account problems,4 because it wouldn’t let me make a new account and i deleted my old one plus deactivated it and it kept signing me back on it,2026-08-12T19:58:47-07:00
appstore_835599320_14421040710,835599320,4,Calling,"Hi, it will let me call some people when not everyone even if they updated the app so please help me",2026-08-12T19:56:02-07:00
appstore_835599320_14421017445,835599320,1,Pornographic advertisements,I have repeatedly received pornographic advertisements despite reporting them. They are obviously meant to look like women doing sexual acts just off screen. Or they are obviously ads for pornographic sites where the ad will say it links to a fake page first to bypass filters. It is absolutely unacceptable that these continue to be shown and that reporting yields no result whatsoever. It’s disgusting.,2026-08-12T19:47:12-07:00
appstore_835599320_14421010180,835599320,1,Freedom of speech,Y’all permitting all kinds of perversion on TikTok like zphillia and blocking and deleting comments when we say the truth hypocrites,2026-08-12T19:44:26-07:00
appstore_835599320_14420958576,835599320,4,Just a question,So I was just going to ask how do you get the like voice chat thing in a comment because I’ve seen a lot of people that have it and I think I’m the only person who doesn’t have it just a question no hate,2026-08-12T19:25:02-07:00
appstore_835599320_14420932538,835599320,1,Fraud scam,App supports fraud and scam,2026-08-12T19:15:24-07:00
appstore_835599320_14420914725,835599320,1,This app is a joke and so is the support team,"I’ve written two reviews that are magically gone. I’ve been going back and forth with support about a BS violation that they can’t give me an answer for, yet they allow violence, sex, racism and so many other awful things on the app. All they do is hinder small creators and then beg you to promote your posts. DO BETTER. I’m tired of them jerking everyone around.",2026-08-12T19:08:51-07:00
appstore_835599320_14420896448,835599320,2,Hm idk,"Honestly dont like the fact that i lost my messages cus i didnt get seen bc i was tryna go live, not happy abt that btw",2026-08-12T19:02:15-07:00
appstore_835599320_14420884194,835599320,1,Help,So my direct messaging was removed and I don’t think it’s permanent and I don’t receive anything about that duration,2026-08-12T18:57:53-07:00
appstore_835599320_14420882224,835599320,1,getting age restrictions for no reason,i keep getting age restrictions for absolutely nothing like bro it’s genuinely insane i can’t even message people and when i make a new acc to message people it still age restricts me. i can’t even start streaks anymore like it’s so annoying please do better tiktok this is unacceptable,2026-08-12T18:57:08-07:00
appstore_835599320_14420880461,835599320,5,No,Hi,2026-08-12T18:56:30-07:00
appstore_835599320_14420841153,835599320,2,used to be great,used to love tik tok until it locked me out of all features for assuming i'm a minor. not happy about this.,2026-08-12T18:42:07-07:00
appstore_835599320_14420800108,835599320,5,Chuds working,I want my Chinese spy back,2026-08-12T18:27:05-07:00
appstore_835599320_14420750046,835599320,1,Worst app ever,Will ban you for saying anything but will allow soft porn etc to posted.,2026-08-12T18:08:43-07:00
appstore_835599320_14420697889,835599320,1,DO NOT EVER LET DAX ON TIKTOK AGAIN DELETE HIS ACCOUNT IMMEDIATELY HIS MUSIC SUCKS PLEASE,Hi :),2026-08-12T17:49:24-07:00
appstore_835599320_14420691497,835599320,5,Finest,Interesting,2026-08-12T17:46:59-07:00
appstore_835599320_14420649357,835599320,1,It wasn’t letting me change my name,Please fix when it wasn’t please fix. It wasn’t letting me change my name and my birthday and it wasn’t letting me create a new account.,2026-08-12T17:31:18-07:00
appstore_835599320_14420620609,835599320,1,i hate the ai,having a chat box is so dumb and not useful at all. i want to go straight to the video not chatgpt,2026-08-12T17:20:28-07:00
appstore_835599320_14420610187,835599320,1,App has bugs and I can’t get it fixed.,About two weeks ago I suddenly started getting fed content I didn’t want to see and a lot featured keywords I had filtered and accounts I had blocked. I tried multiple ways of fixing this including resetting my fyp but nothing is working and TikTok hasn’t been much help in trying to help me figure out what’s wrong.,2026-08-12T17:16:31-07:00
appstore_835599320_14420566934,835599320,2,Complain,My TikTok doesn’t make calls like other i don’t know why and is updated oo😭😭,2026-08-12T17:00:08-07:00
appstore_835599320_14420541644,835599320,1,banning,bans my accounts for no reason,2026-08-12T16:50:14-07:00
appstore_835599320_14420533330,835599320,5,Help,I want to call on TikTok but I don’t know how to and I need exact information but other wise it’s really great,2026-08-12T16:46:53-07:00
appstore_835599320_14420482131,835599320,3,Tik tok,"I got TikTok in like January and it’s already crashing, I redownloaded it and it crashed again, yall better get that shot fixed",2026-08-12T16:26:45-07:00
appstore_835599320_14420475555,835599320,5,TikTok is life,TikTok is life,2026-08-12T16:24:11-07:00
appstore_835599320_14420458498,835599320,5,Update,Please update the safe tab feature where we can delete everything when we save videos. That’ll be awesome. If you guys can update the app where when we save videos for on TikTok and if we want to remove every video at once without going one by one to unsafe because that is very annoying,2026-08-12T16:17:35-07:00
appstore_835599320_14420457785,835599320,5,Idk,I lowkey just use it too much,2026-08-12T16:17:18-07:00
appstore_835599320_14420455029,835599320,1,Crashes my Instagram now,Crashed instagram now,2026-08-12T16:16:11-07:00
appstore_835599320_14420439313,835599320,5,We have so much fun,We love my app,2026-08-12T16:09:59-07:00
appstore_835599320_14420384156,835599320,5,GIVE ME THE CALL NOW,I can’t call people do something about it now mmk,2026-08-12T15:48:25-07:00
appstore_835599320_14420381152,835599320,2,Перестал работать даже с впн,До этого было всё ок,2026-08-12T15:47:13-07:00
appstore_835599320_14420363729,835599320,3,No shop,It’s not a bad app but I do not have the tick tock shop for some reason,2026-08-12T15:40:25-07:00
appstore_835599320_14420333816,835599320,1,Horrible update on ipad,"Trash update. Can’t watch stories anymore on following tab. they are replaced by “highlighted posts” which is a bunch of accounts i barely interact with, not my favorites. the buttons are too small at the bottom now. Put it back the way it was.",2026-08-12T15:28:41-07:00
appstore_835599320_14420271820,835599320,5,Cool,Just cool,2026-08-12T15:04:54-07:00
appstore_835599320_14420202745,835599320,1,Comments,On Live feeds TT will turn on and off comments with a glitch they have not fixed in their system.  Tickets for support go unanswered with no follow up.,2026-08-12T14:38:31-07:00
appstore_835599320_14420159427,835599320,5,Glory to Netanyahu,This app is amazing I get to see Israel propaganda everywhere it’s like heaven on earth,2026-08-12T14:22:28-07:00
appstore_835599320_14420140692,835599320,2,the obsession with instagram.,"please stop trying to be like instagram. the new layout is absolutely HORRIFIC. if we wanted your app to be like instagram, we wouldn't be on tiktok we would be on INSTAGRAM. and allowing people to call????? oh em gee, the amount of pedos that will abuse that mechanism!!?? please do better with your app!!!!",2026-08-12T14:15:34-07:00
appstore_835599320_14420114856,835599320,1,Incredibly addictive don’t download!!!!!!!,It ruined my ability to think,2026-08-12T14:06:07-07:00
appstore_835599320_14420109552,835599320,5,My account suspended for no reason.,"My account is suspended for no reason when I went back in the app, it showed something and it said log back in and I clicked into my account did everything and it says my appeal was declined or something and it said my account will be deleted on September 10, 2026. I cannot figure this out please give my account back my account name is: ashfi_is_the_best_muslim, I hope anyone can help.",2026-08-12T14:04:11-07:00
appstore_835599320_14420072866,835599320,1,I’m getting no views at all 🥹,"I love the app genuinely but it’s like I’m shadow ban right after doing account checks I’m still getting no views other than my friends seeing them and that’s all I’m flopping really bad and wanna share my skills with others 😭

And not only that for some reason it says I’m restricted from messaging and receiving when I did nothing wrong 🫩",2026-08-12T13:50:55-07:00
appstore_835599320_14420049416,835599320,1,TIKTOK STEALS MONEY.,"They allow predatory auctions to run on their sites; standing behind their “auction protection guarantee”. After spending over 3k on this apps auction, one seller finally got me for $200. $200 is a lot of money to some, not a lot to others, but it’s money regardless. 
TikTok has told me- I counted 17 times so far…. A promised refund day/ time and amount. 
Of these 17 times, it’s changed, flipped, and avoided entirely. They have pushed the blame somehow onto my bank, and Apple Pay for accepting the payment, and a whole loophole of other Bs. Overall, after being a user of TikTok for over 14 years (musically days) I deleted my account, and will no longer support any of their business. CapCut included. (Which I maintained a subscription for) completely unbelievable that they stole over $200 from me after making me return product, accepting the return, and never giving me my money back.",2026-08-12T13:42:18-07:00
appstore_835599320_14420021596,835599320,5,Add calling to everyone,I hate that my friends can be calling on TikTok and I’m stuck on the old one where I can’t do new stuff,2026-08-12T13:32:06-07:00
appstore_835599320_14419991510,835599320,5,Problem?,TikTok I love you but my liked videos won’t save and I’ve tried to delete some liked videos to see if it helps and i can’t delete them what should i do I already updated the app so…can you please respond so i know what to do?,2026-08-12T13:21:08-07:00
appstore_835599320_14419969293,835599320,1,Bad,SOBAd,2026-08-12T13:13:07-07:00
appstore_835599320_14419944782,835599320,5,Ts peak,Just pure peak,2026-08-12T13:04:21-07:00
appstore_835599320_14419932398,835599320,1,They kicked me out,My thing at one time my thing was like they but I said by accident 11 and then I said age and then by accident and I was gonna say 18 but my thing I didn’t read it and they just kicked me out that’s why TikTok pro is better you’re Not doing nothing about it,2026-08-12T13:00:00-07:00
appstore_835599320_14419924321,835599320,1,Auto captions removed for viewers,"The option to turn on auto captions in the viewer settings has been removed. I rely on auto captions to use Tiktok and now it is unusable. Several viewers have complained about this, please fix it ASAP.",2026-08-12T12:57:07-07:00
appstore_835599320_14419900675,835599320,1,Why,"Y can’t I use stickers/gifs 
I’ve tried everything to use them. Even the dumb update. Plus other things I won’t say.",2026-08-12T12:48:48-07:00
appstore_835599320_14419871522,835599320,3,Auto scroll disappeared,Why did auto scroll disappear?,2026-08-12T12:38:32-07:00
appstore_835599320_14419869794,835599320,5,No jodas,Puro pinche polyester edit we #spyderman#polyester,2026-08-12T12:37:56-07:00
appstore_835599320_14419856386,835599320,5,Amazing,TikTok is good for the most part besides a little things like banning people for no reason and age restriction and too many ads after swiping,2026-08-12T12:33:17-07:00
appstore_835599320_14419800887,835599320,1,TikTok fix your app,There is 5 year olds on the app and am older then that and got banned for no reason,2026-08-12T12:14:03-07:00
appstore_835599320_14419772472,835599320,1,Бан профиля за не за что,В этом ужасном приложении вам могут заблокировать профиль за не за что и если вы даже подадите апелляцию и его примут то ничего не изменится и если вы снова что-то поменяете в профиле то вас снова заблокируют,2026-08-12T12:04:22-07:00
appstore_835599320_14419751232,835599320,5,yo,yo,2026-08-12T11:57:07-07:00
appstore_835599320_14419747573,835599320,1,Customer support and account recovery,"The customer support is simply useless.  I've been trying to regain access to my account for a month now, to no avail. when resetting my password, I kept getting the error ""too many attempts, try again later,"" and waiting 24+ hours didn't help. I wrote to support asking for help with account recovery, but they only responded with a generic apology and told me to wait 24+ hours, even though I said that wasn't helping. I wrote TWICE. The second time, I was told to confirm my identity, which I did, and they gave me the standard password reset method. I kept getting the same error, and they kept apologizing and saying there was nothing they could do. They constantly respond with the same generic responses, as if they didn't understand the message or the problem. Because of this, I lost access to my account, which is very unpleasant and frustrating. I would recommend improving the account recovery system because it's currently a vicious cycle where you just waste time and energy and get absolutely nothing. What kind of support is this if they can't help me, respond with a generic response, and write meaningless apologies. I lost access to an account that I consider important to me, and this is partly TikTok's fault. You won't get any help or support from them. They're completely indifferent to the user and their problem.",2026-08-12T11:55:52-07:00
appstore_835599320_14419743970,835599320,5,bring back being able to see the video a sticker comes with💔💔💔,"please i miss it so much, i just want to see where these stickers come from and looking it up is useless💔💔💔💔💔💔💔 PLEASE💔💔💔 TRUMP IF YOU CAN HEAR US PLEASE SAVE US",2026-08-12T11:54:38-07:00
appstore_835599320_14419737568,835599320,4,Very fun and time consuming,"Get addicted very fast, but it is great for entertainment and educational purposes.",2026-08-12T11:52:28-07:00
appstore_835599320_14419732196,835599320,2,This should change,TikTok ur app won’t let me follow anyone or search things up please fix this,2026-08-12T11:50:36-07:00
appstore_835599320_14419721669,835599320,5,Unsend messages,Can you add unsend messages for everyone not only delete for me !,2026-08-12T11:46:57-07:00
appstore_835599320_14419687564,835599320,5,guve me voice notes pls,pls baba,2026-08-12T11:35:24-07:00
appstore_835599320_14419685031,835599320,1,Hater,People should be on TikTok for if they want to not wait till their 13,2026-08-12T11:34:34-07:00
appstore_835599320_14419667565,835599320,1,Suspended me for no reason,"They suspended me,and they didn’t give me a reason..I don’t know why they did.I didn’t do anything wrong and I have built a reputation on there and it was my favorite app to watch videos.Now I can’t and I’m never using it again.Thanks a lot TikTok. And also 8 year olds get away with posting their faces? Why me. I don’t even post my face and I get suspended your just unfair. So unfair.",2026-08-12T11:28:29-07:00
appstore_835599320_14419664869,835599320,5,Great app,Stimulating but fun. Love from Jesus,2026-08-12T11:27:34-07:00
appstore_835599320_14419650084,835599320,3,Uneeded Rules,"Good content, everything is good. Except for the text messaging rules, u should be 13+ to have TikTok; so y shouldn’t it be the same for messaging?! Stupidest rule I have ever heard on an app",2026-08-12T11:22:32-07:00
appstore_835599320_14419648864,835599320,5,"TikTok, please help me out.",This app is great honestly! But I can’t change my profile picture. It keeps saying something like “you’ve changed your profile picture too many times today! Please try again later” something like that but I haven’t changed my profile picture for months now and it won’t let me change it!! TikTok please fix this!! My user is hannah921,2026-08-12T11:22:07-07:00
appstore_835599320_14419633686,835599320,1,Evil live in this app.,"Dangerously coercive ai algorithms, mental  manipulation and exploitation.",2026-08-12T11:16:57-07:00
appstore_835599320_14419574151,835599320,2,.,TikTok I’m getting real tired of you. Yk I love you but you keep restricting videos that literally have nothing to do with your violations at all. Literally was making a video of the gabbi sound “I claimed outta my head and watched my self” ykwim and it got removed for the caption that said “why did I hit ts tho 😭🕺💃” like r we deadass. Another video was removed for the caption “are you laced!?” Which I kinda get that but I was literally just quoting what the song said. You should have a thing where if it’s the caption that’s the problem the video doesn’t get flagged/removed but instead we get a “hey you need to change the caption before we take this video down” cause ts fr be,2026-08-12T10:56:39-07:00
appstore_835599320_14419573591,835599320,5,Dear TikTok,Best app ever can I get a reply,2026-08-12T10:56:27-07:00
appstore_835599320_14419551408,835599320,1,Update,It won’t let me update for some reason,2026-08-12T10:48:59-07:00
appstore_835599320_14419528612,835599320,1,TikTok Sucks Now,"I don’t see any of what I come to this app for anymore, since that jerk took over.",2026-08-12T10:41:33-07:00
appstore_835599320_14419499758,835599320,5,خايس,يعلق و مايرسل رسايلي ويلقمني بدون سبب ؟,2026-08-12T10:32:16-07:00
appstore_835599320_14419467237,835599320,2,I am Shadowbanned,"My account has been shadowbanned for almost a year now. It is really frustrating to be creating videos and not getting the engagement they deserve, while others are getting engagement for less. Please do something about it. My username is tiny_august. Thank you o",2026-08-12T10:21:50-07:00
appstore_835599320_14419458506,835599320,1,Damn ads man,I used to be like one ad every like 10 skids now is evey third time a damn ad it’s annoying,2026-08-12T10:19:01-07:00
appstore_835599320_14419439371,835599320,4,Good,Oh…..does anyone else doesn’t have the update?,2026-08-12T10:12:52-07:00
appstore_835599320_14419437559,835599320,5,Doomscrolling,I love doomscrolling on this app,2026-08-12T10:12:17-07:00
appstore_835599320_14419341379,835599320,1,Alr one star is a bit dramatic but hear me out,Fix the bug where you can’t send some people videos when you can still dm them,2026-08-12T09:42:38-07:00
appstore_835599320_14419297186,835599320,3,🫩,Tt when I post a vid I see a message that says this can’t go viral why,2026-08-12T09:29:15-07:00
appstore_835599320_14419271983,835599320,3,"I gave it a three stars because whenever I scroll on TikTok, Jesus keeps popping up everywhere on my",For you page,2026-08-12T09:21:41-07:00
appstore_835599320_14419245908,835599320,5,Hola amigo del canal,Fenabito,2026-08-12T09:13:50-07:00
appstore_835599320_14419118612,835599320,1,TikTok sucks now,Reports are useless and TikTok defends racism. do better,2026-08-12T08:36:49-07:00
appstore_835599320_14419025859,835599320,4,I love it,"But for some reason, I can’t go live even though I’m 18",2026-08-12T08:10:17-07:00
appstore_835599320_14419025628,835599320,3,"Uhm,,,what?","My account was deleted for stating my age, now, first of all, the age required for this app isnt realistic. Second, an eight year old can share their age and they aren’t banned, Third, after trying to watch signed out ït kept forcing me to login.",2026-08-12T08:10:13-07:00
appstore_835599320_14418998683,835599320,4,photos,"I do like TikTok, I’ve been using it for many years but when people post pictures they should be allowed to delete/rearrage/add whatever pictures they want after posting.",2026-08-12T08:02:38-07:00
appstore_835599320_14418896955,835599320,1,Ai gallery,"I used the new feature for the first time, the Ai gallery. And it went to the Ai gallery and couldn’t delete it.",2026-08-12T07:34:17-07:00
appstore_835599320_14418862781,835599320,1,Racism,Tiktok banned ruby bridges for no reason because the are racist and hate to see people stepping up about the oppression black people face and it seems to me that BILLIONAIRES can’t stand that??,2026-08-12T07:24:44-07:00
appstore_835599320_14418738452,835599320,1,Doesn’t take down violations,"Yeah this app picks and chooses what they want to consider a violation. I said the word “rigged” once, and it gave me a strike. But whenever I report many, MANY impersonation accounts that request to follow me and impersonate the people I genuinely follow, they say that “no violation is found.” Or when there was literally women walking around with no shirt or undergarment on, and when I reported it, they found no violation. This is not only awful for people engaging in other people’s content, but this is awful in that impersonation content and genuinely inappropriate content will not be taken down.",2026-08-12T06:49:56-07:00
appstore_835599320_14418730632,835599320,1,"I got banned from TikTok, live for no reason",1,2026-08-12T06:47:40-07:00
appstore_835599320_14418557201,835599320,2,To many bugs,There are way too many bugs and I can’t do anything.,2026-08-12T05:57:26-07:00
appstore_835599320_14418544529,835599320,3,Really good app but can use some changes,"I love using TikTok but the TikTok support A.I doesn’t help much at all, I’m not able to delete messages and I tried asking what to do and it said it wasn’t supported, so that has been extremely aggravating for me.",2026-08-12T05:53:41-07:00
appstore_835599320_14418519528,835599320,2,Making changes for the worse,"50% of my FYP consist of ads. Also when I try to buy something on the app, it will no longer let me see the reviews.",2026-08-12T05:46:11-07:00
appstore_835599320_14418491190,835599320,1,Very displeased,Too one sided now. Used to be a great app now you can’t even comment without it being taken down for saying something factual while others can get away with saying the most messed up things.,2026-08-12T05:37:28-07:00
appstore_835599320_14418482050,835599320,1,logins,yall need to fix the logins tf,2026-08-12T05:34:42-07:00
appstore_835599320_14418392882,835599320,5,I like it but i dont like how it looks like instagram i want it back to normal i hate the update,I want my old profile backkk,2026-08-12T05:07:06-07:00
appstore_835599320_14418162100,835599320,1,The limit the views,"I could see why they would limit views , it’s like they put your account on a restriction. Despite having multiple accounts with quarter mill followers. Well I’ll keep putting them to the test they already failed this one. Let’s how there algorithm gets dismantled",2026-08-12T03:49:23-07:00
appstore_835599320_14417859649,835599320,5,✨❤️,Шикарноооо❤️‍🔥,2026-08-12T01:52:50-07:00
appstore_835599320_14417762147,835599320,5,TikTok is aura,Butt stinker,2026-08-12T01:12:57-07:00
appstore_835599320_14417740628,835599320,1,DONT GET THIS APP!!,"DONT DOWNLOAD!!!

Do not get this app they are scams your get your account taken for no reason this is a fraud app do not get this app it’s so bad and they need to let kids get this app aswell and let kids make videos and be inspired and maybe we will have more good people in this world full of racism",2026-08-12T01:04:02-07:00
appstore_835599320_14417723558,835599320,5,Add more,We need to be able to log into all the accounts that we had on the same device and also put locks on detail messages like if we click a message we can add a password to be in those messages with that person,2026-08-12T00:57:03-07:00
appstore_835599320_14417711071,835599320,1,Sure the app is good but the moderation for reporting sucks,"I’ve reported many hateful accounts and comments which fit the T of hatespeech and bullying in which got a simple this doesn’t violate our policies which it obviously did 
Another thing is when reporting an account for impersonation you can only pick between yourself and a celebrity why can’t you pick a specific person they’re impersonating why just a celebrity I mean you can’t just type the reason you report just check a box and hope the report is actually looked at and not auto filtered to doesn’t violate our policy anyway the report system needs major work.",2026-08-12T00:51:56-07:00
appstore_835599320_14417691449,835599320,4,Its good,...,2026-08-12T00:43:54-07:00
appstore_835599320_14417684171,835599320,4,репосты,"добавьте кнопку «удалить все репосты» этого уже все хотят, я вас умоляю😭🙏",2026-08-12T00:40:50-07:00
appstore_835599320_14417660986,835599320,4,some changes,"tiktok is an overall good app, i have nothing much to say about that. Although, i do think there should be an update where you are able to change your video covers no matter how long ago the video was posted. It is frustrating because i have videos i cannot delete but want to change the cover of. I’m leaving this in hopes of an update for this issue.",2026-08-12T00:31:12-07:00
appstore_835599320_14417550565,835599320,5,L,I can’t get Live Photos and can’t see Live Photos on TikTok,2026-08-11T23:44:53-07:00
appstore_835599320_14417510769,835599320,5,hihi,great love it but highkey you should add where you van search by hashtag in your reposts.. if u ask why i have no answer other than people can prove they’re not a larp like if i search #hxh i can see all the hxh videos ive reposted ok #fairs,2026-08-11T23:27:50-07:00
appstore_835599320_14417503820,835599320,1,Ll,I can’t call it’s not fair everybody else gets to call on tt,2026-08-11T23:24:56-07:00
appstore_835599320_14417480058,835599320,5,tiktok,it won’t let me update and i can’t call or do anything that the update does,2026-08-11T23:14:41-07:00
appstore_835599320_14417440948,835599320,3,Please don't,I don't think you should it maximum trys please try again later,2026-08-11T22:57:40-07:00
appstore_835599320_14417433483,835599320,5,The reason why I love TikTok,It’s because I love scrolling and I love texting people and I love watching endless videos and I love posting trends and I love posting stories and I love seeing trending videos and I love how all the memes came from TikTok,2026-08-11T22:54:20-07:00
appstore_585027354_14428833015,585027354,3,ETA issues / Odd routes,Recently this app has been taking me on odd routes it usually wouldn’t take me to the same place i usually do that aren’t even faster. Along with this my ETA would work and part way through it would get stuck at a certain minute mark all the way to my destination even when i arrive. Tonight i drove to my house and it got down to 11 minutes and stuck there all the way to my destination. this app has been pretty much perfect for years up until now.,2026-08-14T17:57:48-07:00
appstore_585027354_14428689579,585027354,5,ល្អ,ងាយស្រួលខ្លាំងសម្រាប់ខ្ញុំ,2026-08-14T17:03:57-07:00
appstore_585027354_14428641457,585027354,5,Relazione Google maps,Recensione del tifo Pisa,2026-08-14T16:45:15-07:00
appstore_585027354_14428596464,585027354,1,Unreliable,Frequently over compensates that massively add time to routes,2026-08-14T16:27:50-07:00
appstore_585027354_14428453575,585027354,5,Kevin,Zúñiga,2026-08-14T15:32:50-07:00
appstore_585027354_14428408914,585027354,1,Terrible,Sent me thru the side road of a high way when I clearly selected that I was on a bike. Almost got ran over several times.,2026-08-14T15:15:54-07:00
appstore_585027354_14428366660,585027354,5,Google Maps,I enjoy Google Maps,2026-08-14T14:59:51-07:00
appstore_585027354_14428361942,585027354,5,Excelente,Muy bueno,2026-08-14T14:58:02-07:00
appstore_585027354_14428296472,585027354,2,Do better,Can u guys stop suggesting stupid routes that freaking delay me and stop suggesting it as the fastest route. Genuinely pisses me off,2026-08-14T14:33:08-07:00
appstore_585027354_14428273347,585027354,1,worthless junk,the AI or whatever they’re utilizing will screw you over and over. i wouldn’t recommend this app to my worst enemy,2026-08-14T14:24:26-07:00
appstore_585027354_14428191470,585027354,5,¥€£€¥€£€€£,"The app is good BUT…, the tracker is literally going behind me like a ghost 😭🙏",2026-08-14T13:54:18-07:00
appstore_585027354_14428022000,585027354,2,Sucks,"Maps on iPhone sucks, you try to orientate yourself when you zoom out and if you’re not careful it keeps snapping to zoom back in.",2026-08-14T12:53:34-07:00
appstore_585027354_14427866888,585027354,2,Better than Apple,"Navigating is just ok with Google Maps. I don’t need to know to continue straight on most interchanges, but that’s a minor issue. Biggest problem is trying to zoom in or out the map shoots off miles from where I was looking. It happens every single time. Makes it incredibly difficult to see further ahead",2026-08-14T12:00:00-07:00
appstore_585027354_14427691172,585027354,1,I hate this app,Know that episode of the office where the GPS is leading Michael into a lake. I feel like Google Maps does this to me regularly. I'm constantly wondering… Why on earth would you have taken me this way when there's a clear obvious way to go right in front of me? I wasted a lot of time using this app,2026-08-14T11:01:46-07:00
appstore_585027354_14427327680,585027354,1,AI problem,No need AI here,2026-08-14T09:09:45-07:00
appstore_585027354_14426891681,585027354,5,Helpful,"Needs more work in the rural areas, but is otherwise very helpful.",2026-08-14T07:07:14-07:00
appstore_585027354_14426259590,585027354,2,Don’t depend on pin,This app was my go to for marking spots(pins) I needed to return to in the future but somehow it doesn’t work now on my iPad.  When I drop a pin it now magically moves the east by hundreds of feet.  This makes it almost unusable and very frustrating.,2026-08-14T03:53:14-07:00
appstore_585027354_14426067084,585027354,1,Wrong direction,It’s a stupid app never going to improve no matter what,2026-08-14T02:42:01-07:00
appstore_585027354_14425206743,585027354,2,Learn on/off ramp,Google Maps needs to learn when on ramps and off ramps of major highways are closed. Or at least provide a way for people to tell Google Maps when a road is closed. Lane closure does not work.,2026-08-13T20:40:36-07:00
appstore_585027354_14425062580,585027354,5,Solid app,"For the most part would give a 4.5 rating just because perfect is a very, specific rating however - a very useful software.",2026-08-13T19:45:08-07:00
appstore_585027354_14424948927,585027354,2,"Functional, but bad with toll roads","App works fine, less well than it used to. But for the love of all that’s holy, it needs more than a “toll” or “no toll” option. I’ve been fined twice for using a fast lane because Google automatically recommends them. On testing even if the time distance is basically the same, it’ll recommend a fast lane with a toll for a transponder I don’t have. Treacherous. Turning off tolls can mess up all kinds of navigation. There has to be an “ignore fast lanes” option or this will keep being the most expensive free app on my phone. This has been a known issue for years.",2026-08-13T19:02:33-07:00
appstore_585027354_14424910929,585027354,1,Devolving slop,Impressive how big tech finds ways to make their once-useful products into steaming piles of worthless slop that’s then added to the giant slop pile where all tech goes to die.  This is the current state of Google Maps.,2026-08-13T18:48:23-07:00
appstore_585027354_14424807185,585027354,1,Sending directions to iPhone is broken,Google Maps has gotten so bad but I only use it for one feature on the desktop. Now that feature got broken. I used to be able to send directions to my phone and now it doesn't work. Trillion dollar company and they can't even get simple features right,2026-08-13T18:10:16-07:00
appstore_585027354_14424340877,585027354,5,Ashley Huber location,Amazing!!!,2026-08-13T15:11:07-07:00
appstore_585027354_14424332252,585027354,3,It’s gotten worse,"When I add a stop to my route and reach it, Google maps Will Sese to function, and I will have to close the app, and open it back up again and re-enter my final destination. Additionally, it has had me take routes that don’t make sense, like when it had me taken exit off of the freeway, only to get along, take a longer route to get back on, when there was no traffic. It didn’t used to do these things.",2026-08-13T15:07:50-07:00
appstore_585027354_14424234899,585027354,3,School Zone,"You should have avoid school zone. Just like avoid toll. Avoid highway.

Or maybe a school zone alert whenever vehicles pass by school zones.

You have speed limit. Why not add speed limit on school zones when school has started?

Free idea 😒",2026-08-13T14:30:27-07:00
appstore_585027354_14424211835,585027354,2,Restrictive,"It’s hardly better than Apple and worse than Waze, and you can’t see what number exit you’re taking. That alone made me switch",2026-08-13T14:21:38-07:00
appstore_585027354_14424143402,585027354,1,Address location,Put the address closer to top without need to scroll,2026-08-13T13:55:53-07:00
appstore_585027354_14424138502,585027354,3,Radar lento e inmóvil,Sucede que desde la semana pasada al conducir el circulo se queda congelado y uno avanza y se pierde uno al no tener la indicación a tiempo.,2026-08-13T13:54:03-07:00
appstore_585027354_14424105030,585027354,1,Constantly crashing,"Today’s crash was the last straw. iPhone 15 Pro, iOS 26.6.
App deleted, not going back.",2026-08-13T13:41:44-07:00
appstore_585027354_14423940380,585027354,1,Broken,Search function is broken. Things completely unrelated to searches are 90% of the results returned. Moving to Apple’s native app.,2026-08-13T12:42:32-07:00
appstore_585027354_14423760643,585027354,5,Easy to use,Great,2026-08-13T11:40:47-07:00
appstore_585027354_14423631384,585027354,5,Ramon Carlos Raphael,These guys took great care of us from the moment we walk in they made our time here amazing!,2026-08-13T10:58:03-07:00
appstore_585027354_14423360316,585027354,3,I use Apple Maps,I find it to be the better of the two.,2026-08-13T09:33:01-07:00
appstore_585027354_14423250040,585027354,5,The best!,Never You before,2026-08-13T09:00:23-07:00
appstore_585027354_14423143964,585027354,5,Great job,"Quinton was ready on time for my service appt, scheduled work was done promptly & the inspection reminded me of an alignment that was needed, ty. Cost was reasonable, Quinton was great, loved the popcorn.",2026-08-13T08:29:38-07:00
appstore_585027354_14423134891,585027354,1,Your overly pushing this,I have to drive to multiple locations daily and can never use anything my customers send me because the moment I try to use it it forces the app on me and by the time the app comes up the address is lost stop forcing it and just let me drive,2026-08-13T08:27:04-07:00
appstore_585027354_14422714592,585027354,5,Tuck 56,Works great,2026-08-13T06:28:29-07:00
appstore_585027354_14422698193,585027354,5,Google maps,"My bestfriend! Its really accurate using this app, whenever I have problem with the locations and place, this bestie help me!",2026-08-13T06:23:46-07:00
appstore_585027354_14421472470,585027354,2,Censorship of reviews,"Censorship/ withholding legitimate honest reviews that it doesn’t like. Not in violation of policy, just pure censorship. Cannot trust a dishonest company like this.",2026-08-12T22:56:25-07:00
appstore_585027354_14421198547,585027354,5,"King’s  Furniture and Mattress-Dayton, Ohio","Went into the store to get my wife a recliner and the salesman was kind and walked us through the process and it went smooth.  FREE DELIVERY was the next day and the delivery guys were cool and delivery went smooth. I would Certainly recommend King’s Furniture in Dayton, Ohio.",2026-08-12T20:58:58-07:00
appstore_585027354_14421163326,585027354,5,My Favorite,⭐️⭐️⭐️⭐️⭐️,2026-08-12T20:44:26-07:00
appstore_585027354_14421142569,585027354,1,Google Maps in NYC,"I’ve used Google Maps as my default navigation app for years, but after a week in NYC, I’m pretty disappointed. It repeatedly gave me bad directions, confusing subway routes, and on several occasions left me stranded. A couple of times the routes were downright unsafe.

NYC transit is complicated enough without your navigation app making it worse. I’m switching to Citymapper for NYC. Google Maps may be great in other places, but I wouldn’t rely on it here.",2026-08-12T20:36:00-07:00
appstore_585027354_14421131098,585027354,2,Constant rerouting,"The app is fine when it works, however, lately it keeps automatically changing my route without asking me or notifying me, taking me off of the route that I manually selected to avoid roads and areas that I know I want to avoid. Almost all of the time, the result is the route I actively chose to not use. Multiple times, I have very nearly been late to appointments or other obligations because it moved me onto a route that frequently has sudden bad traffic.",2026-08-12T20:31:24-07:00
appstore_585027354_14421090841,585027354,1,"Not great, creates fake routes",Be careful trusting this app sometimes it’ll be creating routes that doesn’t exits!!!!,2026-08-12T20:15:29-07:00
appstore_585027354_14420812260,585027354,5,The most fun I’ve had on a ship,"I was on the Norwegian star recently and attended 3 park west auctions. I really liked the format. I didn’t feel pressured to buy, just fun and information that I ticked me to buy. There was free art for participating too. Rene and Mako were the ones I talked to most. I liked them both and spent a couple hours just talking with Rene. It was delightful. I bought 2 memorable pieces I’ll enjoy forever. 
Mishele",2026-08-12T18:31:33-07:00
appstore_585027354_14420692095,585027354,5,Aleishia,"EcoShine does our office suite on a regular schedule and where they really earn it is the bathrooms and kitchen. Those two spots were a constant fight with the last company we had. Now the floors get mopped, carpets vacuumed, and it looks like someone actually cared instead of a quick wipe down. The greener products were part of why we went with them and I like that there's no sharp chemical smell hanging around after. Place feels fresher when I open up in the morning. Scheduling has never been a hassle either, which is really all I was hoping for.",2026-08-12T17:47:13-07:00
appstore_585027354_14420184963,585027354,1,Doesn’t work,I’m going to a location and tells me “turn right after (location  headed to)” as I’m already passing it,2026-08-12T14:31:55-07:00
appstore_585027354_14419895850,585027354,5,RAV4,"Alexis me ayudo super 
bien de principal a fin, muy recomendado!",2026-08-12T12:47:05-07:00
appstore_585027354_14419828497,585027354,5,Mosquito Joe,"Chris was just here treated our property , very thorough and professional , I will always use mosquito joes service",2026-08-12T12:23:35-07:00
appstore_585027354_14419722589,585027354,5,Love it,Makes things easier,2026-08-12T11:47:16-07:00
appstore_585027354_14419558958,585027354,5,Better than Apple Maps,"I’m sorry Apple, but Google Maps is just better. Google Maps works every time, I can’t say the same for Apple Maps. Google Maps is predominantly better.",2026-08-12T10:51:29-07:00
appstore_585027354_14419370318,585027354,5,Amscot Thankyou Gilbert for your excellent service and for helping me today i appreciate you so much,Gilbert,2026-08-12T09:51:27-07:00
appstore_585027354_14419335739,585027354,5,Dentist,"Rafael was great, cleaned my teeth made them WHITE. 10/10 service would highly recommend.",2026-08-12T09:40:54-07:00
appstore_585027354_14419239181,585027354,1,Adding Stops does not calculates the last stop,"Fix this bug and I will switch back to 4 stars.  I added one stop and it’s only giving the directions to the first stop, not including the final destination",2026-08-12T09:11:52-07:00
appstore_585027354_14419232344,585027354,1,App lacking lately,"The app used to be one of the better apps out there now it lacks on traffic, delays tie ups and other announcements as as well as incorrect address addressing",2026-08-12T09:09:49-07:00
appstore_585027354_14419161386,585027354,1,Mindless fatal flaw,No voice during phone calls after the update is absolutely pathetic and mindless. Did monkeys oversee this update?,2026-08-12T08:49:05-07:00
appstore_585027354_14419149197,585027354,5,Sam Pantano,"I visited the Hendrick dealership in Durham, NC and received phenomenal service from Sam Pantano. Outside of being a great professional at his job, he is very personable and patient. He was diligent in helping me find a vehicle big enough to accommodate my family without going over budget. By far, the best I’ve met at his job. Highly recommend visiting him and let him help you get your next ride.",2026-08-12T08:45:34-07:00
appstore_585027354_14419128261,585027354,4,Please update timezones,"This app is great, but it would really be improved if maps accounted for timezone changes in its ETA. Right now, it switches only as you arrive to the time zone changes, instead of anticipating it in the arrival time. It would be great to have an option to switch arrival to local time, like they do at airports.",2026-08-12T08:39:31-07:00
appstore_585027354_14418886368,585027354,1,Terrible -Zoom does not stay,Why would you have a driving app that requires you to zoom in every time you need to use it to see streets clearly? Smfh!,2026-08-12T07:31:21-07:00
appstore_585027354_14418829956,585027354,1,What happened to destination searches,Used to be you put the first letter of a saved destination in the search bar and it would immediately pop up.  Same if you started to type in a recently visited location.  All that is gone now.  Need to either know the address already or find the location in your saved lists.  Why these companies actively make their applications worse over time is beyond me,2026-08-12T07:15:35-07:00
appstore_585027354_14418678018,585027354,1,Terrible,Who is in charge of this app? A monkey on a unicycle? Why does it purposely take you the longest way possible?,2026-08-12T06:32:38-07:00
appstore_585027354_14418556875,585027354,1,Trash!!!,"It was pretty good for the first 18 years.  It is absolute GARBAGE now.  Unusable.  NEGATIVE 1,000 ⭐️’s.",2026-08-12T05:57:20-07:00
appstore_585027354_14418376836,585027354,1,Disappointing!,"I enjoy this app but am constantly and completely frustrated that you cannot save a detailed trip with origin and destination points, additional stops or other information, and a planned departure time!!!",2026-08-12T05:01:58-07:00
appstore_585027354_14418230266,585027354,5,Google Maps doesnt get us lost,Love Google,2026-08-12T04:13:22-07:00
appstore_585027354_14417211242,585027354,5,9919,mission hill,2026-08-11T21:17:47-07:00
appstore_585027354_14416888008,585027354,5,Izaan,Izaanxh,2026-08-11T19:11:25-07:00
appstore_585027354_14416385800,585027354,1,Update Update Update,Every tone you try to use it you have to update ...,2026-08-11T16:03:03-07:00
appstore_585027354_14416223053,585027354,5,Cool!,Cool!,2026-08-11T14:59:35-07:00
appstore_585027354_14416214488,585027354,5,Idk,This i good,2026-08-11T14:56:18-07:00
appstore_585027354_14416160147,585027354,5,Google Maps App,"Google Maps and I get along very well and one of the features that I like the best is that you can set it up to tell you what the toll cost on your route is going to be, because sometimes that affects the way I go.",2026-08-11T14:35:33-07:00
appstore_585027354_14416120338,585027354,1,Ads while using GPS,I get ads to stop at local fast food places while trying to drive. This is unacceptable,2026-08-11T14:20:37-07:00
appstore_585027354_14416083123,585027354,5,Wonderful!,Great food. Beautiful restaurant. George and Joe were so nice and friendly. The service was excellent!,2026-08-11T14:06:54-07:00
appstore_585027354_14415690581,585027354,5,Toro doddle love orI olove the fact,IThe or Oreo,2026-08-11T11:49:44-07:00
appstore_585027354_14415519492,585027354,5,The Little things were Big,"We could not have asked for a better wedding photographer! From the very beginning, she was incredibly professional, responsive, and easy to work with. The entire hiring process was seamless, and she made everything feel effortless.

Her creativity is truly exceptional. She has an amazing eye for capturing the little moments that you might otherwise miss, and her candid photographs are absolutely beautiful. She captured the emotion, energy, and personality of our wedding in a way that feels completely authentic to us.

And one of our favorite parts—she perfectly captured our dog as our ring bearer! She somehow managed to photograph all of his personality and the special role he played in our day, which means so much to us.

Beyond her incredible talent, she was simply a pleasure to have around. Professional, personable, unobtrusive, and genuinely fun to work with. We are thrilled with our photos and will treasure them for years to come.

We highly recommend her to anyone looking for a photographer who combines exceptional professionalism with truly outstanding creativity and artistry!",2026-08-11T10:53:51-07:00
appstore_585027354_14415345765,585027354,5,McLain’s Joshua & Braeden,"Excellent work! Dynamic duo coordinated the work beautifully and were on time, very professional, and efficient. Highly recommend.",2026-08-11T09:59:22-07:00
appstore_585027354_14415245116,585027354,5,LuckyDuck!,Rich is amazing! So friendly and helpful and always get a great wash!!,2026-08-11T09:29:12-07:00
appstore_585027354_14414874036,585027354,1,BAD 0/10,IDK if they started using AI optimization or something but maps has lost it’s functionality it will reroute you multiple times for no reason and give you routes that don’t make any logical sense to take when other more convenient conventional routes are available it tries taking you on freeways when they are literally closed for construction and the estimated arrival times aren’t even matching up I arrived at my destination while it said I had 10 minutes of driving to go. I used to love Google Maps and count on it but now it’s causing me way more stress to use.,2026-08-11T07:44:06-07:00
appstore_585027354_14414687854,585027354,1,The worst,"Had to redo my review because they like to control who gets to, and who doesn’t get to leave a review typical though for lack of accountability",2026-08-11T06:53:15-07:00
appstore_585027354_14414661974,585027354,1,a,a,2026-08-11T06:46:00-07:00
appstore_585027354_14414479510,585027354,5,Great,We loved our visit here.  The drinks and the vibe were great!! I needed to make a quick purchase exchange from the day before so I could hop on my cruise ship that morning and they made it easy breezy.  Thanks 🤘🏻,2026-08-11T05:53:53-07:00
appstore_585027354_14414296513,585027354,5,Info,They need to update satellite for this year and I don’t see Google Maps street cars this year,2026-08-11T04:58:47-07:00
appstore_585027354_14414169755,585027354,1,Sucks,Apple Maps way better. Google sucks at everything.,2026-08-11T04:18:23-07:00
appstore_585027354_14413800912,585027354,1,Traffic lines,There is no traffic lines what’s going on? It just disappeared.,2026-08-11T02:06:53-07:00
appstore_585027354_14413577188,585027354,1,Fraudulent activity,"Pull system logs. Application is manipulating date, location and time data in order to create fraudulent two factor authentication",2026-08-11T00:40:42-07:00
appstore_585027354_14413451551,585027354,4,Terrible customer service,"It was maybe 225 am my husband and I just got off of work and we walked into 7-Eleven because I really wanted to buy some of their buffalo rollers as soon as we walked in the lady was leaning kind of over-the-counter talking to some man inappropriately and then I said oh they have the rulers on the grill that’s amazing. No other 711 has them cooking this late the lady abruptly approaches and says that I can’t come into their store because my purse looks like a tote bag. My purse is a Louis Vuitton tiny square bag. And then she said those rollers  are not done and then I said could I  
Purchase them she said no that is our food to sell. This woman was so tall and large and overpowered me and was so rude. I have never been into a store where someone approaches you aggressively that is a representative of the company. She told me you’re just gonna have to buy something over here that’s called and I said yeah I wanna buy the buffalo rollers and she said the buffalo rollers is our food to sell and not sell it cold I said oh I’m sorry the other 711s do and she said well they’re wrong and this is my store after being treated and basically called a thief. I did not purchase and I just left. My feelings were hurt she made me feel really bad about myself by screaming, and repeating to put my purse on the counter. I’ve never stolen a thing in my life and this woman wishes so nasty. This isn’t the first time I’ve gotten into this store and they’ve been rude. I’ve gone in before and he had flies on their rollers. The workers are smoking outside the doors this is a real shame because they just built this 711 within the last year and a half",2026-08-10T23:50:47-07:00
appstore_585027354_14413012178,585027354,5,Amazing,Amazing,2026-08-10T20:38:30-07:00
appstore_585027354_14412407625,585027354,5,Ryan trayhan,Great app,2026-08-10T16:44:49-07:00
appstore_585027354_14412316481,585027354,1,Home maker,Voice directions and turn by turn steps do not work. I can’t take time out to look at the map provided. Very disappointing.,2026-08-10T16:08:57-07:00
appstore_585027354_14411925996,585027354,1,Garbage,Absolute garbage. People complain about Apple Maps? Give me a break. They can’t update new addresses in an EXISTING development for years. Good luck with your packages if your courier uses Google Craps. This nonsense makes me irrationally angry. After this bs this will NEVER touch ant of my devices for as long as I live.,2026-08-10T13:40:59-07:00
appstore_585027354_14411904662,585027354,1,"Used to be king, now it’s worthless",Increasing AI inclusion has led to this formerly best-in-class navigation app hallucinating traffic signals and even entire roadways along a route.  Directions have degraded to the point where you will be told “take the exit on the right” with no further information at all on a stretch of 70mph highway with three exits within a half mile.  It is so worthless it wraps around to actually dangerous - this is something people are relying on to drive!!,2026-08-10T13:33:22-07:00
appstore_585027354_14411903886,585027354,5,j,🤓👋🔥👳🏽‍♂️🧔🏻‍♀️🪔🧔🏻‍♀️🔥🏡🔥🐢👋,2026-08-10T13:33:05-07:00
appstore_585027354_14411771958,585027354,5,Fernando de Amscot,Excelente atención de Fernando!!!,2026-08-10T12:47:14-07:00
appstore_585027354_14411762340,585027354,3,Nope,Sent me to a probation office thats been closed for years,2026-08-10T12:43:59-07:00
appstore_585027354_14411571901,585027354,5,Friendly,Friendly helpful staff!,2026-08-10T11:39:52-07:00
appstore_585027354_14411277885,585027354,4,problem,It says I’m in 58-25 but I’m actually in 58-27,2026-08-10T10:06:19-07:00
appstore_585027354_14411258267,585027354,2,No highlights of roads ur going to travel how are u supposed to know what road your on????,Apple much better,2026-08-10T10:00:25-07:00
appstore_585027354_14411048229,585027354,5,Amazing service at great price,Scott literally saved our vacation with replacing a tire in record time to get us back on the road. I couldn’t believe the low fair price when he said it. I wished I lived in town to be able to give them my business more often.,2026-08-10T08:57:18-07:00
appstore_585027354_14411046806,585027354,1,Zoom pinch,Zoom will not center on screen. Pin drop places pin 2-3” from where finger is placed,2026-08-10T08:56:54-07:00
appstore_585027354_14411012450,585027354,1,Severe Downturn,"I used to use Google Maps all the time, but recently the app has been absolutely awful. Inaccurate location detection, supremely delayed navigation, and poor address search make it terrible. It marked my destination as a mile and a half from where I actually need to go two weeks ago. Last week it marked my currently location in my state’s capital city as a full TWO MILES AWAY from where I actually was. I’m moving to a new app because Google Maps is borderline useless now.",2026-08-10T08:46:47-07:00
appstore_585027354_14410739861,585027354,5,Excellent,"Very satisfied with the service. Yanet was extra helpful, cordial, patient and professional",2026-08-10T07:28:01-07:00
appstore_585027354_14410566775,585027354,5,Love it…,I am Michael Joseph Parker Hull Balisteri Deiter,2026-08-10T06:38:02-07:00
appstore_585027354_14410373832,585027354,5,Happy tummy,Their food is great! Chicken n waffles the best I ever had.Turqua is very friendly!,2026-08-10T05:39:46-07:00
appstore_585027354_14410304123,585027354,1,Buggy background behavior,"Since a recent update I’ve been seeing this issue: I’m driving and navigating to my destination in the app and in CarPlay, and I app switch over to something else like my music… the navigation still works… but as soon as I switch back to the Google Maps app it seems to have lost all navigation state. My destination is gone, the route is gone, the map tiles are gone. It’s happening on my husband’s phone too so I do think it’s the Google Maps app, not my phone being out of memory or something. Maps should be able to save and restore the nav state to disk in case Apple kills the app",2026-08-10T05:17:34-07:00
appstore_585027354_14410219451,585027354,5,Game changer,"Take a moment and think about how this GPS technology developed by Google has changed the world.   No more reading maps, less U Turns,  how much gas/energy it saves each day by getting people to there destination efficiently and fast(not getting lost).",2026-08-10T04:49:38-07:00
appstore_585027354_14410068565,585027354,1,It'll get you a ticket,"I was checking the directions from this application, I went into street view just to make sure I would be following all the laws. The application was literally telling me to make an illegal u-turn. I don't know how I will get there now, I just hope to do it safely.",2026-08-10T03:56:15-07:00
appstore_585027354_14409101618,585027354,5,Great customer service,"I have to give a shout out to the night time manager. His name was David Johnson and at 1:30 AM, when we finally arrived from our 7 hour drive and our room was found to have a clogged bathtub, he personally took me to 3 different rooms to make sure we were comfortable and find a room that met our needs. The next day he followed up with us to make sure everything was alright. I was very impressed with his sincerity concern for us.",2026-08-09T21:02:16-07:00
appstore_585027354_14408742528,585027354,1,Google takes you anywhere. Except where you want to go,"Thanks to Google brand new ads I ended up 45 minutes away from my house. This is real time that I wasted because the result of my search with my house address had an ad before it and of course I did what I always do, check the address is correct on the search box and press directions. Lo and behold I’m 45 minutes away from home writing this review in between red lights thinking how much I want to burn to the ground the business that paid for an ad that wasted time and resources for no reason.",2026-08-09T18:38:45-07:00
appstore_585027354_14408550281,585027354,1,Often routes you to the longest way,"Too often the app updates your route to the longest way to a destination. I was driving in LA and the app routed me to get off the freeway. My brother who was driving a head of me and did not get off the freeway, made it to our destination a full 10 minutes before I did. This is only one example.",2026-08-09T17:24:17-07:00
appstore_585027354_14408384137,585027354,5,Maps,Commercial Driver who uses maps every day. Best navigation app currently available.,2026-08-09T16:17:20-07:00
appstore_585027354_14408339052,585027354,1,Traffic,Can an option be added to remove the traffic feature? It’s really annoying how the app makes my journey 10x longer because it makes cars appear,2026-08-09T15:59:07-07:00
appstore_585027354_14408263413,585027354,1,Apple Maps gave me directions when Google couldnt,Routing needs improvement.,2026-08-09T15:28:38-07:00
appstore_585027354_14408234909,585027354,1,Update sucks,"Terrible update, who wants an angled map pov? Overhead all day.",2026-08-09T15:17:13-07:00
appstore_585027354_14408130336,585027354,1,Gives terrible routes,I noticed Google Maps is getting worse at choosing the fastest route. The app will literally send me on a route with a terrible detour because of a closed ramp.,2026-08-09T14:35:58-07:00
appstore_585027354_14408086321,585027354,3,Became fully money oriented,"Was one of the best applications ever, but recently it has become increasingly inaccurate and frustrating to use.

For example, you can be right next to a business, but Google Maps doesn’t show it in the results. Yet, when you search specifically for the business or item, it suddenly appears.

Another major issue is when you search for something specific, such as kosher or halal food. The results often have little or no relation to what you actually searched for. You then have to open each result and spend time trying to figure out whether it really meets your search criteria.

This can result in a significant waste of time. It feels like Google benefits even when users have to spend extra time sorting through irrelevant results.

I used to rely heavily on Google Maps, but because of these issues, I’ve started using Apple Maps much more often.",2026-08-09T14:19:12-07:00
appstore_585027354_14408061035,585027354,4,Muñequito street view,Que pongan el muñequito del Google earth para poder ver bien toda la información actualizada,2026-08-09T14:09:41-07:00
appstore_585027354_14407724020,585027354,5,Pizza Hut,Placed on line order ready for pickup in 15 min. Awesome,2026-08-09T12:09:11-07:00
appstore_585027354_14407690933,585027354,1,Lousy direction,"The app failed me! It didn’t tell me anything about how to get out to where I needed to go. Perhaps if you had left it alone (not updating it) it might have but it failed me! I’m sorry, but I am angry, I can’t get to where I needed to be and the city is still smoky so you can’t see anything.",2026-08-09T11:57:53-07:00
appstore_585027354_14407252453,585027354,2,Search is Now Terrible,"Since businesses pay to have their listings come up in a search, the results are irrelevant. For example, you search for a thrift store and get high-end antiques. Also, I would love for the interface to be customizable. I never use voice search but the microphone icon is right in the middle of the search bar, ensuring I “accidentally” press on it half of the time. Same goes for suggested search buttons like coffee and restaurants. But I get it. I’m not Google’s intended user. I just want a clean, user-friendly map to use.",2026-08-09T09:36:39-07:00
appstore_585027354_14407136325,585027354,1,Constant problems,"It constantly changes the route I selected and I have to hurry up and push the button to cancel before it times out while driving (terrible design). It also constantly has me turning around because it’ll tell you to turn AT THE TURN. And if you’re a person who doesn’t like turning around, have fun, cause it’ll take you so far out of the way just to get back on the right way. It will take you completely out of the way just overall. Terrible directions.",2026-08-09T09:01:46-07:00
appstore_585027354_14406760375,585027354,1,Navegación,Por qué carajo activan la navegación a pies o caminando y no hay manera ni forma de cambiar a que ando en auto sucede en Android,2026-08-09T07:09:51-07:00
appstore_585027354_14406513006,585027354,5,Great job,"Great job, crew and workmanship. I would highly recommend.",2026-08-09T05:52:42-07:00
appstore_585027354_14406509677,585027354,2,Se frisa,No se que pasa que últimamente se frisa mucho el carro no se mueve y no me lleva a los lugares porque reacciona tarde.,2026-08-09T05:51:35-07:00
appstore_585027354_14406229446,585027354,1,stop taking me to your app,its annoying,2026-08-09T04:12:41-07:00
appstore_585027354_14405925245,585027354,2,Feedback form is broken,Why give me menu options and the option to shake the app to give feedback and have the form be uselessly crammed at the bottom so you can't type or speak any feedback. Form is utterly broken. So many little things could be improved.,2026-08-09T02:07:55-07:00
appstore_585027354_14405786151,585027354,5,Ubicación,Yo tengo una ubicación,2026-08-09T01:08:35-07:00
appstore_585027354_14404669448,585027354,1,Needs improvements,"1 Voice directions need improvements when there are tight interchanges. Instructions need to be a bit more detailed and descriptive like Apple Maps 
2. Search results need some common sense filtering.For e.g.when searching for gas stations nearby, it shows the offices of the Energy companies in the list. How is that useful? Recommend to run the results via AI to make them sensible",2026-08-08T17:08:48-07:00
appstore_585027354_14404648893,585027354,5,Google Maps,"Maps help people find the places they want to go to faster ,so thy don’t get confused. Great job and courteous service.",2026-08-08T17:00:24-07:00
appstore_585027354_14404610654,585027354,5,Great service...,We had an issue with the newly installed door lock and they came so fast to fixed it with free of charge...,2026-08-08T16:44:09-07:00
appstore_585027354_14404545603,585027354,5,"BY A MILE!! … The Best ""Map App""","Google Maps is far and away the standout app in its category. 

The directions are well thought-out, like traveling right alongside a local of the area. It's great for finding businesses and services; it boasts the most popular public review board, making it easy to make informed choices no matter what you may be seeking. Many look to Waze for traffic advice, but Google Maps traffic and ""511""-type features seem to be just as accurate and up-to-date. 

Google Maps has it all; that is why it is the only navigation app that I can truly recommend for everybody.",2026-08-08T16:16:36-07:00
appstore_585027354_14404396151,585027354,5,Jc,Best prices Friendly and Helpful Staff,2026-08-08T15:13:46-07:00
appstore_585027354_14404367586,585027354,5,…,rafael was the best and nicest most helping waiter,2026-08-08T15:02:10-07:00
appstore_585027354_14404297608,585027354,5,TUCUMCARI,TUCUMCARI,2026-08-08T14:34:01-07:00
appstore_585027354_14403792095,585027354,5,Great job,It was great,2026-08-08T11:27:24-07:00
appstore_585027354_14403746809,585027354,5,Great sevicre,WHEN I FIRST MET THIS GUY I KNEW WE WERE LOCKED IN RENTALS WENT WELL EQUIPMENT VERY MAINTAINED AN CLEAN NOT TO FAR FROM HIGHWAY MAKING EASY FOR PICKUP AN DROP OFF 🦅,2026-08-08T11:12:03-07:00
appstore_585027354_14403471197,585027354,1,Trash,Can’t see your saved locations anymore. Been like this for awhile now.,2026-08-08T09:42:29-07:00
appstore_585027354_14403464518,585027354,5,非常好用,very good,2026-08-08T09:40:22-07:00
appstore_585027354_14402573207,585027354,1,Is to slow communication,Bad,2026-08-08T05:06:48-07:00
appstore_585027354_14402557431,585027354,2,Big Brother,"It works.  I use this all the time, but it feels like Im submitting to big brother every time.  Im looking for a noninvasive alternative",2026-08-08T05:01:22-07:00
appstore_585027354_14402044426,585027354,5,Reseña,Excelente aplicación,2026-08-08T01:36:32-07:00
appstore_585027354_14401339961,585027354,5,Open,Ja das,2026-08-07T20:25:07-07:00
appstore_585027354_14401161394,585027354,1,Depart time no longer showing,Doesn’t show the time you need to depart when arrival time is set.,2026-08-07T19:13:23-07:00
appstore_585027354_14401101540,585027354,1,Fix nyc transit maps,"NYC is a major city. How do you have station entrances off by several blocks? Ewr trains to the city are buggy. It’s 2026, fix it. Stop being bad at your jobs.",2026-08-07T18:49:51-07:00
appstore_585027354_14400980022,585027354,1,Finding nearby shops,Nearby location should be given rather than running to a 3 mile radius away from the place where we are instead of having it next to the searchers location . This is very worst product in searching of nearby.,2026-08-07T18:02:31-07:00
appstore_585027354_14400753234,585027354,5,Good service,She help me out …make sure yall go check this place out! Ask for Becky!,2026-08-07T16:32:14-07:00
appstore_585027354_14400635936,585027354,1,Traveling…,The app will not allow me to select two different locations and then plot a route between the two points.  It requires one location and where ever I happen to be.  Very frustrating.,2026-08-07T15:45:12-07:00
appstore_585027354_14400621433,585027354,5,Can you s,Rccellent honest,2026-08-07T15:39:21-07:00
appstore_585027354_14400581277,585027354,1,"UBMD, Amherst, NY",“First do no harm.” Withholding medical treatment is unethical. I won’t rest till that’s vindicated. I WAS a very ill patient and you allowed your title and risked your reputation to punish me.,2026-08-07T15:23:21-07:00
appstore_585027354_14400570238,585027354,1,Chose the most unoptimal route,I could have stayed on a single road and made one turn but instead routed me 3 turns through a school zone with multiple lights and unprotected lefts. Never again,2026-08-07T15:19:00-07:00
appstore_585027354_14400561038,585027354,1,DESPISE NEW FEATURES,Google Maps has long been my go to but the newest update makes it incredibly annoying to use. I hate that I cannot turn off any ai features and that alone has me looking for alternative apps. This app is also incredibly useless if you make one wrong turn or miss a turn. It takes forever to re-route—so long that I have had to park and restart the route instead of just driving blind and hoping Google Maps figured out where I am (spoiler it hasn’t). This is absolutely unacceptable and makes the app almost unusable to me. The whole reason I’m using maps is because I don’t know where I’m going and I need Google Maps to QUICKLY re-route so I can get to my destination safely. I also find the new interface incredibly ugly. It’s just similar enough to feel like it’s off but not different enough to feel intentional. Horrible horrible horrible update and if it isn’t fixed soon I’m leaving Google Maps forever.,2026-08-07T15:15:21-07:00
appstore_585027354_14400430543,585027354,5,Service Experts,"Ronald, the technician from Service Experts was fabulous. Very knowledgeable, professional, and pleasant.",2026-08-07T14:24:37-07:00
appstore_585027354_14400356476,585027354,5,Good flowers,Betty was absolutely great,2026-08-07T13:56:27-07:00
appstore_585027354_14400342614,585027354,5,Mira Que Papa,Excelente lugar!!! Exquisita las Papas WoW. Pedí la Papa Asada de Pernil Love it!!!!! Tienes que probarla. Servicio súper amables y serviciales!!!,2026-08-07T13:51:15-07:00
appstore_585027354_14400327635,585027354,4,Very good,I first tried it I loved it had no delays always takes the fastest route,2026-08-07T13:45:36-07:00
appstore_585027354_14400079189,585027354,3,Getting worse?,Used to be an easy 5 stars. Lately with all the AI implementations it gives me changing directions constantly. Like when I’m coming up to a light it will change and say turn last minute. It’s insanely annoying.,2026-08-07T12:16:08-07:00
appstore_585027354_14400022103,585027354,5,Missy,"Thank you, Missy. You are awesome.",2026-08-07T11:56:30-07:00
appstore_585027354_14399972092,585027354,1,Worse app,I have to update every single time,2026-08-07T11:39:20-07:00
appstore_585027354_14399946046,585027354,2,not a good app.,i used to use waze until i found out it is under the jurisdiction of a foreign government that supports mass unalivimg. that app was great ofherwise. google maps is not great. i’ve been using it a week and already found ridiculous errors and inaccuracies and mistakes. the interface is trash. and they collect all your data. that trade off is hardly worth it. shocked at all the bootlickers giving it 5 stars and yet still admitting it is “not perfect”. strange that finding a navigation app with a enjoyable ux experience and decent privacy options is so difficult to find. people need to have better standards and awareness of what they’re giving up to use apps like google maps. bc the bar is LOW. if these companies really just want to aggressively aggregate my data at least make a good product. my god.,2026-08-07T11:30:25-07:00
appstore_585027354_14399872041,585027354,5,عالییییی,بود,2026-08-07T11:05:38-07:00
appstore_585027354_14399871114,585027354,1,Google Maps no longer opens from iMessages,"I have long been a fan of Google Maps - it’s way better than Apple Maps. But for several months now, any map link from a text message gets interrupted because Google Maps needs to update before it will open the map location. This is so frustrating that I’ve decided to switch back to Apple Maps. So frustrating.",2026-08-07T11:05:21-07:00
appstore_585027354_14399718563,585027354,2,Bugs and inconvenient at times,"- Doesn’t suggest the fastet route
- notifies of police too late during commute
- Why would you suggest a route that’s 10 min shorter?",2026-08-07T10:15:56-07:00
appstore_585027354_14399613415,585027354,1,App unfriendly,The app is not user friendly and it brings you the place you don’t wanna go.,2026-08-07T09:43:10-07:00
appstore_585027354_14399585623,585027354,5,Broskey,Lowkey soiiiiii goods me familia byeeeee,2026-08-07T09:34:40-07:00
appstore_585027354_14399550645,585027354,1,❌ UNUSABLE: AI Integration Ruined the Only Thing This App Needed to Do,"Google Maps used to be an essential tool, but ever since the forced AI integration, it has become actively dangerous and completely unreliable.The core function of a GPS app is to give accurate, safe, and factual driving directions. Now, the app is ""hallucinating"" basic traffic laws. It constantly screams at me to stop at a stop sign where there is actually a green traffic light, or worse, tells me there is a traffic light when I am approaching a blind stop sign. You cannot trust the audio cues anymore.Whatever machine learning models they are using to scan roads are failing miserably. The AI is so obsessed with cutting corners and over-analyzing driver patterns that it aggressively forces me off perfectly fine main roads. It constantly sends me down bizarre, stressful side-street detours just to ""save"" a hypothetical 30 seconds, completely ignoring the reality of the road.Google prioritized flashy AI buzzwords over basic driver safety. I don't want a conversational chatbot; I want to know when to turn without getting into an accident. Deleting this and switching to an app that actually knows what a stop sign looks like.",2026-08-07T09:24:04-07:00
appstore_585027354_14399548321,585027354,5,Container,Jeff and his wife are absolutely amazing to deal with. I bought 140 foot container and will be buying another Jason. The delivery driver is a great dude knows what he’s doing that container right where you want it if you are looking for a Shipping Container this is the place to call!,2026-08-07T09:23:22-07:00
appstore_585027354_14399284460,585027354,1,INFERIOR,Google Maps has gone downhill so fast—it’s hard to keep up with it failure.  Too many turns just not good anymore. Somebody get out there and fix this thing and stop giving updates that do nothing with the same stupid language to “make navigation easier.” That’s pure BS.,2026-08-07T08:05:33-07:00
appstore_585027354_14398921727,585027354,5,Cooper foster park rd.,Found it very quickly,2026-08-07T06:20:31-07:00
appstore_585027354_14398675616,585027354,5,House search,"Casey has been a wonderful  Realtor Helping me look and find the perfect home we looked at well lots and had fun looking .  Then I found the perfect home for me. She also gave so much great advice. On buying ,  and knowing the perfect people to help you get approved and financing so you can buy your perfect home she is so easy to work with and talk to it's like she is part of your family the best friend.    If you go with Casey you will get the perfect house for you. She is wonderful . And very knowledgeable. About her job.  Sincerely. Kimberly.",2026-08-07T05:04:01-07:00
appstore_585027354_14398536976,585027354,1,Lazy devs,"I’m tired of being redirected to the app, just to be told to download a new update or open the app, bc once you download the new update or just open the app from a link, the lazy app doesn’t even put in the link or the address you were looking at.

I’d rather use Apple Maps these days, way more reliable too.",2026-08-07T04:17:30-07:00
appstore_585027354_14397514991,585027354,5,What a lifesaver,I can’t believe that there are still people out there who care.  I had a dead battery and called Arrowhead Lexus and was able to navigate through it with the help of Fran. She was very knowledgeable about the vehicle and was able to help me get it over to them. She even knew about the key hole!! She stayed late waiting for me to arrive. Customer service lies here. I’ll be back when it’s time for a new car. Thanks Fran!!,2026-08-06T21:10:35-07:00
appstore_585027354_14397464787,585027354,1,Navigation voice,"Very disappointed with google maps, been using it since day one, unfortunately somehow they decided to cancel the option of choosing the nav voice preferences, now the voice is a male that its very weird to to me my mind is used to the old voice! Google maps you will lose users, must fix this immediately in the next update… before people switch to other apps… honestly speaking i am deleting it because its frustrating it directs you to gemeni, i dowloaded grmini changed to female voice and still not working, gemeni also is a useless app 🤣",2026-08-06T20:49:17-07:00
appstore_585027354_14396879252,585027354,5,Jerry,Very good service. Very friendly.,2026-08-06T17:02:19-07:00
appstore_585027354_14396863498,585027354,3,Please add dual alphabets when station signs are not in latin characters,"Hi,

The app is very helpful generally but I frequently have issues when I am in countries where latin characters are not the main script. The trains will use the local characters on the displays to announce the station, and if I look at the app I have only the name in english with latin script. It would be better to have both the english name in latin characters and the name written in the local script so you can compare with what is written on the monitor",2026-08-06T16:56:04-07:00
appstore_585027354_14396795877,585027354,5,Happy,"My experience with European tile is overwhelming! This company checks ALL the boxes….. from start to finish! I can’t begin to tell you from start to finishing….. Ned’s company arrived on time every day, working nonstop with no breaks,meticulous preparation in everything they touched!
Available to answer questions no matter how small and the completion is breathtaking!
Ned sincerely has his clients best interest in his heart. For All your shower installs they are the ONLY contractors you will ever need!",2026-08-06T16:29:07-07:00
appstore_585027354_14396774475,585027354,4,Map is lost,I come into the Arkansas mill multiple times a week sometimes a day with this map running and it can’t figure out the other road doesn’t get here I think it needs to track me I use it for eta more than anything else I know where I’m going usually,2026-08-06T16:20:37-07:00
appstore_585027354_14396671903,585027354,1,Awful.,"Worst customer service and communication I’ve ever experienced. Never been a review person as this is my first, but one less person involved here is worth it for humanity.",2026-08-06T15:39:57-07:00
appstore_585027354_14396617897,585027354,1,It’s broken,I used to be able to be in a phone call and still get voice directions now that feature doesn’t work. This is the only reason why I use Google Maps.,2026-08-06T15:18:39-07:00
appstore_585027354_14396591037,585027354,1,"Can we not do this again and have the app fixed, please?","I don’t appreciate my directions given to me upside down. Instead of showing me, like the car is moving up. It’s moving down on my end.",2026-08-06T15:08:11-07:00
appstore_585027354_14396541804,585027354,3,Hertz,Ask Hertz rental company whether they recognize PNES as a neurological system.,2026-08-06T14:49:07-07:00
appstore_585027354_14396386931,585027354,5,Rely heavily on Google Maps,"I use my iPhone like a Samsung, I prefer all Google products. Almost came to leave a one star today (in order to prompt a change). Because they removed the addresses that would show up on the grey boxes (houses) when you zoom in and added random trees. Not even trees that are actually there. I don’t know who thought that was a good idea for a literal navigation app update?  Then took it a step further and approved this change… that’s crazy. But the update button was available when I came here so I did that instead and it’s back to normal. Please don’t make changes unless they will benefit navigating and please don’t replace navigation benefits with decorations. Please fire people who suggest and then implement things like this since they lack common sense. Thanks so much! I rely on Google Maps to get me through my work days for the past decade. Grateful for yall!",2026-08-06T13:50:41-07:00
appstore_585027354_14396367317,585027354,5,Nice,Good,2026-08-06T13:43:33-07:00
appstore_585027354_14396321680,585027354,5,G ew wat,T re,2026-08-06T13:27:09-07:00
appstore_585027354_14396204911,585027354,1,Search results misdirecting to related businesses but not specific business searched,"Google maps has lost the plot.  If I search for something I should. It have alternatives on my list of destinations. This is the 3rd search I s unknowingly clicked on the nearest store thinking it’s what I searched for and it ended up being something else. Walmart to Kroger, chick-fi-le to raising canes, and so on.  Wasting my gas and my time by doing that.",2026-08-06T12:45:34-07:00
appstore_585027354_14396172771,585027354,5,Love Google MapsM,I love this app. It’s my go to anytime. I need directions anywhere.,2026-08-06T12:34:25-07:00
appstore_585027354_14396013369,585027354,1,Maps,Browser only I don’t I don’t wanna download your app.,2026-08-06T11:40:24-07:00
appstore_585027354_14395706723,585027354,1,Tries to force u to take closed roads,Desperately needs an option to force a route change… sometimes it will INSIST that u must take closed roads...🤦🏻‍♀️ Waze has an option to let the app know this route is not physically possible… how can it be that Google Maps S T I L L can’t figure this out???,2026-08-06T10:01:22-07:00
appstore_585027354_14395652732,585027354,1,Mary’s massage,Wrong address for this place don’t pay in advance that picture is my friends house,2026-08-06T09:44:38-07:00
appstore_585027354_14395537187,585027354,1,Heavily overrated,"Always directs you to the longest route. If you want to go home in the suburbs there is a chance it’ll confuse the city name with your home address, and send you to some plaza instead.",2026-08-06T09:09:48-07:00
appstore_585027354_14395226116,585027354,5,Absolutely Love it!!,Every time I come here I have the best experience! The people are amazing and my drinks always come out perfect!,2026-08-06T07:39:57-07:00
appstore_585027354_14395211022,585027354,4,Pet Peeve,"It is SUPER ANNOYING that I’ve saved my Home, but when I want to share it with somebody it defaults to Navigation mode and NOT the Home shortcut chip. At least give me a choice! The only way to give somebody the Home shortcut chip is to type in my address in the search bar, which I saved so I wouldn’t have to type it again!",2026-08-06T07:35:41-07:00
appstore_585027354_14395109976,585027354,1,Absolutely stupid routing,It routed me to a closed road. So I lost 7 hours to detour. Idiotic app which gives not realistic ETA.,2026-08-06T07:07:18-07:00
appstore_585027354_14395077189,585027354,1,Lack of accuracy,This app used to be good but ever since they’ve integrated AI the supposedly “best” and “fastest” routes are the most inefficient and slowest routes ever.,2026-08-06T06:58:01-07:00
appstore_585027354_14394818739,585027354,1,Google maps added Gemini,"I updated my app and Google has added Gemini without my consent and apparently no way to opt out or turn it off. They sent me an email telling me that I’m now using Gemini but of course no way to opt out. I would like to go back to my previous app version, but of course no easy way to do that. Although I’ve used google maps for many years, I am going to find another option.",2026-08-06T05:42:03-07:00
appstore_585027354_14394721767,585027354,5,Asador de Lugo,"La comida del lugar deliciosa, Daman una chica muy atenta y amable",2026-08-06T05:12:01-07:00
appstore_585027354_14394588227,585027354,5,ROFO great employees,I recently had ordered fried chicken from Rofo in Westminster Maryland. The morning of the event. The organizer called and told me everything had to be moved forward 2 hours. I drove to my rofo. And they were fantastic. Nicole the food manager was able to get my order moved forward so I could meet the deadline. Derek the store manager helped get the computer details so everything was perfect!  Thank you Derek and Nicole for making the event a great day with great food! You are the BEST!!,2026-08-06T04:28:34-07:00
appstore_585027354_14394444337,585027354,5,Lovely Nail Salon,"Amazing experience! The salon was clean, the staff was so friendly, and they did a fantastic job on my family’s nails. Great attention to detail, and everything turned out beautifully.",2026-08-06T03:38:01-07:00
appstore_585027354_14394157208,585027354,1,Been going downhill for a while now,"So Google Maps has just been on a steady decline for years. I’ve noticed recently that when I try to zoom in with two fingers, it doesn’t voom to the spot in between my two fingers it zooms to where they ever the center of the map is, which is infuriating.  This added to all stuff they keep adding, which makes it more and more complicated to use and doesn’t improve the user experience. Plus the fact that it’s hard to tell sometimes on weird intersections where you’re supposed to go and it’s not clear in the app. I’m gonna use one of its competitors now.",2026-08-06T01:44:47-07:00
appstore_585027354_14393214649,585027354,5,"Great find! Great food, ambiance and service!","We went with a group of friends and had such a great night! I’d recommend getting there a little early so you can enjoy the bar and lounge area. It’s beautiful, comfortable, and has such a warm, welcoming feel. We honestly had no idea this kind of high-end restaurant was right here.  It was such a fun surprise.

Our server was wonderful. She kept the drinks coming but also gave us plenty of time to catch up without making us feel rushed.

Everything we ordered was delicious. The fried artichokes were an unexpected appetizer favorite! We also had the filet, rib eye (SO GOOD!) branzino, and the coconut halibut…the coconut sauce on the halibut was also SO good. For dessert, we tried the cheesecake, chai crème brûlée (which tasted like fall in the best way), and the brown butter bourbon cake…was the star of the night!

Great food, beautiful atmosphere, and an overall wonderful experience. So happy to have a place like this in the neighborhood. We’ll definitely be back!",2026-08-05T19:09:28-07:00
appstore_585027354_14393182435,585027354,5,App is Great,Always keeps the function of the app simple and easy to access from multiple devices,2026-08-05T18:57:19-07:00
appstore_585027354_14393165489,585027354,2,"Critical Function: ""Preview Route"" Removed","Latest update totally removed ""preview route"", which I used multiple times daily once the route had been started, and was a critical function. It was replaced with bigger buttons including Ask Gemini, causing the screen to be more cluttered than it was before, and now not useful.",2026-08-05T18:51:02-07:00
appstore_585027354_14393085798,585027354,1,Broken,Newest update broke the app. It keeps freezing,2026-08-05T18:21:15-07:00
appstore_585027354_14392675330,585027354,1,Absolutely awful,You have completely trashed this app and any trust or reliability I used to have in it.  Seems like google is more focused on YouTube and completely given up on their initial base products that got them where they are,2026-08-05T15:41:57-07:00
appstore_585027354_14392506411,585027354,5,Excellent Team to Work With,"This team is highly recommended! They are kind, professional, and very easy to work with. I would definitely hire them again!",2026-08-05T14:36:26-07:00
appstore_585027354_14392487257,585027354,1,T,"Bruh this system throw you off interstates to immediately put you back on 
And on top of which, it throws you into the worst traffic in it as well
The literal opposite of what it’s designed to do
Someone needs to fix the east coast with this app 
It’s straight wack",2026-08-05T14:29:12-07:00
appstore_585027354_14392463243,585027354,2,Update,App is forcing me to update,2026-08-05T14:20:16-07:00
appstore_585027354_14392450560,585027354,1,Trash,"App sucks. There’s been multiple times where I’ve looked up places and it’s said, “cannot find place try again later.” Apple Maps is 10x better. Trash app, literally sucks male chicken.",2026-08-05T14:15:36-07:00
appstore_585027354_14392429811,585027354,5,Hihair,It was good coustmer service. great quality hair with great deals,2026-08-05T14:07:59-07:00
appstore_585027354_14392145096,585027354,4,Weather,Good app but how about adding a weather/precipitation/ radar layer?,2026-08-05T12:27:08-07:00
appstore_585027354_14392144215,585027354,1,Lately bad,"The last few days my maps have been bad and providing longer routes than necessary (not due to any traffic) and even bringing me to locations that’s not the address that I punched in- if there’s some way to reset the app for better, more accurate performance that would be ideal.",2026-08-05T12:26:50-07:00
appstore_585027354_14391993524,585027354,2,Bad customer service,"The 1st time I came here, I asked how much to install my system. I bought everything I needed and was told I needed a PAC for my stereo, which they gave me the wrong info and very expensive and would not hook up my car for less than $1000. I decided to do it myself and they would not even sell me a piece of speaker wire. I do not recommend a shop that gives out false info, over charges for items, and because of this, o cannot and will not recommend or trust this shop to install my audio system!",2026-08-05T11:36:31-07:00
appstore_585027354_14391903918,585027354,5,Sooo good,I got lost in the forest and it helped me so much. 5 stars!!,2026-08-05T11:07:08-07:00
appstore_585027354_14391901668,585027354,5,Guided tour,We booked a 4 hour guided tour of Sand Hollow and had an excellent time! Our guide was very knowledgeable and covered a lot of ground inside 4 hours!! Highly recommend Mad Moose for sure.,2026-08-05T11:06:25-07:00
appstore_585027354_14391683854,585027354,1,Removed Hotel BRAND Filter!??,"Why did you remove the hotel BRAND filter option?! Typing the brand in the search doesn’t work. Also, a price search filter option that shows prices WITH fees would be great.",2026-08-05T09:58:15-07:00
appstore_585027354_14391660543,585027354,4,"""Address"" Font & Location is useless","One of the most important things in a map is the address of the location you intend to go. Not only you have to scroll down five pages to find the address, but the font is the size of a microorganism. Users need the actual address at times to copy and paste it into other apps like Uber and Lyft. Sometimes you just want to screenshot a restaurant or something, but guess what the screenshot does not capture the address because it is wayyyyyy down somewhere.",2026-08-05T09:51:17-07:00
appstore_585027354_14391604469,585027354,1,Sponsored Results?!,"Google Maps now includes sponsored results, so when I searched Lowe’s Home Improvement and clicked the first option, it took me to IKEA. Shameful, un-American behavior.",2026-08-05T09:34:29-07:00
appstore_585027354_14391406631,585027354,1,Awful Directions,"My gas was 5 miles til empty and it decided to keep making me turn down the next street over just to turn back to where I came from. It’s been doing this so frequently the past few months. 

Also, the speed limit on the app displayed 60 mph in a 25 mph zone.

It also is not displaying correctly all the one way streets.

Just incredible dangerous and a waste of fuel using Google  Maps.",2026-08-05T08:37:12-07:00
appstore_585027354_14391378798,585027354,5,Tree Removal,Quick efficient and fair,2026-08-05T08:29:20-07:00
appstore_585027354_14390953554,585027354,5,Sk,"I absolutely love my new look! Dunia did my microblading and my eyelashes, and I couldn’t be happier with the results. She is so talented, professional, and pays attention to every little detail. My eyebrows look natural and beautiful, and my eyelashes are absolutely gorgeous! She made me feel comfortable throughout the whole appointment. I highly recommend her to anyone looking for amazing beauty services. Thank you for making me feel so confident and beautiful",2026-08-05T06:30:50-07:00
appstore_585027354_14390890395,585027354,5,Lynn Bainter,"Safe, secure and clean.  Nice to have power, wash stations, air stations, ice machine.  Dennis is very professional and helpful.  Nice to have a good place to store with management that cares.",2026-08-05T06:12:43-07:00
appstore_585027354_14390238090,585027354,3,App keeps crashing,I am traveling using the app to find public transportation. It worked beautifully until a few days ago when now the app keeps crashing and does not allow me to complete my public transportation itinerary. Very annoying.,2026-08-05T02:34:39-07:00
appstore_585027354_14389940259,585027354,4,Weird bug,"This app is great, but recently I’ve noticed a weird bug: when I’m on the main results page for a location and I click “more” to expand a review, the review I clicked on isn’t shown. What I actually see in the expanded view is a completely different review, and it’s a different review each time I click, even when I click to expand the same review multiple times in a row. Updating the app didn’t fix this.",2026-08-05T00:34:09-07:00
appstore_585027354_14389467296,585027354,1,“Avoid tolls” Never working,"This app is genuinely so bad. Any time you want to avoid toll roads, it only chooses toll roads and doesn’t show alternate routes even when there are alternate routes. Why even have an “avoid toll roads” option if it doesn’t even work properly. This app is not good.",2026-08-04T21:13:27-07:00
appstore_585027354_14389061609,585027354,1,Wendys!!!?,I entered a search for Taco Bell and the closest result the app provide was FOR A WENDYS!!!!?  &&$?!@@%##!!!!?  without looking i chose the first result and ended up at wendys in the exact opposite direction i need to go to taco bell!!!?  they have no respect for its  users over unashamed capitalism!.,2026-08-04T18:37:57-07:00
appstore_585027354_14388962921,585027354,5,Excellent,"Used during a trip across Japan using public transportation and could not have done it without Google Maps. Worked perfectly on trips that included national and local trains, buses and then walking the final steps.",2026-08-04T18:01:49-07:00
appstore_585027354_14388892863,585027354,5,Amazing,Reliable and convenient.,2026-08-04T17:35:46-07:00
appstore_585027354_14388856368,585027354,1,So many bugs,From vibe coding for sure,2026-08-04T17:21:57-07:00
appstore_585027354_14388770805,585027354,1,Ads,"It’s really ridiculous when I’m trying to get directions to go somewhere and if the name sounds like someplace else, you guys feel the need to sell to me in my GPS software. And then to have your ad above the destination that I actually selected as a destination. I find that absolutely ridiculous. I just want to get to my destination. There isn’t enough consumerism to where I would need for you to sell something to me while I’m trying to pick my location. Do better!",2026-08-04T16:49:06-07:00
appstore_585027354_14388647979,585027354,1,Keeps changing route while driving,"Incredibly dangerous, have suffered for years, quitting for a different navigational thing today",2026-08-04T16:01:01-07:00
appstore_585027354_14388555298,585027354,5,Eric,"Amy was
Awesome !",2026-08-04T15:24:46-07:00
appstore_585027354_14388203470,585027354,4,Problem with iPad pin drops,"I’ve used Google Maps on my iPad and iPhone for years - have loved it for street views, saving locations/businesses, determining routes & distances for walking, bike riding, public transport and driving. It’s been awesome. But about a week ago, when I would try to drop a pin in Google Maps on my iPad, wherever I’m touching on the screen isn’t where Google Maps thinks I wanted it — it’s about an inch (in my screen) off, so many city blocks off. I keep touching elsewhere — an inch of so to the left of the spot I really want, trying to get it to move it’s pin closer to my intended area, and I can only get it approximate. I’ve taken my iPad into Apple for a Genius Appt, and they said it wasn’t an iPad problem, because the iPad is properly assigning a Pin drop when I use Apple Maps or when I’m touching on the screen in other web site. This problem isn’t occurring on my iPhone, seems isolated to the iPad.",2026-08-04T13:15:15-07:00
appstore_585027354_14387891476,585027354,5,Never Disappointed!!,"I’m never disappointed with NDC! We were looking for some solutions to airflow to our upstairs with an old house with crazy ductwork. Nate came out and offered us some practical solutions that we can do ourselves(one was free!) and solutions that we could buy from them. Absolutely zero pressure to buy expensive units to do what we hope!! The service calls are very reasonably priced and the work they do is second to none in my opinion!! An added bonus, when they come to your home, they text you a picture of your technician before he arrives. It gives me great peace of mind having a picture of the person coming into my home, especially if I’m at home with just my kids!",2026-08-04T11:31:00-07:00
appstore_585027354_14387888026,585027354,1,Dangerously Unreliable GPS,"Google Maps is failing at the one job a navigation app must do correctly. It tells me to turn only after I have already passed the junction, says left when the route actually requires right, mistakes an ordinary bend for a turn, and issues contradictory commands seconds apart, such as ordering a U-turn and then immediately telling me to turn right.

These are not minor inconveniences. They are confusing, distracting, and potentially dangerous while driving. An app that cannot consistently distinguish left from right or announce a turn before the intersection does not deserve to be trusted. One star.",2026-08-04T11:29:51-07:00
appstore_585027354_14387835912,585027354,1,Keeps getting worse,"It does let you know directions quickly enough if they come one after another. it should show multi step directions if they are within a certain distance or time. this results in a lot of failed exits.


It doesn't understand elevation for bicycle or walking travel. this sucks when trying to plan travel because there are faster and better routes but google goes by distance only and assumes you can climb at the same speed and effort as horizontal and downward travel.

public transport is just destroyed recently. it doesn't let you filter out lyft and uber so assumes car travel is ok. it doesn't let you filter out modes of transport like busses. and it fails to understand certain metro to commuter rail exchange stations that are much easier to wait at. it just completely refuses to show certain public transport routes anymore which sucks for planning because i dont want to use a car lyft uber or bus in my public transport. it doesnt even show them as being available but being slower.


this app sucks now.",2026-08-04T11:13:13-07:00
appstore_585027354_14387811107,585027354,1,2,"Плохо работает в Словакии, показывает идти 30минут, на самом деле 5! Километраж остановки, тоже неправильно !",2026-08-04T11:05:19-07:00
appstore_585027354_14387806463,585027354,5,Recomendado,"Excelente experiencia. Desde que llegamos recibimos un servicio excepcional. Kiara fue muy amable, atenta y siempre estuvo pendiente de que no nos faltara nada. El resto del personal también fue muy cordial y profesional, haciendo que la visita fuera aún más agradable. La comida estuvo deliciosa y los tragos estuvieron buenísimos. Sin duda, un lugar al que volveremos y que recomendamos al 100%.",2026-08-04T11:03:50-07:00
appstore_585027354_14387672514,585027354,5,Map,gg maps is amazing I love it,2026-08-04T10:21:56-07:00
appstore_585027354_14387393260,585027354,5,Muito bom,Muito bom,2026-08-04T08:59:30-07:00
appstore_585027354_14387315079,585027354,1,Loss,Lost so many things because of this app bad direction,2026-08-04T08:37:05-07:00
appstore_585027354_14387221179,585027354,4,50000,1997,2026-08-04T08:10:36-07:00
appstore_585027354_14385476576,585027354,2,They’re making you waste gas stealing your time,They don’t give accurate directions they’ll make you go around in a circle wasting gas instead of taking you directly to your destination. THIS IS A SCANDAL,2026-08-03T21:56:12-07:00
appstore_585027354_14385366616,585027354,5,Inessa did phenomenal,"Hi Nessa went above and beyond my expectations and getting me and finding me insurance, the price is very reasonable and she’s very extremely friendly and it’s she’s like talking and talking to her is like talking to your best friend. She’s very very down to earth and she. we go above and beyond your expectations thank you Inessa",2026-08-03T21:10:25-07:00
appstore_585027354_14384873197,585027354,1,Very bad for Business pages,"You cannot use this app to reply to reviews. The small edit box is completely ridiculous and inconvenient to use and lacks basic edit functionality like ability to select, copy and paste text.",2026-08-03T18:05:30-07:00
appstore_585027354_14384741751,585027354,5,Please Add Multiple Flag Colors for Labels,"I’ve been using Google Maps every day for work to save the homes I need to visit each month. I recently noticed the new flag label feature, and I think it would be even more useful if users could choose different flag colors.

For example, I could use:

* Red for August
* Blue for September
* Green for October

This would make it much easier to organize monthly visits without creating separate lists. I hope Google adds multiple flag colors in a future update. It would be a huge improvement for people who use Google Maps for work. ^^",2026-08-03T17:16:30-07:00
appstore_585027354_14384678192,585027354,5,Greg Kam,"Adam and Ben are professional and went out of their way to help me resolve an issue that cost their company time and resources. 
In dealing with them I saw the care, integrity and passion to deliver a top shelf product and to treat all of their customers with fairness and respect.  Thank you, I’m deeply grateful for your sacrifice on our behalf.  I look forward to working with you on another project in the future.",2026-08-03T16:52:32-07:00
appstore_585027354_14384426297,585027354,4,Google Maps,The info is not always reliable but overall the experience and most directions are spot on,2026-08-03T15:15:47-07:00
appstore_585027354_14384220458,585027354,5,Is really cool to have,It is very cool to have this app. Pls get it,2026-08-03T14:00:11-07:00
appstore_585027354_14384196415,585027354,1,horrible en compu,"tantos billones de dólares que tienen y no pueden actualizarla en navegador web, valen pa pura madre",2026-08-03T13:51:43-07:00
appstore_585027354_14384093627,585027354,1,Waste of gas,This app is a waste of time and gas the directions are always the scenic route don’t use this app unless your rich and have a lot of time.,2026-08-03T13:15:53-07:00
appstore_585027354_14384000755,585027354,5,Liz,Was so helpful and awesome,2026-08-03T12:44:33-07:00
appstore_585027354_14383979860,585027354,4,It’s a good app,I just wish they had 3d,2026-08-03T12:37:40-07:00
appstore_585027354_14383975438,585027354,1,Takes up 100GB storage,This is ridiculous that half of my storage space is taken up by this app due to a glitch reported a month ago. Fix this ASAP!!,2026-08-03T12:36:14-07:00
appstore_585027354_14383351426,585027354,2,New update is horrible for navigation,"The most recent update in summer of 2026 is awful for navigation in a car. Where as before I could easily glance at my phone and quickly know my route, now I have to stare at the screen for an unsafe amount of time to check my route. 

They replaced a visual with a design that was very scannable to an onslaught of detail. This level of detail is too much to process quickly while on the road. It is not safe for a driver to have to look at a map this long. Please return to a more streamline interface. I don’t need to see each tiny tree on my map, I need the big picture. I worry these tiny details are distractions that will cause a increase of car accidents",2026-08-03T09:23:29-07:00
appstore_585027354_14383197447,585027354,1,Google Maps is getting worse and worse,"Have been using maps for years and unfortunately it’s getting only worse recently. It redirects you for no reason off an empty freeway, makes you drive through the city and puts you back on the same freeway a few ramps later. Of course it happens in areas you aren’t familiar with, so it’s usually too late to ignore. After it happened few times now it seems that it’s time for a change. Thank you google for destroying another good product.",2026-08-03T08:39:45-07:00
appstore_585027354_14383104814,585027354,5,"Diving at Ramon’s Resort, Ambergris Caye, Beluze","I so enjoyed my week of diving at Ramon’s Village Resort.  All of the dive masters were excellent. They respected the environment, and they made smart decisions with diving. They kept track of the divers and their air supply. Their boats were also in great condition. I appreciated  all of their safety measures. They were all so nice and helpful. I noticed how they gave extra attention to people who had to modify their their way of getting in and out of the water. A huge compliment to Pete, Marcos, Reggie, Aziel, and the others. You guys are the best!",2026-08-03T08:13:48-07:00
appstore_585027354_14383080156,585027354,5,Lo mejor de Dadeland,"Me encantó la tostada de proteína súper saludable y la atención de Rey , fue una maravilla!",2026-08-03T08:06:57-07:00
appstore_585027354_14382939509,585027354,1,Terrible,I hate this company and all their deceptive practices aimed at lining their pockets and any where possible,2026-08-03T07:28:19-07:00
appstore_585027354_14382888107,585027354,5,agradecimiento,gracias de verdad.,2026-08-03T07:14:14-07:00
appstore_585027354_14382611261,585027354,5,La mejor llegada,Son los mejores,2026-08-03T05:55:53-07:00
appstore_585027354_14382554353,585027354,4,Google Maps,"I was a newcomer to the city of Chicago 22 years ago back then there is no such thing as Google maps that I knew of the old fold the map out on the table trick before work, but the new technology has blown my mind I can merely tell my phone where I wanna go and it will give me directions whether it’s public transit driving walking are on a rental bike. It tells me exactly what I need to know.",2026-08-03T05:38:54-07:00
appstore_585027354_14381739053,585027354,1,Credit card/navigation,Credit card isn’t required by an app that doesn’t have fees. Unable to download. Intent to steal credit card information. AI Navigation provides incorrect routes and an increase in gas consumption,2026-08-03T00:43:22-07:00
appstore_585027354_14381600359,585027354,5,Dennys,Dante was an excellent server. The food was excellent.,2026-08-02T23:45:02-07:00
appstore_585027354_14381592395,585027354,5,bazen yavaş,iyiki var,2026-08-02T23:41:36-07:00
appstore_585027354_14381070377,585027354,5,Best Chinese in Woodlands,"Everything is made from scratch, authentic and upscale at reasonable prices go see my friend Annie",2026-08-02T20:01:54-07:00
appstore_585027354_14380891787,585027354,1,Horrible,Horrible making me drive through neighborhoods instead freeways,2026-08-02T18:54:21-07:00
appstore_585027354_14380783082,585027354,1,Why the change?,"I always run my maps on satellite view, and in the last week or so, there’s been some app change that I can’t control that makes it not a satellite view when using my phone. It looks more like a night view. This has caused me to go back to using any number of other map apps.  👎🏼",2026-08-02T18:13:44-07:00
appstore_585027354_14380740581,585027354,1,Latest update is unusable,What the hell happened? Just did the latest update and it scrambled my saved locations. The interface has become unusable and navigation is behaving absolutely bizarre. The app feeds me advertisements at critical times and just outright freezes  at critical points of navigation. It’s been made unusable by AI.,2026-08-02T17:57:49-07:00
appstore_585027354_14380706960,585027354,1,Stop forcing me to use Gemini,"After using Google Maps over Apple for 10 years I am uninstalling this app and moving to Apple. Google is forcing the Gemini features. In CarPlay, they removed the compass which I use for actual navigation in favor of a Gemini button and I cannot even turn it off. Horrible design. You are ruining everything by shoving AI features down my throat.",2026-08-02T17:45:01-07:00
appstore_585027354_14380599480,585027354,1,No ability to avoid dirt roads,I am going back to Apple maps.  It is terrible that Google can't avoid dirt roads,2026-08-02T17:03:36-07:00
appstore_585027354_14380538564,585027354,3,Increased bugs,I used to be a big fan of Google Maps but the bugs lately have gotten so bad. Plus they added googles ai Gemini to the app aswell which I feel doesn’t add anything of value except take up space on the screen. If Google doesn’t start fixing their app I’m going to have to uninstall and go back to Apple Maps,2026-08-02T16:39:32-07:00
appstore_585027354_14380407720,585027354,5,The Olive Garden,This is my favorite place to eat !,2026-08-02T15:47:15-07:00
appstore_585027354_14380289026,585027354,5,Excellent job,Well done.,2026-08-02T15:00:55-07:00
appstore_585027354_14380258220,585027354,5,Good app,Wonderful app! Love how it’s laid out,2026-08-02T14:48:59-07:00
appstore_585027354_14380181116,585027354,2,Updates,The amount of updates this app needs is crazy. Everytime I try opening there’s a new updates.,2026-08-02T14:20:00-07:00
appstore_585027354_14380157430,585027354,2,Been better,So inconsistent lately!,2026-08-02T14:11:12-07:00
appstore_585027354_14380073667,585027354,1,No option to add stops to your drive.,It only lets you put in a starting point and a destination. There’s no ability to add onto your drive.,2026-08-02T13:40:47-07:00
appstore_585027354_14380063874,585027354,1,Zoom not centered and never gets fixed,"For months now the pinch to zoom and pin drop are not where I select on the screen. The center of zoom and pin drop location is usually off to the right of where I select. The problem is temporarily fixed if the app is reinstalled, but as soon as I pan, it’s off again. Multiple people have mentioned this is a problem on ipad, but it’s never fixed.",2026-08-02T13:37:14-07:00
appstore_585027354_14380060602,585027354,2,Bad search results,Results usually having nothing to do with search key words. Maps literally doesn’t understand the words vegan or vegetarian.,2026-08-02T13:36:03-07:00
appstore_585027354_14380013742,585027354,5,I love Google Maps,Google Maps helps me manage my business. Thank you.,2026-08-02T13:19:32-07:00
appstore_585027354_14379943260,585027354,5,Way better then Apple Maps,Way better then Apple Maps,2026-08-02T12:55:13-07:00
appstore_585027354_14379916944,585027354,1,STUPID UPDATE,Whoever updated the app sucks. Why would you not have the recent center pointing the direction the person is heading this is obviously an idiot.,2026-08-02T12:46:14-07:00
appstore_585027354_14379896664,585027354,2,Illinois tollway. Loss of freedom in route choices,"Google is selling out. It automatically selects the skyway when driving through Chicago, even after it has provided alternate (no toll/cheaper toll) routes that we selected. Mod route we were redirected and in nerves of traffic didn’t want to go off course. Very disappointed.",2026-08-02T12:39:19-07:00
appstore_585027354_14379882870,585027354,1,Lazy service,"No refill, startes and main food delivered on the same time, food was not cooked as requested.
Unprofessional workforce",2026-08-02T12:34:41-07:00
appstore_585027354_14379862799,585027354,1,Wasting space on my phone,I shouldn’t have to download another app just to look at street view that’s stupid,2026-08-02T12:27:55-07:00
appstore_585027354_14379695967,585027354,3,Okay,So it almost made me get in a car accident because it almost made me turn where I could not turn and one time it gave the longer route so I couldn’t save gas but usually it takes me where I’m going but U NEED TO FIX THAT OR I WILL BE DELETING THIS APP AND REPORTING IT TO MY LAWYER AND REPORTING BUGS SOO FIX IT NOWW. I WILL BE REPORT NEXT WEEK AND IF U DONT FIX IT I WILL DO IT!!😡😡😡😡😡😡😤,2026-08-02T11:32:49-07:00
appstore_585027354_14379450729,585027354,5,W so good,Very nice website,2026-08-02T10:15:17-07:00
appstore_585027354_14379433500,585027354,4,Stuck on Km,"All my setting are for US and miles, but the app is stuck on kilometers. This appears to be a new bug related possibly to using Spanish language. Very annoying.",2026-08-02T10:10:04-07:00
appstore_585027354_14379379302,585027354,4,Everything was great!,Great team!,2026-08-02T09:53:38-07:00
appstore_585027354_14378621830,585027354,1,Empire Carpet,"passed inspection. Instead of enjoying my new flooring, I’ve been left",2026-08-02T06:13:26-07:00
appstore_585027354_14378610558,585027354,5,Chocolate bar and grill Myrtle Beach,Amazing 1-10 this place is 2 Million my server Ali was the best!!!!!!!🥰 Food Absolutely Amazing,2026-08-02T06:10:04-07:00
appstore_585027354_14378453151,585027354,2,Address Removed from Searches?,"Why were addresses removed when searching for places? What’s the point of maps if we can’t see the address? 

You have to get directions to see the address now. What a dumb move to do this.",2026-08-02T05:20:25-07:00
appstore_585027354_14378378297,585027354,2,Declining accuracy and constant rerouting,Please fix this app. You used to be the best. Now you’re falling behind. Speed limits are wrong. Can’t keep up with construction. Many structures that are >12 months old aren’t on your map. Constantly trying to reroute to a “faster” route that just adds time to the trip due to traffic. Get it together.,2026-08-02T04:55:24-07:00
appstore_585027354_14378208641,585027354,1,Gulf of Mexico mislabeled,Gulf of Mexico mislabeled,2026-08-02T03:54:04-07:00
appstore_585027354_14378069602,585027354,5,Google made a fake review for me,"Google maps is good but it’s uses the pay per request system. Basically if you say “show me a vape shop near me” it will show you the closest place that paid the most. And it made a fake review. I can’t believe it did that. I’m blown away. Why lie? You have an awesome app and awesome mapping. Why would you make a fake review for people? It’s kinda wild. You’re Google. GOOGLE. You don’t need fake reviews. Your company has jobs and helps people nonstop. Why make fake reviews? Basically when we sign up, you’re granted permission to post things. Such as reviews. But you don’t need it. Find out what people are actually saying and allow legit reviews. No. Not all reviews are good but weed them out with your ai. That’s 10 years past what we know of now. Yes. I’m aware. You guys have nothing to hide.",2026-08-02T02:59:47-07:00
appstore_585027354_14377843913,585027354,5,My companion anywhere in the world,Very accurate compared to other maps apps,2026-08-02T01:29:11-07:00
appstore_585027354_14377304136,585027354,2,Disturbing ads and unclear directions,"The biggest problem with this app is that it puts sponsored results above the actual search results. This has sent me to the wrong location multiple times because I often select the first result as my destination, especially when I’ve entered a very specific address or place.

The second issue is that, despite being a pioneer in navigation software, it hasn’t improved much over the years. If you’ve ever used Amap, you’ll notice how much more convenient it is. It clearly shows which lanes you should be in, your current position relative to your destination, and it automatically zooms in at complex intersections, making navigation much easier.",2026-08-01T21:41:49-07:00
appstore_585027354_14377135151,585027354,1,Unprofessional,"Terrible rude service. I was a recurrent client my service went from good to worst to me reminding the mangers daily to have a checklist for our cleanings. Things never changed but somehow my cleanings was always different. Someone forget to remove trash, body mops etc instead of correcting the problem they say the home wasn’t dirty enough to clean! How rude",2026-08-01T20:33:10-07:00
appstore_585027354_14377045004,585027354,1,Updates up the yaho,Your app for sure has lots of problems if you have to update almost every dsy,2026-08-01T19:57:57-07:00
appstore_585027354_14377042680,585027354,1,Very disappointing experience,"Our delegation from Egypt is staying at this hotel while participating in the World Junior Team Finals. We were shocked to discover that our triple room has no air conditioning and only a small fan, despite temperatures that make the room unbearably hot.

These conditions made it extremely difficult for the players to sleep, rest, or even breathe comfortably. For a hotel hosting an international sporting event, where young athletes require proper recovery before competition, this is simply unacceptable.

Adequate ventilation and a comfortable sleeping environment are basic expectations, especially for accommodation selected for an international championship. Unfortunately, these standards were not met.

We reported the issue to the hotel and requested an immediate solution. We hope the management takes this matter seriously, as future teams and guests deserve accommodation that meets acceptable standards of comfort and professionalism.",2026-08-01T19:57:03-07:00
appstore_585027354_14376923056,585027354,5,betty is amazing!,"walking along the sidewalk I saw Coco Day Spa offered 15 minute chair messages. I immediately knew I needed to inquire. Betty was warm, welcoming, and extremely strong. my back, shoulders and neck feel rejuvenated after 15 short minutes. my stress melted away, and my neck feels loose for the first time in months. Whenever on Coronado Island, seek out Coco Day Spa and ask for Betty- you won’t regret it!",2026-08-01T19:11:31-07:00
appstore_585027354_14376614482,585027354,5,Meh,Meh,2026-08-01T17:12:37-07:00
appstore_389801252_14428768707,389801252,5,Feature,Can we get an option like TikTok with certain pictures that we can share on our main page with only people that we follow and still be public profile!,2026-08-14T17:33:48-07:00
appstore_389801252_14428763014,389801252,1,Worst app,Propaganda machine,2026-08-14T17:31:40-07:00
appstore_389801252_14428757988,389801252,3,not that great,i got instagram awhile back and had only posted reels about hockey. Turns out hockey is child nudity so i got banned for no reason. Wouldnt consider getting again,2026-08-14T17:29:47-07:00
appstore_389801252_14428756666,389801252,1,Scams in feed,Reports don’t stop em and feed has been flooded with the same scam videos offering 1000$ from various sources.,2026-08-14T17:29:16-07:00
appstore_389801252_14428750627,389801252,3,What’s Going On?,"I can open some of my collections but not all of them. When I went to open my favorite foodie collection, I found that it keeps saying “Please try again”. That’s when I turned my phone off and back on to see if that would help. It didn’t! I’m normally not this nasty, but I can’t use my favorite things or they don’t work for whatever stupid reason, I get mad!! FIX IT NOW!!!!!",2026-08-14T17:27:01-07:00
appstore_389801252_14428746676,389801252,5,Breanna’s walk!,"I need her messages and I feel safe and grown in Christ! I need help, love and Prayers!!",2026-08-14T17:25:30-07:00
appstore_389801252_14428711704,389801252,1,Deleting accounts,"Ig keeps deleting your account for no reason. If ur new to ig, they now force u to do a live face verification or send a photo and they also ask for ur personal information like ur drivers license which is invasive. Even if you do send it, they don’t even give the account back which is weird. So if u have a current acc, make sure u keep it cause as soon as u make a new one… ur cooked. They’re not gonna let u past the id process. Might just delete ig and stay on tik tok or sum cause ts is ridiculous",2026-08-14T17:12:17-07:00
appstore_389801252_14428658339,389801252,2,Asco,Siempre bloquea las cuentas,2026-08-14T16:51:49-07:00
appstore_389801252_14428613836,389801252,4,Custom Sticker limit.,Can there be an update where it shows all stickers instead of a limited amount (this only occurs on DMs and on stories it shows all),2026-08-14T16:34:35-07:00
appstore_389801252_14428599575,389801252,2,Not enough room for text,Please don’t limit me,2026-08-14T16:29:01-07:00
appstore_389801252_14428558882,389801252,1,Bug with saved reels,"Saved reel collections aren’t loading, FYI. Developers, please fix! My reel collection with 35 reels is loading but my reel folders that have hundreds of reels aren’t. This is a widespread problem.",2026-08-14T16:13:13-07:00
appstore_389801252_14428554670,389801252,5,Loving insta,It’s my life journal!!,2026-08-14T16:11:35-07:00
appstore_389801252_14428494583,389801252,5,Instagram premium 🔥,Instagram premium 🔥,2026-08-14T15:48:34-07:00
appstore_389801252_14428488282,389801252,5,Lo mejor,Cada día son Mejores,2026-08-14T15:46:08-07:00
appstore_389801252_14428474765,389801252,2,fix the app,"it doesnt work like it says it is supposed to, its the worst thing, literally just technical difficulties. i spend all this energy doing things the app is said to be able to do, within the reel editor for example and uploading, then it just fails completely and wastes all my time. it glitches too much. i just did an 11 minute reel & it disappeared when i hit send. just make sure everything works properly before tryna add more feautures cuz a lot of it is buggy even though its supposed to be a viable feauture. this happens alot, time is wasted because one thinks it's going to work as it promises and allows you but it just fails all the way through in many forms.",2026-08-14T15:41:01-07:00
appstore_389801252_14428468272,389801252,4,Kaydedilenlerin başa sarması,Kaydedilenleri temizlerken en alttan başa sarıyor temizlemek çok zor başa sarmasın eskiden sarmıyordu şaka mısınız ya düzeltin valla kaydedilenleri temizleyemiyorum ya hangi birine silince bi daha aşağı incem pls 🙏🏼🙏🏼🙏🏼🙏🏼🙏🏼🙏🏼🙏🏼,2026-08-14T15:38:29-07:00
appstore_389801252_14428448454,389801252,1,Forced AI Usage,"Meta’s forced push of AI was already bad enough. Now I can’t even do a simple search on the app without it directing me to AI. I don’t want to see an AI summary of what I asked for. The search function is completely useless now, and so is most of the app.",2026-08-14T15:30:51-07:00
appstore_389801252_14428405644,389801252,1,Been banned 5 times for no gives reason.,Everytime I try to make a new account I get instantly banned. No reason at all. I’ve lost accounts with thousand of followers to build them back up just to get banned again. Please fix whatever this is cuz I know this is happening to multiple people.,2026-08-14T15:14:39-07:00
appstore_389801252_14428379222,389801252,5,My digital portfolio and getting in touch with my friends,"Today Instagram means a lot in our lives, we have to remember is no real live. But definitely is a part of us. And I love to share my life and also my content ❤️‍🔥",2026-08-14T15:04:34-07:00
appstore_389801252_14428342618,389801252,5,Great experience!,"Great app, easy to use. Definitely worth checking out!",2026-08-14T14:50:42-07:00
appstore_389801252_14428232629,389801252,5,BADNEWS🗣️🥶,Them Ones☝🏾,2026-08-14T14:09:29-07:00
appstore_389801252_14428231959,389801252,5,Mi red social favorita,"5 de 5 la mejor red  social , soporte excelente y muy amigable",2026-08-14T14:09:15-07:00
appstore_389801252_14428196596,389801252,5,Easy and fun to use,The platform is easy and fun to use🤙,2026-08-14T13:56:10-07:00
appstore_389801252_14428143802,389801252,5,i love,i love dis app,2026-08-14T13:36:50-07:00
appstore_389801252_14428087642,389801252,1,ban,they keep banning me for no reason I got ban 5 time in a row,2026-08-14T13:16:45-07:00
appstore_389801252_14428081414,389801252,2,App size,The App’s size is too high! 500mb! Are you kidding me?,2026-08-14T13:14:30-07:00
appstore_389801252_14428037732,389801252,5,Goats,ILY instagram,2026-08-14T12:59:08-07:00
appstore_389801252_14428035633,389801252,1,Account,Keep taking my accounts when i’m not doing anything,2026-08-14T12:58:23-07:00
appstore_389801252_14428028302,389801252,4,Please fix,Stuttering when scrolling is so annoying please fix it,2026-08-14T12:55:47-07:00
appstore_389801252_14427928458,389801252,5,Gracias,Muy agradecida por tu paciencia y delicadeza con nuestro Mauricio!!! Estamos demasiado de contentos 🩵🩵🩵🩵,2026-08-14T12:20:53-07:00
appstore_389801252_14427905789,389801252,5,Great,Works fantastic,2026-08-14T12:13:08-07:00
appstore_389801252_14427886251,389801252,5,البرنامج,نرجوا تحديث البرنامج مع اخر اصدار للايفون ودعم اللغه العربيه داخل التطبيق,2026-08-14T12:06:29-07:00
appstore_389801252_14427873998,389801252,1,Пауза в рилсах,Увольте уже дибила который прописал секундную задержку при нажатии на паузу в рислах. И венрите паузу нажатием заодно,2026-08-14T12:02:23-07:00
appstore_389801252_14427862071,389801252,4,Posting,"Every time I post, I get free edges and songs to put in for a backgrounds",2026-08-14T11:58:21-07:00
appstore_389801252_14427839502,389801252,1,App bugs aren’t fixed,The app is fun but Instagram is slow to fix any issues.,2026-08-14T11:50:47-07:00
appstore_389801252_14427830104,389801252,5,Zumba birthday party,"Omg I love Zumba and sharing my birthday with my Zumba tribe was amazing thank you friends for making my birthday so very special 💗💗💗🙏💫✅ Nelson and Lilian are quite the inspiration 💗✅💫thank you Rose, Ana, and Carol the best",2026-08-14T11:47:36-07:00
appstore_389801252_14427823131,389801252,1,annoyed,"stop suspending my account for no reason. horrible moderation, probably ai",2026-08-14T11:45:19-07:00
appstore_389801252_14427808904,389801252,1,Приастоновление аккаунта,Приастоновили уже 4-5 аккаунт по ошибке прощу вас исправить проблему,2026-08-14T11:40:33-07:00
appstore_389801252_14427749342,389801252,3,Stalking,Just wish the algorithm would just stop following me.,2026-08-14T11:20:45-07:00
appstore_389801252_14427641891,389801252,5,Places To Be In,This place offers an Amazing And Beautiful view of New York City From A great Location across the river..,2026-08-14T10:45:45-07:00
appstore_389801252_14427594275,389801252,1,Infringement,Work,2026-08-14T10:30:29-07:00
appstore_389801252_14427571120,389801252,5,Social business,We loved working with Instagram to grow our coffee community!,2026-08-14T10:23:11-07:00
appstore_389801252_14427529423,389801252,4,VIDEOS PICTURES WONT STAY CROPPED ON MAIN FEED AND STORY!!!,"Hi, I’m having an ongoing issue with Instagram automatically changing the crop of my photos and videos after I post them.

For Stories, content that I intentionally resize/crop before posting is sometimes published uncropped or at a different scale than what I previewed.

I’m also having the same issue with regular feed posts. I adjust the crop and positioning exactly how I want it before posting, but once it’s published, Instagram changes it and shows more of the original image/video than I selected.

This is happening repeatedly with both photos and videos, and what gets published does not match the final preview shown before I post. I’ve checked that everything looks correct before sharing, so it appears to be a cropping/display bug rather than an editing mistake on my end.

Could you please investigate this issue on my account? It’s making it difficult to post content because I can’t reliably control how my photos and videos appear once they’re published.

Thank you!",2026-08-14T10:10:10-07:00
appstore_389801252_14427476262,389801252,1,fix the app,instagram cool n all but i hate how my following and followers are hidden. i want that feature to be removed because it’s dumb or at least let people pick n choose if they want theirs to b hidden or not. i also hate how when i’m trying to remove people who don’t follow me back it starts restricting me because i’m doing it too much like bro what ??? what’s so harming about that nothing. fix the app,2026-08-14T09:53:49-07:00
appstore_389801252_14427429397,389801252,1,Banned for no reason,Every account you try to make bans you instantly this needs a fix.,2026-08-14T09:39:42-07:00
appstore_389801252_14427369033,389801252,2,Can use a bit of improvement,This app is almost an A+ if they just modify the two-step verification method so that we wouldn’t have to confirm the text from the old number after putting in the new number,2026-08-14T09:21:47-07:00
appstore_389801252_14427353293,389801252,1,Awful AI Ban System,Got banned for no reason and many other artists are getting banned.,2026-08-14T09:17:12-07:00
appstore_389801252_14427341451,389801252,1,My acc keeps getting disabled or getting checked for no reason,This stupid app suddenly started to ‘check’ my acc if I violated their rules or something but I DIDNT EVEN DO ANYTHING WRONG!! IT DID THIS TWO TIMES IN A ROW!!!! this is stupid.,2026-08-14T09:13:45-07:00
appstore_389801252_14427321592,389801252,1,Addictive,I keep deleting this app when I catch myself scrolling and watching AI slop. I redownload it when I friend sends me a reel that I can’t view without the app being downloaded on my device,2026-08-14T09:07:59-07:00
appstore_389801252_14427294989,389801252,5,Thank you’s,My life in one drop,2026-08-14T09:00:11-07:00
appstore_389801252_14427235680,389801252,1,Location based searches,"What was the logic begin removing ""places""?",2026-08-14T08:42:57-07:00
appstore_389801252_14427021697,389801252,2,Hashtags don't work anymore,"The ability to search content by hashtags, especially recent posts using a particular hashtag, was my favorite part of Instagram. It was a way to create community and connection and see other people's posts about events and places. Now when you search a hashtag, you see a bunch of AI-selected slop. It's made Instagram a useless time-sink instead of a connector.",2026-08-14T07:43:23-07:00
appstore_389801252_14427012731,389801252,1,Last update is so ugly,🤢🤮🤢🤮🤢🤮🤢🤮🤢🤢,2026-08-14T07:40:59-07:00
appstore_389801252_14426959261,389801252,1,instagram pls stop taking my acct,so basically i made a insta account and they keep taking it for not following community guidelines but i literally dnt text on there and i barely even post,2026-08-14T07:26:09-07:00
appstore_389801252_14426927238,389801252,5,Wonderful experience,I love the media & work y’all have done with insta so fascinating,2026-08-14T07:17:11-07:00
appstore_389801252_14426898781,389801252,5,Real,Raw,2026-08-14T07:09:13-07:00
appstore_389801252_14426868030,389801252,5,Instagram,Sometimes Instagram mistakenly me for someone else identity and it’s not justified as to why. I think making sure that this is the actual person by really identifying all their social media pages and new or old identifying should be considered,2026-08-14T07:00:39-07:00
appstore_389801252_14426823711,389801252,1,Bot spam,"PLEASE FOR THE LOVE OG GOD give us an option to filter new accounts out of reels. My block list is getting huge, I mark not interested, and I still get the same exact post from new zero follower accounts.",2026-08-14T06:48:05-07:00
appstore_389801252_14426797157,389801252,5,Five stars ⭐️,"I like the new updates, yesss I’m a fan of Instagram ⭐️⭐️⭐️⭐️⭐️",2026-08-14T06:40:35-07:00
appstore_389801252_14426768248,389801252,5,Best,Best,2026-08-14T06:32:20-07:00
appstore_389801252_14426656339,389801252,1,fix your app,fix the problem with this ai banned wave please and us all back our accounts because we all know y’all can y’all made the app it’s not that hard because everytime I make a account I keep getting banned.,2026-08-14T06:00:00-07:00
appstore_389801252_14426638799,389801252,4,Instagram review,"After using the app for sometime, I think overall that instagram is a good place to connect with people from different parts of the world.",2026-08-14T05:54:51-07:00
appstore_389801252_14426635523,389801252,5,Post,Perfect,2026-08-14T05:53:51-07:00
appstore_389801252_14426580630,389801252,1,No customer support for anything,"I lost access to my work account 6 months ago. Haven’t been able to gain access back, asking me for authentication app or back up codes that I have NEVER set up.  After countless tries with Meta to get access to my account I’ve come to realized that these people are completely useless.  I don’t understand how are they able to keep this company running without an useful customer support department.",2026-08-14T05:37:15-07:00
appstore_389801252_14426578171,389801252,1,Hiding relevant comments to control narratives,"Meta hides comments on posts that don’t seem to fit the narrative Zuck wants us to see. I’ve had to unhide comments over and over to find the most relevant, and some of the most popular, aren’t immediately visible. I either have to scroll or intentionally click to show all comments to engage with relevant content. The sensor ship is real. I’m done with Meta.",2026-08-14T05:36:33-07:00
appstore_389801252_14426551614,389801252,5,بيو بيو,اريد اسأل اودي عن الدواء لأن شنو أيدي صارت زرقاء،اريد أنزله علمود اشوف اختي بَتول اول مرة تروح لبيت خالي كجنة الهم وشو ماينزل,2026-08-14T05:28:23-07:00
appstore_389801252_14426542809,389801252,4,B,B,2026-08-14T05:25:45-07:00
appstore_389801252_14426495651,389801252,1,Account not signing in,Won’t let me sign into my account,2026-08-14T05:11:10-07:00
appstore_389801252_14426426883,389801252,1,Deceptive advertising,"Recently changed their advertisements so that ads are no longer clearly marked as ads. Instead, a video will play for 15 seconds before Instagram reveals that it is an advertisement. This is illegal and if we had a functioning government someone would do something about it.",2026-08-14T04:49:18-07:00
appstore_389801252_14426399573,389801252,5,Review,Its truly a great app and you’re bound to enjoy your experience using it,2026-08-14T04:40:31-07:00
appstore_389801252_14426389048,389801252,1,Waste of time,An addictive tool that steels my time.,2026-08-14T04:37:04-07:00
appstore_389801252_14426323402,389801252,2,Biased reviews,You allow certain color of people to make racist and disparaging remarks but will censure a colored person for responding. I mean META is racist,2026-08-14T04:15:18-07:00
appstore_389801252_14426276191,389801252,2,Account restrictions and suspended,Please open them for me,2026-08-14T03:59:05-07:00
appstore_389801252_14426217942,389801252,1,Addictive Crack,Helping us entertain ourselves into personal isolation.,2026-08-14T03:38:27-07:00
appstore_389801252_14426106170,389801252,5,Лучшая площадка,"Люблю всем сердце и благодарен, за то что мы вместе уже почти 14 лет. 
Моя душа ❤️",2026-08-14T02:56:58-07:00
appstore_389801252_14425810402,389801252,1,One star,Very disappointed i just trying to revive my account I write my phone number for human verification but still rejected it so disappointed,2026-08-14T00:59:38-07:00
appstore_389801252_14425740857,389801252,5,LOVE,"8500 posts and 50,000 stories in… it’s love, love of humanity. Joie de vie!!!",2026-08-14T00:30:31-07:00
appstore_389801252_14425692858,389801252,1,Sevice,They removed my only account wit no warning n it’s a  account with family n friends dat live all over n lot good memories and they took it all from me n deleted my account and terrible they have no contact support or number u can call for help of anything,2026-08-14T00:10:06-07:00
appstore_389801252_14425574385,389801252,1,Worse every update,"*opens instagram* FIRST post i see is an ad… immediately closes app. TRASH…… now when searching for accounts, you are FORCED to search the words to bolster the instagram stats instead of just letting us to directly to their profile. i hate this app and i hate meta.

new edit: it got even worse… it’s now an ad EVERY OTHER POST… wow.",2026-08-13T23:18:50-07:00
appstore_389801252_14425535846,389801252,1,Needs Cache Management,Needs better cache management. The app can balloon to 4GB which is insane. Giving it 1 star until app size is reduced.,2026-08-13T23:01:58-07:00
appstore_389801252_14425527612,389801252,1,Dumb,"They won’t let me make a professional account everytime it gets deleted for no reason and won’t be allowed back on, and banned all my old accounts or locked my old accounts this is not fair to me at all",2026-08-13T22:58:25-07:00
appstore_389801252_14425517755,389801252,1,Ongoing issue + Horrible help center,"I’ve been having an ongoing issue since January 2026 where randomly half of my followers cannot see my Instagram post. Even the people that I tagged cannot see it and it just says “post unavailable.” My account is in good standing and I haven’t violated any community guidelines or done anything bad, so there is no reason as to why my posts aren’t being shown. I have a public account too. I have tried everything to resolve this issue, including clearing the cache, deleting and redownloading the app, relogging in, archiving the post, deleting and making a new post, etc, but nothing has worked. I am extremely tired and fed up with this issue. I have been losing engagement and followers because of it and I am ready to permanently delete my account and delete Instagram for good if I continue to get no help. The AI bots that respond in the help center are stupid and don’t do anything, they just repeat the same unhelpful sentences. I need to talk to a real person not an AI.",2026-08-13T22:54:07-07:00
appstore_389801252_14425464434,389801252,1,No sirve,"Instagram no sirve, el sistema me elimina todas mis cuentas y no tiene manera de recuperarla la peor aplicación que eh visto no la recomiendo",2026-08-13T22:30:37-07:00
appstore_389801252_14425463023,389801252,3,My Account,I don’t like how yall took my account for no reason I want it back I been working hard for that account since my mom been gone I want my account back please and thank you i didn’t do nothing wrong - the account name is unknownmymy._,2026-08-13T22:30:00-07:00
appstore_389801252_14425334399,389801252,1,Paused ruined,Pause is horrendous now. Total garbage.,2026-08-13T21:34:04-07:00
appstore_389801252_14425298401,389801252,1,Slow af,Why even with the update is Instagram taking 4-5 business years to refresh,2026-08-13T21:18:37-07:00
appstore_389801252_14425278404,389801252,5,Nicholas Lassard,"Homegrown - Pays to stay, play and slayyy local",2026-08-13T21:10:13-07:00
appstore_389801252_14425273116,389801252,5,🍭,I love this app without this app i could’ve never survive school i,2026-08-13T21:07:58-07:00
appstore_389801252_14425268425,389801252,1,Do not use,I’ve had over 3 real accounts that I used get permanently disabled. You send your ID in nothing even as far as my social security and birth certificate still nothing my accounts got permanently disabled for account integrity. I’m not the only one and won’t be the last one lost 10 years of memories because of this new meta ai bs. And on top of it no one seems to care. Don’t use unless you like looking twice to see if your account will get randomly selected for a random suspension because the ai thinks it’s not really you even after they got my facial recognition my ID my birth certificate my social security.,2026-08-13T21:06:00-07:00
appstore_389801252_14425265208,389801252,2,my complaint,"why does instagram take my accounts for no reason , that is irritating",2026-08-13T21:04:39-07:00
appstore_389801252_14425250078,389801252,5,Finally,Able to rearrange posts 🔥🔥🔥🔥,2026-08-13T20:58:20-07:00
appstore_389801252_14425220865,389801252,1,WORST/NON-EXISTENT APP SUPPORT,If you’re having account issues you might as well delete instagram and save yourself the headache of trying to do literally anything to get it back. Let alone creating a new account doesn’t even work anymore with this app. It asks to verify ID but can’t even do that either. So what is the point of this app at all?????,2026-08-13T20:46:21-07:00
appstore_389801252_14425217799,389801252,1,AI ads,Gonna keep blocking every AI ad you keep pushing at me till you stop,2026-08-13T20:45:06-07:00
appstore_389801252_14425208673,389801252,1,upset,Im getting suspended for literally nothing and i would please like to get unsuspended as soon as possible.. This is not the first or 5 times i been suspended its been over 20 times for literally doing nothing.,2026-08-13T20:41:22-07:00
appstore_389801252_14425204254,389801252,2,Bad updated font,I just opened the app to see that the font that says ‘Instagram’ at the top has a different font. Bring back the old font it was so cute and fit the app and the vibe perfectly. This new one is not good and is unfitting and un-fun,2026-08-13T20:39:35-07:00
appstore_389801252_14425198986,389801252,1,Está buena la aplicación,Pero te quitan la cuenta y eliminan sin ningún sentido está mal se merece lo peor perdí mi cuenta de casi 3 años como pueden hacer eso quiten de administradora a la pinche ia no vale vergichiss,2026-08-13T20:37:32-07:00
appstore_389801252_14425198635,389801252,5,@taymadeyoulook,Love Like and appreciate comments,2026-08-13T20:37:23-07:00
appstore_389801252_14425171225,389801252,5,Pésimo soporte y moderación injusta,"Pésima experiencia. La aplicación suspende y borra cuentas antiguas injustamente mediante bots,sin entender el contexto de chats privados donde uno solo defiende su privacidad. El centro de ayuda no ofrece ninguna solución ni atención humana real. Arruinan la experiencia de usuarios reales.",2026-08-13T20:26:44-07:00
appstore_389801252_14425167507,389801252,5,Good ball rolling,I just got a new account let’s see how this works ;),2026-08-13T20:25:54-07:00
appstore_389801252_14425154867,389801252,4,4/5,"Instagram is insanely fun to be on actively when posting or even just watching videos, seeing posts. however, they do NOT take reports serious enough so don’t expect to be supported. i’ve reported an account multiple times due to bullying and they have never once taken that situation serious enough. expecting ME to block an account won’t make ME feel better if a picture of me is circulating around the internet without MY consent. other than that, completely fine.",2026-08-13T20:21:18-07:00
appstore_389801252_14425153309,389801252,1,DECEPCIÓN,Tengo demasiado tiempo usando Instagram y nunca me había pasado algo como esto. Me han suspendido mi cuenta y ya han pasado 6 meses y no he podido recuperarla exijo que Instagram quite este tipo de injusticias,2026-08-13T20:20:39-07:00
appstore_389801252_14425151380,389801252,1,Permanently disabled,"My account got suspended because I violated guidelines I never violated ever. I tried to appeal, then it says it’s permanently disabled now. Worst support ever!",2026-08-13T20:19:52-07:00
appstore_389801252_14425147593,389801252,2,INSTAGRAM,they keep taking my accounts back back to back and im 18+  i dont post anything on my account to get restricted or reported but somehow they keep taking my accounts,2026-08-13T20:18:21-07:00
appstore_389801252_14425138055,389801252,1,Volume controls don’t work,"I can’t turn up the volume of posts or stories, my phone volume button turns up the ringer instead",2026-08-13T20:14:34-07:00
appstore_389801252_14425134153,389801252,1,J,Es de lo peor me banean a cada rato y no me dan derecho a nada,2026-08-13T20:12:59-07:00
appstore_389801252_14425102746,389801252,5,ro.chellebarron,Very user friendly,2026-08-13T20:00:42-07:00
appstore_389801252_14425060953,389801252,3,bug I guess,everytime I get on the app and click on somebody profile it clicks me off instagram or whenever I post something on instagram it clicks me off and I can’t get back on unless I delete the whole app and log back in,2026-08-13T19:44:31-07:00
appstore_389801252_14425047812,389801252,1,Algorithmic nightmare,"Only goal is to keep you scrolling, has lost all photographic relevance with existence of reels. Do not recommend viewing anything other than those you follow sourced in #",2026-08-13T19:39:32-07:00
appstore_389801252_14425036985,389801252,5,Please make a unfollow all who don’t follow you button instagram,I really need this button because I have to many people I follow,2026-08-13T19:35:34-07:00
appstore_389801252_14424972767,389801252,1,Meta ruined instagram,Trash,2026-08-13T19:11:30-07:00
appstore_389801252_14424961657,389801252,5,Insta,I use it as a public library of photos for my adventures. If you don’t have Instagram you’re probably boring.,2026-08-13T19:07:19-07:00
appstore_389801252_14424920022,389801252,1,Bug,App has been crashing really bad lately. Cant post without instagram just completely closing me out of the app. And then i have to delete it and download it right back just for it to do the same thing. Tried everything even with my device and nothing works pretty sure its the app.,2026-08-13T18:51:46-07:00
appstore_389801252_14424822255,389801252,5,milad.id73,Apps5141,2026-08-13T18:15:52-07:00
appstore_389801252_14424820065,389801252,5,Dreams,"""with you, my dreams come true"" thank you ❤️",2026-08-13T18:15:04-07:00
appstore_389801252_14424762914,389801252,1,Instacrapp,Instagram censors United States Citizens & violates the First Amendment,2026-08-13T17:53:46-07:00
appstore_389801252_14424722100,389801252,5,Algorithm,I’m quite enjoying mine. ✌️,2026-08-13T17:38:35-07:00
appstore_389801252_14424715021,389801252,5,INSTAGRAM,LA MEJOR APLICACIÓN !!!!!🙌💪,2026-08-13T17:35:55-07:00
appstore_389801252_14424703330,389801252,1,Restrictions,"My Experience With Instagram

I’m extremely disappointed with Instagram’s account enforcement process. My account was disabled, yet I was not given clear information explaining exactly what violation I supposedly committed, nor was I provided with any meaningful evidence or details that would allow me to understand what happened.

I completely understand that Instagram has rules and community guidelines, and I respect the platform’s right to enforce those rules. However, there should also be fairness and transparency when someone’s account is disabled. If Instagram is going to take away access to someone’s account, especially an account that may contain years of photos, videos, conversations, connections, and personal content, users deserve to know exactly why that decision was made.

What is most frustrating is being told that my account violated a policy without being shown what specific content caused the violation. How am I supposed to understand what I did wrong or defend myself if I’m not given enough information to do so?

I have attempted to resolve the situation, but the process feels extremely difficult and automated. It feels like there is no real opportunity to speak with someone, explain the situation, provide information, or have the decision properly reviewed by a person.

I’m not asking Instagram to ignore its rules. I’m asking for a fair review. If I actually violated a policy, I should be told which policy, what content caused the violation, and given a reasonable opportunity to understand and address the issue. If the decision was made incorrectly, then my account should be restored.

Platforms as large as Instagram have a responsibility to treat their users fairly. Disabling someone’s account without providing clear reasoning or meaningful evidence can leave users feeling completely powerless.

I hope Instagram improves this process and provides users with more transparency, better communication, and genuine human review when accounts are disabled. People should not have to fight through automated systems just to find out why their account was taken away.

I’m simply asking Instagram to review my case fairly, explain the reason for the decision, provide the information necessary to understand the alleged violation, and give me a legitimate opportunity to appeal.

Instagram, please review my account and give me a fair chance to resolve this situation.",2026-08-13T17:31:35-07:00
appstore_389801252_14424605514,389801252,1,This app sucks,"If people weren’t psychologically locked into this network they would never choose to use this garbage app. It doesn’t show me my friends’ posts, just advertising. And when i try to log in on my computer, it makes me confirm on my phone, but that screen is broken because Meta doesn’t care about things working",2026-08-13T16:54:54-07:00
appstore_389801252_14424573717,389801252,1,Hmph,Dear instagram you app has gone to bs and STOP USING AI THANKS,2026-08-13T16:42:33-07:00
appstore_389801252_14424493666,389801252,1,Banned for no reason,They took my account and wrongly deleted it and suspended it I need it back,2026-08-13T16:11:08-07:00
appstore_389801252_14424488016,389801252,5,Love it,Great platform,2026-08-13T16:08:53-07:00
appstore_389801252_14424486255,389801252,1,Keep getting banned for nothing.,..,2026-08-13T16:08:12-07:00
appstore_389801252_14424290142,389801252,5,OMG,BEST APO EVER!!!,2026-08-13T14:51:40-07:00
appstore_389801252_14424238234,389801252,5,its aight,cool but meta is really stupid also the data collection is kinda weird,2026-08-13T14:31:41-07:00
appstore_389801252_14424197463,389801252,3,Trash,Got my account banned for nun,2026-08-13T14:16:13-07:00
appstore_389801252_14424093809,389801252,1,Bad,"Always had instagram for many years but lately I’ve been banned for no reason, I barely use it but when I try to use it and update my profile picture and name I get kicked out and my account is banned for no reason..",2026-08-13T13:37:40-07:00
appstore_389801252_14424083664,389801252,1,Loser,Since when is the word loser flagged?,2026-08-13T13:34:00-07:00
appstore_389801252_14424051023,389801252,1,HATE THE NEW PAUSE,Bring back hold and pause on videos. The new pause brings up a screen that’s completely unnecessary. Hate it.,2026-08-13T13:22:06-07:00
appstore_389801252_14423968861,389801252,1,Code,"The automated safety system cuts off conversations with cold messages instead of helping.it feels harmful,not helpful, and makes people feel isolated.Meta needs to fix across all their apps.Asap",2026-08-13T12:52:36-07:00
appstore_389801252_14423942005,389801252,2,Restyle option not showing!!,"I have been using Instagram for a long time, but I am increasingly frustrated with how feature updates are rolled out. It seems like new tools, filters, and interface updates are released to other users months in advance, while my account either receives them extremely late or not at all.
While I understand that Instagram tests new updates on select account clusters or regions before a global rollout, the gap between users is far too wide. Having an updated app version and a high-end device doesn't seem to help either. It creates an inconsistent experience where my friends are actively using new features that I don't even have access to yet.
I hope Instagram optimizes its update distribution system so that all active users receive new features in a more timely and fair manner.",2026-08-13T12:43:06-07:00
appstore_389801252_14423905840,389801252,1,Trying to force me to follow accounts I don't want to follow,"I have specific interests. Irish setters, English Setters, Gordon Setters.... NOT other dogs. I don't want a feed full of other dogs. If it's not okay that I follow my interests then I don't need you. Pinterest will do just fine and I won't miss you.",2026-08-13T12:30:33-07:00
appstore_389801252_14423859226,389801252,1,Ads,Everywhere,2026-08-13T12:14:23-07:00
appstore_389801252_14423838365,389801252,5,Pizzamymind37,I have another main account and insta is awesome I want to go public with this writing account but I’m just getting comfortable sharing my writing maybe one day people will see them and think I’m them,2026-08-13T12:07:13-07:00
appstore_389801252_14423831588,389801252,1,glitchy,"I spent thirty minutes trying to create a simple story. the interface is so glitchy and unintuitive; had to Google how to change the background color. gifs couldn't be moved or deleted because the layers wouldn't respond to touch input. horrible experience compared to 4-5 years ago when I was a frequent user. stop over engineering your product, it just gets worse and worse. on top of that most of my feed is garbage I don't follow or care about; why are you essentially forcing the explore page & nonstop ads onto my feed? are we just giving up any pretense & going full gross capitalist / ""influencer""? yikes. glad I gave this up as my main social media & after today definitely won't be going back.",2026-08-13T12:04:55-07:00
appstore_389801252_14423801304,389801252,1,account deactivations,decrease time allowed for deactivations,2026-08-13T11:54:37-07:00
appstore_389801252_14423773631,389801252,3,Instagram,"It’s a good app but it keeps on banning me, and suspending my account, why is that?",2026-08-13T11:45:12-07:00
appstore_389801252_14423680782,389801252,1,ai summarizing my POSTS??,you guys have ai summarizing posts now. you are shoving it down my throat and im tired of it i hate this app and im getting very close to deleting my accounts along with the app.,2026-08-13T11:14:06-07:00
appstore_389801252_14423640201,389801252,5,Creator,Love instagram kept on improving,2026-08-13T11:00:56-07:00
appstore_389801252_14423631654,389801252,1,#meta,"Everyone's Instagram is closed due to the new update you made, this is the only thing that is meta collaboration.",2026-08-13T10:58:09-07:00
appstore_389801252_14423603375,389801252,1,Need an explanation,"I am EXTREMELY disappointed and angry with Instagram. This is YET AGAIN another time my account has been blocked/suspended, and I am genuinely fed up. The feeling of helplessness you get when you open the app and suddenly realize you’ve lost access to an account containing your memories, conversations, photos, and YEARS of your life—without receiving a clear explanation or an actual solution—is unbelievable.

The worst part is feeling like it doesn’t matter how many times you appeal or try to prove that you’re a real person. The system simply decides to suspend you, and you’re left dealing with the consequences. Where is the HUMAN support? Where is the specific explanation of what I supposedly did wrong? I’m tired of automated systems punishing accounts and then giving users practically no real way to defend themselves.

Instagram used to be an app I genuinely enjoyed, but this has become one of the most frustrating experiences I’ve ever had with any platform. I am genuinely SICK AND TIRED of this. FIX your suspension system and give users an ACTUAL way to speak to a real person when an account is unfairly suspended.",2026-08-13T10:48:59-07:00
appstore_389801252_14423500560,389801252,1,Account Still Disabled,"My facebook account was disabled Sunday, August 9th at 10:30PM. I appealed this and it was approved and my Facebook has been working since then. My Instagram has been disabled since August 10th stating it’s because of my facebook and I’m not being offered the option to appeal. I have had no luck contacting support and Meta AI chat bots keep spinning me in circles. I purchased a Meta Verified Account with the hope I could talk to a live representative, still no luck. I’m being told my account is pending syncing up. It has been 72hrs and there’s still no change to my instagram. I am begging at this point that someone from support sees this and can help move this process along.",2026-08-13T10:16:10-07:00
appstore_389801252_14423469816,389801252,5,Animal lacrosse,🔥🔥🔥,2026-08-13T10:06:25-07:00
appstore_389801252_14423466662,389801252,5,Band Dark,A failed علي هانيcompany al a failed artificial intelligence is not fit for Nesta,2026-08-13T10:05:26-07:00
appstore_389801252_14423375502,389801252,1,Limited,Limited,2026-08-13T09:37:31-07:00
appstore_389801252_14423330453,389801252,5,Very good still,It would be better if you allowed users to move their story highlights around or pin them differently.,2026-08-13T09:24:10-07:00
appstore_389801252_14423303545,389801252,1,#1 ai slop hater here,high key going down hill with all this ai bs- tired of it everywhere- i miss when instagram was fun,2026-08-13T09:16:09-07:00
appstore_389801252_14423298319,389801252,2,Still buggy,Evil corporation behind this app,2026-08-13T09:14:37-07:00
appstore_389801252_14423282109,389801252,4,Following review limits,"Hello Instagram Support,

I’m an Instagram user in Iran, and I’m currently unable to view Followers and Following lists on Instagram. This restriction appears to specifically affect users in Iran.

I understand that there may be regional limitations, but I kindly ask you to review this restriction and consider restoring access to Followers and Following lists for Iranian users.

Instagram is an important platform for communication, networking, and keeping in touch with people. We would greatly appreciate having access to the same basic features available to users in other countries.

Thank you for listening to Iranian users and considering our request.",2026-08-13T09:09:49-07:00
appstore_389801252_14423277803,389801252,5,cool,awesome,2026-08-13T09:08:34-07:00
appstore_389801252_14423272396,389801252,5,Addicted but ok,Well it is somewhat addictive but if you follow the smart post you can learn a lot. Rock on.,2026-08-13T09:06:58-07:00
appstore_389801252_14423258408,389801252,5,Love it,I been using IG since it started and is still my favorite app. I use it for my business and make a living out of it. I love the new improvements!,2026-08-13T09:02:52-07:00
appstore_389801252_14423249148,389801252,3,Fix issues,My emojis won’t show up in my collections they show up as a question mark and not actually what they are. Like I put colored hearts next to the words I choose and they show up as a question mark.,2026-08-13T09:00:07-07:00
appstore_389801252_14423249082,389801252,5,Very cool app!,I’ve expressed myself in ways artistically in ways I never have before.,2026-08-13T09:00:06-07:00
appstore_389801252_14423218894,389801252,1,Instagram wrongly disabled and appeal denied,Wrongfully suspended for CSE AND my appeal was denied even though I did nothing wrong lol,2026-08-13T08:51:16-07:00
appstore_389801252_14423187855,389801252,4,Please let me change the song or at least delete it,Hi please let me change the song or at least delete it,2026-08-13T08:42:14-07:00
appstore_389801252_14423179092,389801252,5,LynnArt,I love stories and reels- making it reel can be difficult as GIFS get STUCK ON images and start over omg TY PLS ADDRESS,2026-08-13T08:39:41-07:00
appstore_389801252_14423125641,389801252,1,the algorithm is a nightmare,if you want to see any of your friends posts good luck because nope instagram is intead gonna show you 1000 posts by meme pages and influencers you dont even follow on your home page. Also moderators do nothing about publicly posted bullying/extremely racist/gore content but god forbid you say something in messages that gets flagged by their AI then suddenly your account is gone,2026-08-13T08:24:27-07:00
appstore_389801252_14423074542,389801252,5,Lo mejor,Es la app de mi vida,2026-08-13T08:09:48-07:00
appstore_389801252_14423047102,389801252,1,Can’t open links,"Instagram and WhatsApp are both owned by Meta, if someone send you a instagram post, you click on it in WhatsApp, it will not open that post. It opens the latest post on your feed. What with all this community standard BS? You have to Standards",2026-08-13T08:02:02-07:00
appstore_389801252_14423010641,389801252,5,Ok,Very good,2026-08-13T07:51:49-07:00
appstore_389801252_14422999796,389801252,1,Bring back hold to pause!,I hate the new update that took away holding a reel to pause it. Some stupid menu comes up now. People never put their captions up long enough or they put them under all of the buttons and I can’t read it unless I hold to pause and get rid of everything in the screen. It’s so frustrating to watch reels now I don’t even want to do it anymore,2026-08-13T07:49:07-07:00
appstore_389801252_14422981199,389801252,1,0,There has been a lot of advertising from the platform.,2026-08-13T07:43:55-07:00
appstore_389801252_14422948852,389801252,4,Changes,"I joined to connect with other art educators, lately I have to wade through tons of advertising that IG picked up
On through my phone.",2026-08-13T07:34:49-07:00
appstore_389801252_14422936864,389801252,5,Best app for creators 🔥,"Instagram creators के लिए बहुत अच्छा platform है। Reels बनाना, audience से connect करना और content grow करना आसान है। नए updates और creator features भी काफी useful हैं। Overall experience बहुत अच्छा है। ❤️🔥",2026-08-13T07:31:27-07:00
appstore_389801252_14422866182,389801252,1,You’re ruining the public social sector,Fix it,2026-08-13T07:11:38-07:00
appstore_389801252_14422806221,389801252,1,META is bad,"Instagram AI is banning people for no reason. 

There is no appeal process.",2026-08-13T06:54:39-07:00
appstore_389801252_14422750479,389801252,2,Collection albums not organized,Who do I talk to about updating how post collections are organized? Can yall make this go in alphabetical order ?,2026-08-13T06:38:50-07:00
appstore_389801252_14422655104,389801252,5,Works too well,This app is too entertaining and takes up too much of my time so I have to periodically delete it,2026-08-13T06:11:14-07:00
appstore_389801252_14422445670,389801252,5,Love it here,You guys are amazing! ⭐️⭐️⭐️⭐️⭐️ Always such a great experience. Highly recommend! ❤️🙌,2026-08-13T05:07:47-07:00
appstore_389801252_14422367861,389801252,2,Gopal,Jaan,2026-08-13T04:43:04-07:00
appstore_389801252_14422335423,389801252,1,.,والله تطبيق كلب وميتا نسوي وحده تتحرش ولما اقوله قاعده تتحرش فيني يقول ي اماني انتي لازم تتصلي بالشرطه طيب انا الضحيه مو هي,2026-08-13T04:32:31-07:00
appstore_389801252_14422222049,389801252,5,Live,"Only thing I’m
Not fond of is not being able
To go live due to follower amount.",2026-08-13T03:54:07-07:00
appstore_389801252_14422163758,389801252,5,Fantastic,Making good friends,2026-08-13T03:33:13-07:00
appstore_389801252_14422094220,389801252,1,Wow,"I’m really upset, instagram has taken my main account down because one of the accounts i had got banned nd then a week later they took mines down for no reason mind u the account they’ve just tooken down is my main had that account for about 2 years now! Not once has I done anything bad on that account maybe got a view comments tooken down but that’s it! They said I’ve just made an account after an account was tooke down NOT TRUE IVE BEEN HAD THAT ACCOUNT I REALLY HOPE J GET MY ACCOUNT BACK MAN👎 smh instagram do better. 🫩 UPDATE : its been about 1-2 years now and im still not able to keep an account up because instagram keep taking them down . Why? I have NO idea .",2026-08-13T03:07:39-07:00
appstore_389801252_14421912425,389801252,5,My Review,I want to be able to my old account following because someone took that and doesn’t use it anymore.,2026-08-13T01:57:30-07:00
appstore_389801252_14421701068,389801252,1,Worst AI,Meta Ai false banned my account,2026-08-13T00:32:41-07:00
appstore_389801252_14421638012,389801252,5,Ммм,Классс👍🏻👍🏻👍🏻,2026-08-13T00:06:43-07:00
appstore_389801252_14421575734,389801252,5,"Geniales, me mantienen informada🫶",👍🏼👏👏👏mi red social favorita ❤️,2026-08-12T23:40:29-07:00
appstore_389801252_14421542644,389801252,1,Desativando conta sem motivo,"Desativaram minha conta sem motivo algum, e da minha filha que estava logada no meu celular! Nunca mais uso esse lixo de rede social!",2026-08-12T23:26:21-07:00
appstore_389801252_14421481491,389801252,1,awful,account banned for no reason after 12+ years,2026-08-12T23:00:16-07:00
appstore_389801252_14421471029,389801252,5,برنامه عالی,❤️,2026-08-12T22:55:46-07:00
appstore_389801252_14421343524,389801252,1,The end,The worst cancer our species will ever know,2026-08-12T22:00:29-07:00
appstore_389801252_14421258838,389801252,5,yo,just the right ammount of everyhting,2026-08-12T21:24:22-07:00
appstore_389801252_14421228497,389801252,5,Great Social Media App,Allows me to share the most important things to me on instagram to the most important people in my life and across the globe for things that truly matter to me!!,2026-08-12T21:11:30-07:00
appstore_389801252_14421221257,389801252,2,Always buggy,"Often the little things add up, a text box not aligning correctly with the ipad os, or a box so small you wonder if they thought of using the full screen of an ipad at any point instead of little caption boxes that reads barely 3 menu items.",2026-08-12T21:08:26-07:00
appstore_389801252_14421220050,389801252,5,"★★★★★

Five stars because I have a generous heart. 🤍","Instagram is a curious little place where photographs find strangers, old friends quietly keep up with one another, and occasionally something beautiful appears between two advertisements.

I complain about it, of course.

But I’m still here. 🌹",2026-08-12T21:07:57-07:00
appstore_389801252_14421176404,389801252,2,AI will save us,The IG to Facebook connection is so buggy you should take PReP to protect yourself.,2026-08-12T20:49:48-07:00
appstore_389801252_14421152674,389801252,5,The best,"I love instagram, I hope it never disappears",2026-08-12T20:40:06-07:00
appstore_389801252_14421134324,389801252,1,Horrible,Banned for no reason.,2026-08-12T20:32:43-07:00
appstore_389801252_14421096393,389801252,5,Cross posts,Cross posting to other apps will definitely be my go to for algorithm development,2026-08-12T20:17:38-07:00
appstore_389801252_14421087304,389801252,1,accounts,i’m starting not to like it because it kept disabled all my accounts for no reason and it keep adding restriction on it I can literally be laying down that I click on Instagram then I see a notification that I have been restricted on my account been suspended Instagram do better,2026-08-12T20:14:03-07:00
appstore_389801252_14421026999,389801252,1,Small Artist,"I can’t bookmark ANYTHING without Ai describing it to me. Anything! Ai, Ai, Ai. Disgusting, honestly. Can’t even turn it off.",2026-08-12T19:50:48-07:00
appstore_389801252_14421024755,389801252,4,Mmmm,I like that,2026-08-12T19:49:59-07:00
appstore_389801252_14420986853,389801252,1,"steals data, slow, glitchy","slowest app i’ve ever used, only getting slower and running down your phone more and more with each update, this app is also fishy and asks for wat too much of your data, it has access to your facial camera at all times even when u aren’t using it, it uses ur browsing data to advertise to you, and has a huge problem with AI/ porn adds. ontop of this, the app logged me out randomly and wouldnt let me log back into the same device with my password, instead it asked me to login on my primary device (the phone u just logged me out of) to verify my log in, which doesn’t make sense. soulless garbage app.",2026-08-12T19:35:38-07:00
appstore_389801252_14420968084,389801252,5,IG,My best App😘,2026-08-12T19:28:36-07:00
appstore_389801252_14420945118,389801252,1,Ts trash,Ts trash,2026-08-12T19:20:03-07:00
appstore_389801252_14420925124,389801252,1,wtf,"i got banned for doing something i didn't even do, my account is being appealed and if it gets banned it will be permanently disabled",2026-08-12T19:12:44-07:00
appstore_389801252_14420878860,389801252,4,Just bring back the 3 pinned,The 3 pinned comments please 🙏🏾🙏🏾🙏🏾 bring em back that’s all we need fr no other updates,2026-08-12T18:55:55-07:00
appstore_389801252_14420845887,389801252,2,not working correctly,it’s very upsetting,2026-08-12T18:43:48-07:00
appstore_389801252_14420805205,389801252,1,My Account,Instagram keep taking my account for no reason I only post pictures of me & likes other or post funny videos so I don’t know why instagram take taking my account,2026-08-12T18:29:01-07:00
appstore_389801252_14420804725,389801252,1,Queja,"Pinche app culera me bloqueo 5 cuentas y solo porque si cuando yo no hacía nada malo 
Pero como no soy un put@ mostrando el cul0 me quitan la cuenta 
App basura la neta",2026-08-12T18:28:49-07:00
appstore_389801252_14420787819,389801252,2,C,They deleted my account for no reason at all I haven’t even used instagram and I want my account back,2026-08-12T18:22:38-07:00
appstore_389801252_14420697811,389801252,1,Instagram currently has two serious issues:,"1. When you try to send or forward a video and search for someone’s name, the app starts freezing as soon as you type.
2. Group chats randomly disappear from the Chats screen. You’re still in the group, and it shows up if you manually search for it, but it won’t appear in your chat list — even when someone has just sent a new message.

Please fix this!",2026-08-12T17:49:22-07:00
appstore_389801252_14420670955,389801252,5,انستا,رجعو نفس قبل,2026-08-12T17:39:23-07:00
appstore_389801252_14420666865,389801252,5,Trash,Ur app sucks,2026-08-12T17:37:50-07:00
appstore_389801252_14420608883,389801252,1,Inhabilitado,"Devuélvame mis cuentas de Instagram, no he incumplido nada por favor tengo todo ahí mi trabajo necesito de nuevo mi cuenta 🙏🏽🥲",2026-08-12T17:16:01-07:00
appstore_389801252_14420557105,389801252,3,My Instagram account,"I had my Instagram account for 3 years , I finally get over 1,000 followers so I can go live and instagram decided to disable all my accounts and tell me I can’t get them back and it got me feel really bad because why it took me so long to get to one thousand followers just for Instagram to disable it , I would really like instagram help me get back my accounts please because it’s going to take much longer for me to get back one thousand followers again .",2026-08-12T16:56:18-07:00
appstore_389801252_14420548238,389801252,5,Los mejores,Aplicación,2026-08-12T16:52:50-07:00
appstore_389801252_14420517710,389801252,5,2 IG INFLUENCERS,"Relatable, perplex, and economically efficiently put together in order for friends and families to interact!!! I love it!!!",2026-08-12T16:40:41-07:00
appstore_389801252_14420492885,389801252,5,❤️,You are the best thank you 🙏,2026-08-12T16:30:56-07:00
appstore_389801252_14420476732,389801252,1,The worst.,"Meta took everything about Facebook and made it worse. Then they convinced young people it was better. Why?

You can’t tell who is who. You can’t rad the caption.  My photos get cut off. You can’t see a collage of photos at first glance. 

Bad. Bad.  Bad.",2026-08-12T16:24:40-07:00
appstore_389801252_14420437447,389801252,5,excuse me as I TOUCH the SSSYY🏴‍☠️🔝,!NUTS!🏴‍☠️🦅🦅🦅🦅♦️▫️♦️🚂🍀🥇🍀🔘🟥🔘🟥,2026-08-12T16:09:16-07:00
appstore_389801252_14420434453,389801252,2,Insta lovers,You guys lowkey suck but I’m down to say you guys don’t if you give me money,2026-08-12T16:08:05-07:00
appstore_389801252_14420400432,389801252,5,Instagram is so fun,"Instagram is fun, and brings you to joy when you are stressed or sad.",2026-08-12T15:54:52-07:00
appstore_389801252_14420394091,389801252,5,The Best Social Media,It’s helped me make my dream come true—as cheesy as that sounds… 😅,2026-08-12T15:52:19-07:00
appstore_389801252_14420380622,389801252,5,Muy buena,💈🙏,2026-08-12T15:47:00-07:00
appstore_389801252_14420373045,389801252,1,Hacked,My account was hacked and now the suspended it how can I retrieve my account as there is so much of memories and information of my travels,2026-08-12T15:44:01-07:00
appstore_389801252_14420308467,389801252,5,wow,literally best app ever wow :0,2026-08-12T15:18:52-07:00
appstore_389801252_14420300336,389801252,5,Best,It amazing,2026-08-12T15:15:44-07:00
appstore_389801252_14420299824,389801252,5,review,fair honest and always willing to give opportunities for those with a good heart,2026-08-12T15:15:33-07:00
appstore_389801252_14420282770,389801252,1,👎🏼👎🏼,Me suspendieron la cuenta sin a ver incumplido algo,2026-08-12T15:09:01-07:00
appstore_389801252_14420262302,389801252,2,I hate instagram,"My account kept getting banned, for no reason, kept saying it was associated with an account that went against their guidelines.. why does this keep happening to me, overall , instagram is great, just stop banning me!!",2026-08-12T15:01:16-07:00
appstore_389801252_14420246471,389801252,5,Me gusta esta aplicación,fenabito,2026-08-12T14:55:10-07:00
appstore_389801252_14420233542,389801252,1,Terrible,"Horrible app and banned me for no reason. The new ai is banning many people for zero reason at all, and their focus is to ban randoms rather than others who are actually violating guidelines.",2026-08-12T14:50:12-07:00
appstore_389801252_14420208485,389801252,1,SO BAD!!!!,"It’s bad... I can’t even get the app until I do this weird thing!
🤬😡😠😩😫😤🙄👿",2026-08-12T14:40:40-07:00
appstore_389801252_14420204716,389801252,1,ig,They keep taking my accounts for no reason,2026-08-12T14:39:17-07:00
appstore_389801252_14420174804,389801252,1,GET RID OF META AI,Your making this app unusable and I keep getting banned you guys suck,2026-08-12T14:28:15-07:00
appstore_389801252_14419987135,389801252,5,Mi mejor app. 😍,"Me encanta Instagram, gracias por dar publicidad a mis publicaciones",2026-08-12T13:19:35-07:00
appstore_389801252_14419868466,389801252,5,Bikelife,Great way to express what we love🚲🚲🚲🚲🚲🚲🚲🚲,2026-08-12T12:37:28-07:00
appstore_389801252_14419836397,389801252,5,يخبل,جكيل,2026-08-12T12:26:20-07:00
appstore_389801252_14419767103,389801252,1,"Mark, you created a monster",The worst invention in human history. Do not use it if you care about your life.,2026-08-12T12:02:32-07:00
appstore_389801252_14419748495,389801252,1,META SUCKS,Horrible,2026-08-12T11:56:10-07:00
appstore_389801252_14419677424,389801252,1,Horrible,Meta ruins everything it touches,2026-08-12T11:31:52-07:00
appstore_389801252_14419673180,389801252,1,Stop the pop ups,F,2026-08-12T11:30:25-07:00
appstore_389801252_14419669101,389801252,5,Best,Best app ever,2026-08-12T11:29:02-07:00
appstore_389801252_14419640684,389801252,1,Dehumanizing platform,Evil app meant to rob you of your humanity,2026-08-12T11:19:19-07:00
appstore_389801252_14419610318,389801252,1,get rid of community notes,NOBODY wants community notes. they’re ridiculous and block the video. at least give users the option to TURN IT OFF,2026-08-12T11:08:51-07:00
appstore_389801252_14419554865,389801252,2,Tá ruim,"Precisa de uma melhorada, tão suspendendo contas que não faz nem sentido",2026-08-12T10:50:07-07:00
appstore_389801252_14419542194,389801252,1,Fire Adam Mosseri,"This man has ruined and trashed this app. There are too many censorship filters. It makes it impossible to be a content creator. On top of that, he’s completely butchered monetization on this app. Fire him expeditiously.",2026-08-12T10:45:58-07:00
appstore_389801252_14419542039,389801252,5,Bubles,Love this creative space,2026-08-12T10:45:55-07:00
appstore_389801252_14419520531,389801252,1,Stop banning people,Yall be banning people accounts for no reason,2026-08-12T10:38:56-07:00
appstore_389801252_14419487913,389801252,5,Rest,The best.,2026-08-12T10:28:26-07:00
appstore_389801252_14419447357,389801252,5,Amazing,"Do you have self esteem and ambition? Well throw those away, you now have instagram.",2026-08-12T10:15:25-07:00
appstore_389801252_14419408513,389801252,4,Repost issue,"I occasionally doom scroll as one does, but i also like to repost a decent amount of videos that I see. But NOW I get a pop up that says something about the guidelines or whatever and like I don’t post or say anything that would be offensive but like I keep clicking “let us know” so now I got to like send them to people or save them to whatever saved thing I have. It’s just frustrating and I would like to see it fixed.",2026-08-12T10:03:12-07:00
appstore_389801252_14419362300,389801252,5,Review,Wounder full,2026-08-12T09:49:00-07:00
appstore_389801252_14419356447,389801252,1,Saved Posts Not Loading,Saved posts won’t load on app nor desktop.,2026-08-12T09:47:12-07:00
appstore_389801252_14419304799,389801252,1,Get rid of Ai,Instagram Locked my account because of a potential hack and now I can’t even verify to get back in. I paid for meta which was a scam because they still haven’t even called me. I made a new account and they suspended that one too for impersonating somebody but that somebody is me😒,2026-08-12T09:31:33-07:00
appstore_389801252_14419172548,389801252,1,Terrible payment support,"Terrible customer payment support experience.
I have exchanged nearly 30 emails with multiple different support agents, and after several days, my issue is still neither understood nor resolved. I provided screenshots, screen recordings, documents, a signed W-9, and even step-by-step diagrams clearly showing the problem.

Each new agent seems to ignore the case history and start from the beginning, sending generic responses and repeatedly asking for information I have already provided. I have been sent in circles between tax forms, signatures, settings, and completely irrelevant instructions.

At this point, I genuinely question how support agents handling financial and payout issues are trained and supervised. Where is the management overseeing the quality of this support? How can so many different employees handle the same case without a single person taking responsibility for actually understanding and resolving it?

Nearly 30 emails, numerous support agents, several days of wasted time — and zero progress.

By far one of the worst and most incompetent customer support experiences I have ever had.",2026-08-12T08:52:19-07:00
appstore_389801252_14419116275,389801252,1,Contnrol freaks,Instagram has blocked an ad of mine where I hired a local band to play a concert.  This band cost me thousands and I was running an add to bring in a large audience.  Instagram miss judged the music as the Beatles and they stopped the ad and are now stopping my account.  Instagram does not allow you a way to communicate with them or they will respond back.  An Instagram is nothing but a bunch of control freaks.  The band I hired was playing music and all Instagram had to do was look at the band and see it wasn’t the Beatles and I did have the OK from the band that I was advertising to advertise and bring them customers to our art gallery.  I have spent $800 this year advertising through Instagram and I have been advertising with them for years. I am just about done with Instagram.,2026-08-12T08:36:06-07:00
appstore_389801252_14419112453,389801252,1,Sound not working after ios update 26.6 !!!!,The sound completely stopped working after i updated to ios version 26.6,2026-08-12T08:34:58-07:00
appstore_389801252_14419080557,389801252,5,Momentos que conectan ✨,"Estoy muy agradecida y feliz de poder compartir momentos tan bonitos. A veces no nos damos cuenta de lo especial que es poder conectar con alguien a través de un simple mensaje, una conversación o una experiencia compartida. Detrás de cada publicación hay momentos, emociones y recuerdos que hacen que todo valga la pena. Gracias por permitirme compartir un pedacito de mi vida y conectar con personas que, de una manera u otra, terminan formando parte de esos momentos. ❤️✨",2026-08-12T08:25:51-07:00
appstore_389801252_14419065391,389801252,5,Love instagram✨ buttt,"I really love instagram and im grateful that even people in countries with many limitations. Like iran can still use the platform and share their content with the world 🌎 
My only wish is that instagram would give small and new pages more opportunities to be discovered and reach new audiences. Sometimes we put so much effort into our content, but getting seen is really difficult.😥 

Thanks you for giving us a place to create, connect and grow❤️❤️❤️❤️",2026-08-12T08:21:31-07:00
appstore_389801252_14418975862,389801252,1,Terrible,"I hate instagram. I had my account for 7 years and Instagram permanently disabled it and said it didn’t follow their guidelines. (It did) I then proceeded to do what everybody else would do, make a new account. Less than 4 hours later that one gets disabled too. I have made atleast 5 accounts within the last 3-4 days and every single one has been disabled. I am never getting Instagram ever again.",2026-08-12T07:56:11-07:00
appstore_389801252_14418898754,389801252,2,Malfunctioning,App  malfunctions with lives. Most times you can’t see who is live. They allow anyone to report you for any little thing but when it comes to racism or some forms of bullying the complaint or report is never accepted. I use to love IG but…..,2026-08-12T07:34:48-07:00
appstore_389801252_14418881846,389801252,5,Cinnamon rolls with heavy cream,"Tried this, I unrolled and added raisins, re-rolled and baked came out fluffy and delicious.",2026-08-12T07:30:06-07:00
appstore_389801252_14418798991,389801252,5,Instagram mi lugar seguro,"Sinceramente el algoritmo es impecable, e podido conectar y pasar y buen rato aquí gracias por todo",2026-08-12T07:07:02-07:00
appstore_389801252_14418765569,389801252,1,where?,i can’t find my drafts at all it’s been 3 days of looking it up and looking on the app and i can’t find them anywhere not where google or videos say the option is at.,2026-08-12T06:57:44-07:00
appstore_389801252_14418719490,389801252,4,acc suspended,it’s good an all but ur acc can he suspend for no reason at all and u will lose all ur stuff even if tht account is connected to another the other acc will get suspended along wit all ur other acc,2026-08-12T06:44:30-07:00
appstore_389801252_14418684513,389801252,5,This app is good,Is good 👍👍,2026-08-12T06:34:28-07:00
appstore_389801252_14418683836,389801252,5,Chiefs,We had fun at the Chiefs Training Camp,2026-08-12T06:34:17-07:00
appstore_389801252_14418579850,389801252,1,banned me for no reason??,instagram disabled my account because apparently i’m under 13 years old when i am not. they didn’t give me many ways to combat this or get my account back. now it’s gone and im mad and they won’t let me make a new one.,2026-08-12T06:04:11-07:00
appstore_389801252_14418441479,389801252,2,not the best rn,"the updating is inconsistent, something’s it’ll downgrade the update after months Also inconsistent features across different accounts. my gallery has been out of chronological order for months now making it hard to find photos. Instagram is also darkening my photos before uploading them?? ughhh what’s going on",2026-08-12T05:22:19-07:00
appstore_389801252_14418435862,389801252,1,MAGA losers,My instagram account keeps getting reported by maga losers and is run by Israeli government officials who will do anything to silence us. I will continue to give instagram 1 star reviews until they fix my accounts,2026-08-12T05:20:33-07:00
appstore_389801252_14418296342,389801252,1,Meu insta caiu,"Instagram tá horrível já derrubou minha conta de 9k criei outro eles desativaram tanbem , muita palhaçada",2026-08-12T04:35:36-07:00
appstore_389801252_14418278450,389801252,1,Account suspended,Every account I make gets suspended for no reason I have made like 4 different accounts I honestly just look at reels and that’s it,2026-08-12T04:29:36-07:00
appstore_389801252_14418204823,389801252,5,MALLOWST.HOLLOW;),5 STAR,2026-08-12T04:04:32-07:00
appstore_389801252_14418133864,389801252,1,Ad screen,"It takes entire page and can't close the screen to return. Also ""cancel "" button is not cancel function at all!",2026-08-12T03:39:16-07:00
appstore_389801252_14418083582,389801252,5,"This app disabled my account for no reason and I’m trying to get it back, account handle- @lulreap4","I’ve been trying to appeal my Instagram account for days and it still isn’t working. I honestly feel like my account was disabled for no reason and I want to let you guys know that, everytime I try to reactivate my account and Identify my Identity they tell me that I can’t be recognized or It’ll say I’ve tried too many times even after I wait a whole day or two to retry. This has been going on for like a week now and I really want my Instagram account back, so if yall can help me that’ll be nice",2026-08-12T03:20:42-07:00
appstore_389801252_14418082596,389801252,5,Opportunity,Thank you for helping us create our own business,2026-08-12T03:20:20-07:00
appstore_389801252_14418078540,389801252,5,sher.rymorgan6,You disabled my account mistakenly pls able the account sher.rymorgan6,2026-08-12T03:18:47-07:00
appstore_389801252_14418050608,389801252,3,Broken saves,"Почините пожалуйста сохраненки! 🙏🏻 Уже 2 месяца сохраненные папки сломались и не поднимаются вверх когда я сохраняю контент. Это очень не удобно! У меня много папок с сохраненным контентом. Я часто ими пользуюсь и сохраняю контент когда листаю ленту. А так же, прошу вас пожалуйста сделать поиск по папкам с сохраненным контентом как в Pinterest 🫶🏻",2026-08-12T03:08:13-07:00
appstore_389801252_14417814010,389801252,5,Please review my account,"Dear Instagram Team, my account @madis.on2155 has been deactivated.
I believe this is a mistake as I have always followed all community guidelines and terms of service. I request you to please review my account and reactivate it as soon as possible. Thank you for your time and assistance.",2026-08-12T01:34:16-07:00
appstore_389801252_14417810257,389801252,5,I love Insta,I love how everybody Is able to see how naturally creative I can’t wait until I receive my genuine blue check for the influence I have over my people soon,2026-08-12T01:32:41-07:00
appstore_389801252_14417736332,389801252,5,Excellent,Excellent,2026-08-12T01:02:17-07:00
appstore_389801252_14417725563,389801252,1,insta,they keep banning all my accounts and i barely post,2026-08-12T00:57:53-07:00
appstore_389801252_14417679252,389801252,1,Professional dashboard won’t load,"Multiple issues loading parts of professional dashboard for over a week. Sent multiple reports, have updated everything and nothing has been fixed. I have over 250k followers and this also affecting a promotion loading and connecting properly with my Facebook account and causing me a loss of revenue. Also have sent multiple reports with no resolution.",2026-08-12T00:38:48-07:00
appstore_389801252_14417676728,389801252,1,New hold update,this new hold update that makes it so you can’t pause vids or anything is absolute garbage who even asked for this???,2026-08-12T00:37:44-07:00
appstore_389801252_14417628246,389801252,1,muhamad_rauf_,"Dear Instagram Support Team,

I am respectfully submitting this final appeal regarding the permanent disabling of my Instagram account, @muhamad_rauf_, on July 22, 2026.

I understand from the notice that my account was disabled following a review concerning Instagram’s policies on child sexual exploitation, abuse, and nudity. I want to make it absolutely clear that I do not support, promote, encourage, or intentionally share any content involving child exploitation or abuse.

I strongly believe that my account may have been incorrectly flagged or that some content may have been misunderstood or incorrectly associated with a violation. If any content on my account was considered a violation, I sincerely ask that it be carefully examined in its full context and reviewed by a qualified human reviewer.

I respectfully understand that an initial review has already been completed. However, because the decision has resulted in the permanent loss of my account and all of its information, I am asking Instagram to reconsider the decision through a thorough manual review.

I am fully willing to comply with Instagram’s Community Standards and any applicable policies. If there is specific content that caused this action, I would greatly appreciate the opportunity to understand what was identified and, where possible, correct the issue.

Please do not treat this appeal as a request to bypass Instagram’s policies. I am simply asking for a fair and careful reconsideration of a decision that I believe may have been made in error.

My account contains important personal information, connections, and memories that are extremely valuable to me. Losing permanent access to the account without the possibility of another review has been very difficult.

I respectfully ask your team to conduct one final, genuine human review of @muhamad_rauf_ and reconsider the disabling decision if it was made incorrectly.

Thank you for taking the time to read my appeal and for giving my case the attention it deserves.

Sincerely,
Muhamad Rauf
Instagram: @muhamad_rauf_",2026-08-12T00:17:24-07:00
appstore_389801252_14417579476,389801252,1,You destroyed my original page,I’ve had Instagram since it began. I had every tattoo I’ve ever done on my original page. One day I woke up and it had been suspended. All my work over ten years instantly disappeared. All my clients and friends thought I blocked them. I tried to recover my account but couldn’t get in contact with anyone in corporate. This affected me and my bossiness drastically. It made no sense that I lost everything but am forced to watch people sell their bodies on this platform every time I open it. SMH.,2026-08-11T23:57:07-07:00
appstore_389801252_14417447547,389801252,1,Banned without a reason,My account got banned out of nowhere and instagram said it’s about children nudity like I how is that possible have zero post. I just watch reels and my friends stories. Instagram if u care about children can you ban celebrities profiles who is involve with the Epstein list,2026-08-11T23:00:33-07:00
appstore_389801252_14417399099,389801252,1,Banned for nothing,"Well their ai banned my account for nothing, hoping to get reinstated but low hopes for a company as low as this",2026-08-11T22:39:16-07:00
appstore_389801252_14417378704,389801252,1,Ayuda,"Estoy teniendo un problema con la función de Instantáneas. Cuando intento usarla, aparece el mensaje: “Esta función no está disponible en tu dispositivo”, aunque uso un iPhone 13 Pro con iOS 26.5.2 Además, ya cambié la región de mi Apple ID y App Store a Estados Unidos, pero el problema sigue igual. He actualizado la aplicación y el sistema, pero la función continúa sin aparecer o no me permite usarla agradecería que revisaran mi cuenta o este problema y, si es posible, me indicaran cómo solucionarlo por favor quiero que me arreglen esto ya porque yo siempre lo actualizo y nunca me dan las actualizaciones solo me dice q no está disponible quiero que también me pongan la de tomar foto con ia porq qué pena la verdad siendo Instagram una app muy buena y que no a todos les den las actualizaciones como se debe ya mucho tiempo y nunca me solucionaron nada por favor quiero respuesta yaaaaaa pero ya",2026-08-11T22:30:23-07:00
appstore_389801252_14417353261,389801252,5,非常优秀的社交平台 ⭐⭐⭐⭐⭐,"标题：非常优秀的社交平台 ⭐⭐⭐⭐⭐

评论：Instagram操作简单、界面清晰，非常适合分享生活、展示产品和开展国际业务。图片与短视频功能都很实用，也让我能够认识更多来自世界各地的朋友和客户。希望未来继续优化稳定性和账号安全，非常推荐！",2026-08-11T22:19:15-07:00
appstore_389801252_14417347862,389801252,5,Uñas,Enamorada,2026-08-11T22:16:52-07:00
appstore_389801252_14417289757,389801252,1,Terrible Engagement,Instagram has become mediocre and monetized. It’s decent to share photos and videos with friends but even then most ppl don’t see the posts.,2026-08-11T21:51:31-07:00
appstore_389801252_14417251046,389801252,1,I need meta to respond !,You all took my Instagram account and said I did fraud I’m permanently off Instagram can’t make any accounts I have not broke any guidelines,2026-08-11T21:34:42-07:00
appstore_389801252_14417248764,389801252,2,bố địt chết hết lũ súc vật bọn mày,"tụi mày tự ỉa ra tính toàn vẹn tài khoản rồi tự bốc lên ăn lại xong chết hết, nguyên cái tập đoàn meta rác rưởi bị đốt cháy rụi 😏",2026-08-11T21:33:45-07:00
appstore_389801252_14417197908,389801252,1,Ya no me quites mi cuenta,Por q me quitan mi cuenta a cada rato y no hago nada,2026-08-11T21:12:09-07:00
appstore_389801252_14417156729,389801252,1,Hate,Hate this app and everything about it,2026-08-11T20:55:00-07:00
appstore_389801252_14417130659,389801252,5,Thanks,I love you .,2026-08-11T20:44:20-07:00
appstore_389801252_14417110313,389801252,2,Saved folders,"Instagram Saved Collections Bug

There seems to be a glitch with Instagram’s Saved Collections that started happening today.

Normally, when I have multiple saved folders or collections and save a post to a specific one, that collection automatically refreshes and moves to the top of the list. This makes it easy to continue saving posts to the same collection.

Today, that stopped working. When I save something to a collection that is farther down my list, the collection stays in the same position instead of moving to the top. With 10 or more saved collections, I now have to scroll through the entire list and find the same folder every single time I save something.

Please have the engineering team look into this. The previous behavior of automatically moving the most recently used collection to the top was much more efficient and user friendly.

Hopefully this is just a bug and not an intentional change.",2026-08-11T20:36:43-07:00
appstore_389801252_14417027988,389801252,5,⭐️⭐️⭐️⭐️⭐️,"Me gusta mucho Instagram porque es una plataforma fácil de usar y muy útil para mostrar mi trabajo y hacer crecer mi negocio. Me permite compartir mis proyectos, conectar con nuevos clientes y dar a conocer la calidad de mi trabajo. Mi experiencia hasta ahora ha sido muy buena.",2026-08-11T20:04:07-07:00
appstore_389801252_14417022505,389801252,3,Efectos,Tienen que mejorar en cada actualización de la app porque los efectos morales los filtros los dejaron en una misma opción como de IA tienen que dejar opciones separada como estaban antes,2026-08-11T20:02:02-07:00
appstore_389801252_14417012856,389801252,1,Instantáneas,No me sirve las tomas instantáneas y ya hice de todo hasta cambié de teléfono y nada muy mal para la gente de apple 👎🏻👎🏻,2026-08-11T19:58:21-07:00
appstore_389801252_14416966505,389801252,5,Sense Counseling LLC,Best,2026-08-11T19:40:34-07:00
appstore_389801252_14416920987,389801252,1,All the recent 5 star reviews are fake/botted,Just read them,2026-08-11T19:23:36-07:00
appstore_389801252_14416857407,389801252,1,"Unmonitored spam, fake sites, encouraging animal abuse, slander, defamation and fraud","The animal industry is getting hit hard with the negligence of Instagram. NEGLIGENCE. They have a POOR policy and break it too! The community does MORE investigative work than this forum. Reporting DOESN’T work to get rid of fraud and thieves posing as fake rescues!

They also encourage and allow fake sex victims to roam free and lie and slander people.",2026-08-11T19:00:22-07:00
appstore_389801252_14416846978,389801252,1,Ban For no reason,Instagram i am sueing yall for 2mill for banning my li shi account !!,2026-08-11T18:56:28-07:00
appstore_389801252_14416832289,389801252,1,porn accounts,"I am sick and tired of reporting porn accounts on Instagram every day. If I wanted to see a bare azz bent over with oversized giant breasts and buttocks. I’m sick of it. I have followed all the recommendations and it’s still happening. I get a notification back that they are hidden from teenagers this should not be something that is available for even adults on Instagram. if I wanted to see porn, I would go out and buy some movies.",2026-08-11T18:51:05-07:00
appstore_284882215_14428839648,284882215,3,Up set user,I think facebook needs to pay attention to the fake accounts and when people report them they need to do something about it!! They pick and choose who and what. Come on Facebook get with the program.,2026-08-14T18:00:11-07:00
appstore_284882215_14428821148,284882215,5,Facebook,"Someone is using my pictures on facebook and I want it to stop right now. I am having trouble with facebook. I am still having trouble with Facebook Facebook is not letting me download.it is still not letting me download Facebook. Can you fix the issue please.someone is not letting me login on Facebook won’t let me download the app.it is saying that my phone is full, facebook is saying saying that it won’t do.there is a lot of storage on my .phone why is facebook not letting me download it. Someone is not letting me use facebook . It is saying that facebook is locked.facebook is not letting me download the app on my phone.",2026-08-14T17:53:27-07:00
appstore_284882215_14428808937,284882215,2,Not what I signed up for,"so many ads, I don’t even see my friends",2026-08-14T17:48:49-07:00
appstore_284882215_14428782256,284882215,5,works very well. It is easy to use and looks nice. I am happy with my choice,works very well. It is easy to use and looks nice. I am happy with my choice,2026-08-14T17:38:53-07:00
appstore_284882215_14428770904,284882215,3,Too many adds,I like facebook but these adds that flash up are driving me insane.,2026-08-14T17:34:37-07:00
appstore_284882215_14428760901,284882215,1,I hate META,This company is a right wing propaganda platform.,2026-08-14T17:30:53-07:00
appstore_284882215_14428758899,284882215,1,"All ads, junk and things I don’t want to see anymore.",The title is self explanatory.  I wish I never had gotten into this platform.,2026-08-14T17:30:09-07:00
appstore_284882215_14428740212,284882215,1,Ads,Too many ads!!!!!   It is ridiculous!,2026-08-14T17:23:03-07:00
appstore_284882215_14428731605,284882215,2,Note,I still don’t have the note update 💔,2026-08-14T17:19:49-07:00
appstore_284882215_14428713395,284882215,5,Yung,Reliable,2026-08-14T17:12:54-07:00
appstore_284882215_14428692246,284882215,5,The best app,It connects people all over the world,2026-08-14T17:04:59-07:00
appstore_284882215_14428682603,284882215,3,"Facebook used to be great, not so much anymore…","Facebook used to be great, not so much anymore. Too many ads! And interrupting Reels with ads is a total turn off. I prefer TikTok.",2026-08-14T17:01:19-07:00
appstore_284882215_14428677868,284882215,1,Stupid,It is stupid to get blocked or suspended for stupid little reasons that makes no sense,2026-08-14T16:59:29-07:00
appstore_284882215_14428669442,284882215,5,Buena aplicación,Te deja modificar los video,2026-08-14T16:56:11-07:00
appstore_284882215_14428619037,284882215,1,من تواصل اجتماعي إلى استثمار اجتماعي,الخوارزميات معقده وبنفس الوقت غبية قرارات الانسان لحظية وتحتاج الى عدة عوامل لثبيت القرار لذلك كثرة اعادة الاشياء المعجب بيها شيء غير صحيح الأصح معرفة الاهتمام وتطويره الى عدة جوانب,2026-08-14T16:36:34-07:00
appstore_284882215_14428615670,284882215,2,New scam alert on facebook,"Those so called “ads” of a girl are scam artists and Facebook is letting this happen. You chat with them and they ask if you have WhatsApp or telegram so they can move the conversation to an app to ask you to send money. 
And they catfish other peoples photos, I once saw some celebrities photos being used and I knew one of the photos personally that the scammers were using to catfish 
If you see a pretty girl on these facebook ads, it’s not a girl, it’s a catfish trying to get your personal information",2026-08-14T16:35:17-07:00
appstore_284882215_14428603357,284882215,1,New version update broke Marketplace,"Marketplace will not work properly after the most recent update. I can’t search for listings, I can’t edit my current listings and if I try to do those things the entire Marketplace area crashes the app. Fix please!",2026-08-14T16:30:30-07:00
appstore_284882215_14428601768,284882215,5,Amo Facebook,Mi ap favorita,2026-08-14T16:29:52-07:00
appstore_284882215_14428570810,284882215,2,Getting worse,Most post are just trying to stir up controversy.  It’s fake and slightly stupid.,2026-08-14T16:17:53-07:00
appstore_284882215_14428544471,284882215,5,Good Times,Amazing Product,2026-08-14T16:07:44-07:00
appstore_284882215_14428537498,284882215,5,Excellent Start,"Facebook has the potential to be part of a miracle by bringing the last hope for freedom to prosper. I love its technology, but its potential for good, goes hugely unrealized. 

New Page Tab at Top: 


Every friend should get every post of each other by date and time. If they unfriend, that’s up to them. 

No filtering through number of responses, interaction blah blah which is just inventing anything where someone is needed. Much of this is just job security “sophistication.”

Not all of it but much of iit defeats the preservation of all of our freedoms; but if you actually want open communities, you’ll offer this too.",2026-08-14T16:05:04-07:00
appstore_284882215_14428523619,284882215,4,Unmute my video,"Unmute my video there’s nothing wrong it and I recorded it myself I so have a fair use to it so unmute it now and you shouldn’t mute videos and posts with music because it was given to us by choice from artists and tv shows and movies and what you did was immature and childish and like I said there was nothing wrong it and it didn’t violate anything it just a harmless post showing my caterpillars and there’s nothing wrong with that and there literally shouldn’t be any problems with what I post and we should be able to use music from artists, tv shows and movies in both posts and videos and the artists aren’t going to care if their music gets used and I should be able to post videos of my caterpillars and I’m going to keep sending the same feedback till you jerks unmute my post and remove the mute notification since it isn’t necessary",2026-08-14T15:59:43-07:00
appstore_284882215_14428501072,284882215,1,Queja a facebook,Xk todas mis cuentas tumbas no estoy haciendo nada malo y las cuentas de viejas encueradas las dejas entonces marck donde esta tu doble moral 😡,2026-08-14T15:51:02-07:00
appstore_284882215_14428499646,284882215,5,ดีมาก,ชอบจริงๆ เลยครับ,2026-08-14T15:50:28-07:00
appstore_284882215_14428496868,284882215,5,Facebook love,Facebook is one of my best platform,2026-08-14T15:49:23-07:00
appstore_284882215_14428496539,284882215,1,Scrolling feature,I hate when you are scrolling and you accidentally tap the screen wrong and you lose the post you were trying to open. It just auto scroll super fast back to the top of the thread. Annoying.,2026-08-14T15:49:16-07:00
appstore_284882215_14428481791,284882215,5,Keep up on your community,Excellent tool to use in moderation,2026-08-14T15:43:42-07:00
appstore_284882215_14428479886,284882215,1,Lots of spam in my feet again not sure how to get rid of it.,Lots of spam in my feet again not sure how to get rid of it.,2026-08-14T15:42:58-07:00
appstore_284882215_14428458789,284882215,5,นี่คือคนที่โลกรอคอย,ดี,2026-08-14T15:34:50-07:00
appstore_284882215_14428433036,284882215,4,Opinions,I enjoy the app due to the possibilities within oneself. I think of it as another tool within my personal space or arsenal that can help make me a more active or productive participant in my daily routine and life.,2026-08-14T15:25:02-07:00
appstore_284882215_14428349692,284882215,5,Facebook,Very great,2026-08-14T14:53:23-07:00
appstore_284882215_14428333527,284882215,1,Trash,It’s Facebook what else is there to say,2026-08-14T14:47:12-07:00
appstore_284882215_14428330404,284882215,1,Can’t download,I can’t download this app because it says I need to pay for it?,2026-08-14T14:46:01-07:00
appstore_284882215_14428324998,284882215,1,Thinking of getting off Facebook.,"Facebook has become a hate mongering, terrorist enabling, propaganda machine that is poisoning the very existence of human beings. Profiles with real people should only be allowed. Multiple accounts shouldn’t be allowed. But what do you care reader for you are just serving your overlords like a good little sheep.",2026-08-14T14:43:56-07:00
appstore_284882215_14428280973,284882215,1,Too greedy…,So sick of having to deal with so many ads… as many as 3 ads for one reel or post I’m actually interested in…,2026-08-14T14:27:18-07:00
appstore_284882215_14428280284,284882215,5,Fenomenal,Encantada con esta aplicación me hace estar cerca de mis seres queridos,2026-08-14T14:27:02-07:00
appstore_284882215_14428255978,284882215,5,L,Good,2026-08-14T14:18:03-07:00
appstore_284882215_14428252690,284882215,5,Job well done,Holton concrete delivered a quality product with professionalism. Highly recommend.,2026-08-14T14:16:51-07:00
appstore_284882215_14428250205,284882215,5,My opinion,"It helps me keep connected with my family and friends, knowing what they do every day or sometimes just on vacation",2026-08-14T14:15:56-07:00
appstore_284882215_14428245793,284882215,5,Too Busy,"Wish I had more time, checking back soon.",2026-08-14T14:14:21-07:00
appstore_284882215_14428230928,284882215,2,Disappointed,Unable to advance video on replay,2026-08-14T14:08:51-07:00
appstore_284882215_14428179082,284882215,2,Meta problem,"meta keep suspending my accounts, fix it right neow !",2026-08-14T13:49:40-07:00
appstore_284882215_14428147491,284882215,1,Thank you face book,"I love Facebook you all are amazing and I want to thank you personally for allowing me to spread the word and share the love of reptiles and
 allowing me to also show and teach the world about the love and beauty of ball pythons so from the bottom to the top of my heart thank you all here at face book for helping me share my love for these precious animals",2026-08-14T13:38:09-07:00
appstore_284882215_14428117504,284882215,5,A place to keep in touch,"Facebook is a great place to stay connected with friends, family, and people from different parts of the world. It makes it easy to share, communicate, and keep up with the people and things that matter to us.",2026-08-14T13:27:28-07:00
appstore_284882215_14428108520,284882215,5,I ❤️ FB,I’ve been on Facebook since 2011and here I am. It’s my #1 App. Keeps me connected to all my friends and family. Help me grow small business too.,2026-08-14T13:24:14-07:00
appstore_284882215_14428107407,284882215,4,Facebook is Good,I like Facebook because it tastes like strawberries and chocolate.,2026-08-14T13:23:50-07:00
appstore_284882215_14428089406,284882215,3,Catch scammers !,Facebook isn’t doing enough to catch and block scammers ! Us consumers report these frauds and you do nothing about it !  If they knew they were getting caught… they would stop or slow down or think twice !,2026-08-14T13:17:22-07:00
appstore_284882215_14428082991,284882215,5,Julio,La mejor plataforma del mundo une distintas lenguajes y un medio de comunicación exelente,2026-08-14T13:15:05-07:00
appstore_284882215_14428044158,284882215,5,⭐ Una aplicación que me encanta,": Facebook me permite mantenerme en contacto con mis amigos y seguidores, compartir fotos y videos y disfrutar de contenido interesante. Me gusta mucho usarla y la recomiendo. ⭐⭐⭐⭐⭐",2026-08-14T13:01:23-07:00
appstore_284882215_14428042007,284882215,5,That’s more like what I’m talking about,"You’re gonna have to make a few more improvements here and there, but I wish I could use this video like so make videos and stuff. I don’t know you blocked me. That’s sad.",2026-08-14T13:00:42-07:00
appstore_284882215_14428031513,284882215,5,Great app,"New user, have connected with some many people. This app is amazing",2026-08-14T12:56:56-07:00
appstore_284882215_14427983497,284882215,1,Facebook,"Someone offered my Facebook, no offense, I don’t like it, tech.",2026-08-14T12:40:09-07:00
appstore_284882215_14427980511,284882215,3,Facebook,It’s in need of excitement like if I were to become monetized I would have some exciting content on my page and maybe the community interaction would help with the spread of a lot more engagement and excitement to the fb community,2026-08-14T12:39:06-07:00
appstore_284882215_14427979508,284882215,1,Ads,The ads at the end of reels are really dumb. There have been numerous videos I wanna interact with but the ad stops me before I get a chance to. Over bloating the site with ads honestly has ruined Facebook.,2026-08-14T12:38:44-07:00
appstore_284882215_14427971682,284882215,4,Facebook review,"Way to many ads that I don’t want to see & some explicit stuff 
Wish I could stop. I’d use Facebook more",2026-08-14T12:36:01-07:00
appstore_284882215_14427963376,284882215,5,Business Owner,TsjXCollective,2026-08-14T12:33:03-07:00
appstore_284882215_14427879531,284882215,5,Excelente,Nice,2026-08-14T12:04:15-07:00
appstore_284882215_14427848697,284882215,5,Fantastic,Superb,2026-08-14T11:53:50-07:00
appstore_284882215_14427847118,284882215,5,Lo mejor,De lo mejor,2026-08-14T11:53:18-07:00
appstore_284882215_14427822623,284882215,5,Can be a joy,to be connected🪺,2026-08-14T11:45:09-07:00
appstore_284882215_14427819859,284882215,1,Worst Customer Service,"Most pitiful thing ever. Worst customer service . Who is that bored to be on Facebook. I use it to list on MarketPlace and limited to one post every other day. Someone create a better app . Too bad Craigslist went down hill. This app will eventually with all the spammers stealing accounts and content . Facebook allows these countries to join where the scammers come from , that’s on them !",2026-08-14T11:44:12-07:00
appstore_284882215_14427813618,284882215,5,Convenience for Prayer,"Convenient at all times, clean, ventilated air and a peaceful environment. 
Independently run  as one of the most effective Islamic way of building and running houses of Allah swt. With many more on its way inshallah.",2026-08-14T11:42:08-07:00
appstore_284882215_14427805730,284882215,1,So many scammers,"Why do you allow so many scammers on your marketplace? It’s obvious they’re scammers sometimes, yet you do nothing. Along with the amount of arrogant, ignorant people that can say whatever, but when I respond, my comment gets flagged or I can’t post it. I hate loud mouth dumb people and they’re all over the place! 😂",2026-08-14T11:39:28-07:00
appstore_284882215_14427802433,284882215,2,Missing Truths.,"This was a far better platform when there was fact checking. Tired of all the whining about politics. This used to be a fun respite to interact with newly found old friends. Now it’s just a Grip Trash-can. A place where scammers get information so easily. 

Wish I knew how to steer FB back to the Fun Lane.",2026-08-14T11:38:24-07:00
appstore_284882215_14427789380,284882215,1,Suspensión,Update my account so I can log in,2026-08-14T11:34:04-07:00
appstore_284882215_14427789270,284882215,3,Adds,Too many adds,2026-08-14T11:34:01-07:00
appstore_284882215_14427788565,284882215,5,Creative & Consoling,My Style !!!,2026-08-14T11:33:47-07:00
appstore_284882215_14427770540,284882215,5,Friends Forever,"Knowing that friendships last forever and even cross generational lines is such an amazing experience and blessing!

I love the friendships that I made during my high school years in the GREAT STATE OF ALASKA!!!
❤️",2026-08-14T11:27:43-07:00
appstore_284882215_14427768659,284882215,5,Optional,Good,2026-08-14T11:27:05-07:00
appstore_284882215_14427743867,284882215,1,Ai bs,I HATE THAT THIS IS EVEN IN EXISTENCE! TOO MANY ADS AND TOO MUCH CENSORSHIP!,2026-08-14T11:18:54-07:00
appstore_284882215_14427740159,284882215,1,Where are my friends?,All I get is ads ads ads! I rarely see anything my friends post. Why is that??? Makes me hate FB.,2026-08-14T11:17:40-07:00
appstore_284882215_14427708197,284882215,1,Do not update it,Why let this app update when literally nothing is changing. For years it’s just the same.,2026-08-14T11:07:14-07:00
appstore_284882215_14427691427,284882215,3,Gilich,Story highlights gilich,2026-08-14T11:01:51-07:00
appstore_284882215_14427633357,284882215,5,Good job,Keep up the good work,2026-08-14T10:43:04-07:00
appstore_284882215_14427577893,284882215,3,Facebook commercials,Facebook has gotten to the point or it’s no longer fun. You don’t see your friends post hardly at all. It’s just people trying to sell you something or to get you to follow them girls in bathing suits half naked it’s not what Facebook originally was and it’s starting to suck.,2026-08-14T10:25:18-07:00
appstore_284882215_14427540451,284882215,5,Facebook,Very good app market place is good and I love the app reels are good everything is good about the app.,2026-08-14T10:13:36-07:00
appstore_284882215_14427534705,284882215,5,Nice Using,Appreciating the App,2026-08-14T10:11:49-07:00
appstore_284882215_14427477377,284882215,5,Goodness of God,Im able to keep faith in God because of this,2026-08-14T09:54:09-07:00
appstore_284882215_14427457942,284882215,3,Few posts show,Only a few friends posts show. Have to search to see others.,2026-08-14T09:48:20-07:00
appstore_284882215_14427437925,284882215,2,Left leaning,Facebook lost me in 2020 when they curtailed information concerning Covid.  It’s a little better now but they still try to run our thoughts their direction. X is better now that free speech is allowed.,2026-08-14T09:42:19-07:00
appstore_284882215_14427436540,284882215,2,Block notification,Can we get a simple notification when someone blocks you? Nothing says you’ve been blocked by a person or page. It’s just says you can’t view it but you don’t know if the page or person just closed their account or if you’ve been blocked. You should get a notification that says “blah blah blocked” you so that you’re not spending time trying to figure  what actually happened.,2026-08-14T09:41:54-07:00
appstore_284882215_14427427936,284882215,1,Mute,CAN YOU PLEASE STOP MUTING MY MUSIC,2026-08-14T09:39:14-07:00
appstore_284882215_14427423582,284882215,1,Cannot send photos from my WhatsApp,I can’t send photos to my profile; only from my album but not from WhatsApp. Help me please,2026-08-14T09:37:55-07:00
appstore_284882215_14427352667,284882215,5,Trucking,Good,2026-08-14T09:17:01-07:00
appstore_284882215_14427346047,284882215,1,ياسين,آخر تطبيق,2026-08-14T09:15:05-07:00
appstore_284882215_14427312285,284882215,1,Not good,"Way too many ads I didn’t sign up
To see!",2026-08-14T09:05:13-07:00
appstore_284882215_14427287481,284882215,2,Censorship,In seriously one sided First Amendment violations Facebook permits the use of objectionable language by detractors of a portion of the political spectrum. When an individual responds using the same terminology has usage suspended. In the United States this is clear violation of the First Amendment of the Constitution. This is also an FCC violation and this conduct needs to be stopped.,2026-08-14T08:58:00-07:00
appstore_284882215_14427243110,284882215,1,My review to stop showing me this ad,"Hello it’s Isaac poo poo. I just wanted to tell you can you please stop showing me this ad? I gave you all I can do is stop sending me this ad. This took me a long time to write but when I get older, I will download this. I just is not the age to have this.",2026-08-14T08:45:04-07:00
appstore_284882215_14427241404,284882215,5,Great Platform,As an information provider,2026-08-14T08:44:34-07:00
appstore_284882215_14427231941,284882215,1,Fake reviews,There’s so many fake reviews juicing up the stars,2026-08-14T08:41:54-07:00
appstore_284882215_14427229827,284882215,5,Relationships,"for me, it's all about keeping up with the people from the past.",2026-08-14T08:41:19-07:00
appstore_284882215_14427227713,284882215,1,Ad Farm,"For whatever reason, Facebook has quadrupled their ads recently. You can’t go 15 seconds without getting TWO ads. Half of the ads you get are disgusting AI porn generators. You can’t safely “scroll” anymore.",2026-08-14T08:40:43-07:00
appstore_284882215_14427222801,284882215,3,Too many ads,"We know the algorithm is being manipulated for opinions, etc, but now it’s difficult to even find your actual friends",2026-08-14T08:39:20-07:00
appstore_284882215_14427213612,284882215,5,Fb,✅✅✅✅✅,2026-08-14T08:36:43-07:00
appstore_284882215_14427188298,284882215,5,Rancho Cafe,Manuel,2026-08-14T08:29:35-07:00
appstore_284882215_14427143617,284882215,2,Not as good as it once was,When I signed up it was to keep in touch with family and friends. Now it’s hard to keep up with them because they only a very few come across my feed. Most of it is adds or suggestions and so much garbage and scams and AI  that includes disinformation that just takes up time and energy and potentially money.   If it wasn’t for the few friends and family and weeding through finding some things on marketplace that I can use (again when they aren’t scams) I’d just get rid of it altogether. And if it keeps going downhill I will do just that.,2026-08-14T08:17:10-07:00
appstore_284882215_14427139966,284882215,5,I love my trails.,"I post my trails as i am  traveling or something I would like to be able to remember in later date.
I loved my diary even though it is daily.",2026-08-14T08:16:10-07:00
appstore_284882215_14427108595,284882215,5,De todo,Me encanta encuentro de todo y veo las historias de mis contactos y me recuerdos todos los cumpleaños.,2026-08-14T08:07:26-07:00
appstore_284882215_14427107338,284882215,1,too many ads while watching. videos,"i cant even watch a simple minute video without the ads popping up every second, really annoying.",2026-08-14T08:07:05-07:00
appstore_284882215_14427079385,284882215,1,Glitches,Annoying it stops background audio when scrolling on Facebook. I have audio autoplay turned off and it still cuts out other sound,2026-08-14T07:59:20-07:00
appstore_284882215_14427041258,284882215,3,Good app,I was used this app since 2016 so great i always used this app,2026-08-14T07:48:43-07:00
appstore_284882215_14426984170,284882215,3,Too many ads,Love catching up with my friends on facebook but so many ads are distracting,2026-08-14T07:33:03-07:00
appstore_284882215_14426936020,284882215,3,Too many commercials,"Too many commercials, interrupting the videos I’m about done with Facebook",2026-08-14T07:19:39-07:00
appstore_284882215_14426932799,284882215,2,Facebook - am I right?,It’s kinda gay.,2026-08-14T07:18:45-07:00
appstore_284882215_14426917484,284882215,5,Great,Excellent,2026-08-14T07:14:27-07:00
appstore_284882215_14426909890,284882215,1,I’m so sad,It’s so annoying I’ve got new friends but I can message them,2026-08-14T07:12:18-07:00
appstore_284882215_14426894657,284882215,1,Facebook dating,No one on it is real like 1% talk back to you they rest are ai and that’s just cruel to some of us who are looking for someone to spend our life with,2026-08-14T07:08:04-07:00
appstore_284882215_14426892962,284882215,5,Member since they started,I love it and use it every day. I like how they have all my favorite pictures stored. I love their marketplace. I sell and biy many things on there. App has been great from start.,2026-08-14T07:07:35-07:00
appstore_284882215_14426880560,284882215,5,Awesome,"It is an awesome platform that keeps me connected to the world in general, and specially my loved ones!",2026-08-14T07:04:09-07:00
appstore_284882215_14426873424,284882215,1,"Facebook is ok, Meta as a company is despicable","Meta’s relationship with Newsmax is a propaganda extravaganza that Russia has dreamed of. Mark Zuckerbunns  acts like an entitled little boy who disrespects and disregards his employees and customers. He has some nice products, but his desire to be a modern robber baron taints them.",2026-08-14T07:02:09-07:00
appstore_284882215_14426870441,284882215,3,God’s timing is always perfect,Amazing experience,2026-08-14T07:01:20-07:00
appstore_284882215_14426857755,284882215,1,Facebook,Heil,2026-08-14T06:57:44-07:00
appstore_284882215_14426841582,284882215,5,The best of the BEST 💥,Hands down the best of the best,2026-08-14T06:53:09-07:00
appstore_284882215_14426827690,284882215,1,Gone steadily downhill,"The reels are the biggest jokes. Nonsensical stories that don’t end. As far as the feed, where are all my friends’ posts?",2026-08-14T06:49:14-07:00
appstore_284882215_14426803737,284882215,1,Too political,Too political.,2026-08-14T06:42:29-07:00
appstore_284882215_14426765076,284882215,1,Suppression,"I go more to X, and Truth Social   due to constant suppression to my timeline. You guys always do this when getting close to midterms. You don’t fool anybody.",2026-08-14T06:31:25-07:00
appstore_284882215_14426758117,284882215,5,A+,A+,2026-08-14T06:29:27-07:00
appstore_284882215_14426756178,284882215,5,Njoo kwa YESU upone bure,Njoo kwa YESU upone bure,2026-08-14T06:28:54-07:00
appstore_284882215_14426749547,284882215,1,Fix it,Bug bug bug,2026-08-14T06:27:01-07:00
appstore_284882215_14426737578,284882215,3,Algorithm needs to be changed,"I’m not sure what you are using for an algorithm, but I don’t see what’s happening to my friends and family when they post. Instead, I am getting ads instead of why I signed up for this app. I want to see my friends and family feeds.",2026-08-14T06:23:38-07:00
appstore_284882215_14426710654,284882215,1,No free speech for white males,Egregious discrimination against white men who preach truth. Fakebook puts out posts as bait and when you share them they say you’re a terrorist and restrict your account!,2026-08-14T06:15:48-07:00
appstore_284882215_14426686542,284882215,2,My review,"Facebook does a great job for allowing you to connect with friends however, There’s too much political biased and advertising allowed on this site that could be improved.",2026-08-14T06:08:54-07:00
appstore_284882215_14426646234,284882215,5,no let down,FB. Never disappoints! :),2026-08-14T05:57:02-07:00
appstore_284882215_14426645910,284882215,5,No review.,No thank you.,2026-08-14T05:56:57-07:00
appstore_284882215_14426593408,284882215,1,Banned,"I will not recommend Facebook to anybody or anyone for no amount of money if they offer me a million dollars they are the biggest joke out there , they kick me off for life because someone hacked my account and when I reported it it they didn’t do nothing about it and when I tryed to appeal my case they still banned me with no reason whats so ever .  And now when I try to get on there it says no internet connection please try again and my internet connection is fine all they do is give you a run around like everything else you can’t talk to anyone but a computer. I have been hacked not once but multiple times and even my friends have told Facebook about it along with me and they still have done nothing but kick me off instead for something I didn’t do . Have a good day joke!!",2026-08-14T05:41:08-07:00
appstore_284882215_14426534557,284882215,5,Best,Still the best to go viral,2026-08-14T05:23:12-07:00
appstore_284882215_14426532908,284882215,5,It’s OK,It’s OK to use,2026-08-14T05:22:40-07:00
appstore_284882215_14426530720,284882215,2,Most of us have multiple accounts,"I do not understand why you can’t make that simplistic for us to merge people on here their title is all recipes and yeah, they’re putting provocative pictures on there so that’s disheartening when I turned them in and y’all do nothing about it. It’s disgusting. Nobody signs up for that. We’re looking at recipes not of abuse or sexual contents, but you do not listen to the people TikTok little different.",2026-08-14T05:22:00-07:00
appstore_284882215_14426519878,284882215,1,Psyop vs 4th amendment,Zionist Dystopia!,2026-08-14T05:18:41-07:00
appstore_284882215_14426512070,284882215,5,Owner/ Realtor,"Facebook is great to connect with friends, family, and clients🌸",2026-08-14T05:16:18-07:00
appstore_284882215_14426476021,284882215,1,Literally the worst.,"Constantly refreshes and I lose my place in the feed and the thing I was reading. Reporting fake profiles is useless, but somehow half the real people I know have had to submit ID to prove who they are. Can’t wait until the new MySpace goes live.",2026-08-14T05:05:00-07:00
appstore_284882215_14426469405,284882215,3,All ads,All ads,2026-08-14T05:02:55-07:00
appstore_284882215_14426466886,284882215,2,Too many ads,There are more ads than posts in my feed. Why does it take two days before I see a post from a friend?,2026-08-14T05:02:07-07:00
appstore_284882215_14426465630,284882215,1,Moderation,"Facebook has become the rights guardian!!! They are silencing liberals, Democrats and anyone who opposes Trump and the GOP!!! What happened to the Protections of the First Amendment? Hiding behind community standards is convenient, but exposes Facebook to its bias!",2026-08-14T05:01:42-07:00
appstore_284882215_14426427494,284882215,1,Zukk it,Zukk Zukked a duck,2026-08-14T04:49:30-07:00
appstore_284882215_14426421728,284882215,5,A friend indeed,Keep love and kindness among all cultures and love💥❤️,2026-08-14T04:47:37-07:00
appstore_284882215_14426373669,284882215,2,Zuckerberg,Remember the days when you were an ORDINARY citizen and not a monster,2026-08-14T04:32:00-07:00
appstore_284882215_14426353652,284882215,1,Tài khoản,Tôi dùng một tài khoản  được 6 năm thì tự dưng bị khóa Vĩnh viễn,2026-08-14T04:25:24-07:00
appstore_284882215_14426336833,284882215,1,Too many ads,There are too many ads played while watching reels. Especially if the reel is only 30 seconds there will be two ads embedded in the reel. They’re repetitive ads too. Deleting the app.,2026-08-14T04:19:50-07:00
appstore_284882215_14426326736,284882215,5,5 ⭐⭐⭐⭐⭐,"Excelente experiencia. Muy buen servicio, atención amable y profesional. Todo fue claro, rápido y sencillo. Estoy muy satisfecho y definitivamente lo recomiendo. ¡Muchas gracias!",2026-08-14T04:16:27-07:00
appstore_284882215_14426274092,284882215,5,Đánh giá,I ❤️ facebook,2026-08-14T03:58:21-07:00
appstore_284882215_14426266935,284882215,2,Why my Facebook got disable and suspended,Open them for me mark,2026-08-14T03:55:50-07:00
appstore_284882215_14426177240,284882215,1,It’s not fair,The billionaires are the problem,2026-08-14T03:23:37-07:00
appstore_284882215_14426078119,284882215,5,Good App,Good,2026-08-14T02:46:15-07:00
appstore_284882215_14426001203,284882215,4,Slow customer service,Slow to non-existent customer service when there is a problem.,2026-08-14T02:16:27-07:00
appstore_284882215_14425787025,284882215,1,Freedom of speech,"Disclaimed to be a platform so that people can engage in honest conversations, but you keep violating freedom of speech",2026-08-14T00:49:57-07:00
appstore_284882215_14425785313,284882215,1,vpn မသုံးချင်ပါဘူး,VPNခံသုံးရင်အလုပ်ရူပ်လို့ပါ,2026-08-14T00:49:13-07:00
appstore_284882215_14425761989,284882215,5,Good source of local news and events,"I use the app for local news, community info and shopping.",2026-08-14T00:39:27-07:00
appstore_284882215_14425750212,284882215,3,Online Human Patrol,The platform wants to control human minds ways of thinking and the over use of norms easily makes more intelligent people dismissed,2026-08-14T00:34:31-07:00
appstore_284882215_14425712811,284882215,5,Ads,I’m elated with all the new advertising that pops up. Why I believe there’s more than five times what my friends post.,2026-08-14T00:18:30-07:00
appstore_284882215_14425696042,284882215,1,Trouble shooting fail,Was banned from marketplace even though I followed the community guideline. There is no way to gain access and the dumb FB AI just leads to a dead end. No representative to help. Seriously thinking of deleting this since I have no use for it anymore,2026-08-14T00:11:29-07:00
appstore_284882215_14425666132,284882215,1,D string coders.,Facebook coders literally fail at the most basic tasks. They can’t even forgive out how to get a simple comment notification to link properly. So glad AI will be replacing them within two years.,2026-08-13T23:58:40-07:00
appstore_284882215_14425532475,284882215,1,Biased,"Terrible platform. FB lets violent posts all day long , but if you comment how you feel about it , you get restricted. Hypocrites. They let one group of ppl  post hateful symbols , like black power all day long , but you post a white fist then you’re the hateful one. BS . Just tell me how to deactivate account",2026-08-13T23:00:32-07:00
appstore_284882215_14425489939,284882215,1,Don’t download if you’re a Republican,Unfortunately they play politics on here severely and if you have an opinion that differs from the left you will be banned. Crazy,2026-08-13T22:41:48-07:00
appstore_284882215_14425483082,284882215,1,Facebook,Few of my friends posts show up. I get all these advertisements and videos from people I don’t even know,2026-08-13T22:38:48-07:00
appstore_284882215_14425408273,284882215,5,Paola Orellana😘,Andrea89,2026-08-13T22:06:08-07:00
appstore_284882215_14425403739,284882215,2,Used to be great,They don’t care about the user experience anymore. Can we get Facebook classic please or maybe a subscription option where I pay not to see ads and only my friends feeds?,2026-08-13T22:04:08-07:00
appstore_284882215_14425358120,284882215,1,Trash,Don’t try and roast people or they take your account while they allow racist people on their app….,2026-08-13T21:44:19-07:00
appstore_284882215_14425355158,284882215,5,Business Owner,F’n Love It,2026-08-13T21:43:02-07:00
appstore_284882215_14425337615,284882215,5,Amor Dios,Amor de Dios,2026-08-13T21:35:31-07:00
appstore_284882215_14425326582,284882215,2,So many ads,There are so many ads that I'm considering switching to another app.,2026-08-13T21:30:39-07:00
appstore_284882215_14425300622,284882215,4,Good,Good,2026-08-13T21:19:34-07:00
appstore_284882215_14425283240,284882215,5,Thanks,Appreciate,2026-08-13T21:12:15-07:00
appstore_284882215_14425278373,284882215,5,Experience with this App🥰,It’s a great platform to connect with people and engage.You can learn and grow from different perspectives on this platform.,2026-08-13T21:10:12-07:00
appstore_284882215_14425252732,284882215,5,สนุก,ลงรูปลูกเก็บไว้เยอะอย่าบลอกเฟสนี้นะแอด,2026-08-13T20:59:28-07:00
appstore_284882215_14425239722,284882215,5,"Meta Platforms, Inc.","Meta Platforms, Inc.",2026-08-13T20:54:03-07:00
appstore_284882215_14425238116,284882215,5,C,Súper bueno,2026-08-13T20:53:23-07:00
appstore_284882215_14425212774,284882215,3,Facebook,Facebook App keeps disappearing! turns white until i have to delete it and reinstall it!,2026-08-13T20:43:04-07:00
appstore_284882215_14425204038,284882215,1,NOT ABLE TO SEE SHARES,I ABSOLUTELY HATE HOW YOU CAN NO LONGER SEE SHARES. THAT WAS A BIG PART OF CONNECTING WITH STRANGERS. PLEASE MAKE IT SO WE CAN SEE ALL SHARES AGAIN!! NOT JUST ON OUR OWN POSTS.,2026-08-13T20:39:30-07:00
appstore_284882215_14425186765,284882215,5,Great,Almost 17 years using everyday,2026-08-13T20:32:43-07:00
appstore_284882215_14425175881,284882215,1,No help desk,My first account was hacked. There is no one that you can contact at Meta for help. You have to sign in and submit your request that way. But when your account is suspended and you can’t login. That’s kind of useless.,2026-08-13T20:28:28-07:00
appstore_284882215_14425159796,284882215,2,Sensorship,You know what you do,2026-08-13T20:23:14-07:00
appstore_284882215_14425075368,284882215,1,68yr old novice,Never really got into Facebook.  All I see is deleted posts,2026-08-13T19:50:03-07:00
appstore_284882215_14425062485,284882215,1,Tego gòwna nie da się używać.,Aplikacja tylko pokazuje reklamy.,2026-08-13T19:45:06-07:00
appstore_284882215_14425056547,284882215,1,Facebook sucks,Mark suckmytird and his overbearing intrusive app has lied about posts with their so called fact checkers and have jailed me and reduced my ability to post over things I shared that I found in their app,2026-08-13T19:42:51-07:00
appstore_284882215_14425022365,284882215,5,Remembering,Where are you?,2026-08-13T19:30:02-07:00
appstore_284882215_14424966681,284882215,4,New update 😒,Why doesn’t it have fix grammar etc on the app anymore!?,2026-08-13T19:09:12-07:00
appstore_284882215_14424951603,284882215,5,Facebook,Keeping families in touch miles & miles apart,2026-08-13T19:03:32-07:00
appstore_284882215_14424908291,284882215,5,Tofriend,Yeah Facebook is being with us over 20 years now almost 1415 years but let me tell you there’s the best app to count to reach family friend lover sport. Anything you want Facebook with messenger you can’t even call free that the best app you can find thank you Facebook. You’re the best.,2026-08-13T18:47:24-07:00
appstore_284882215_14424861576,284882215,1,dating isn't allowed for everyone,it'd be really nice if AI support could help you understand why you don't have access to dating even though you've been on Facebook since Day One!! they really need to stop cutting out my audio/music when I open the app while I'm driving or just listening to music around friends!! It really kills the mood!!!,2026-08-13T18:30:25-07:00
appstore_284882215_14424848138,284882215,5,GET IT TOGETHER FB,"I appreciate your Facebook in many ways …….. But I help people who are disabled— Special needs and handicap Etc. Have a fun clean place to come toOut of my pocket and use my time——————- few weeks ago After being kicked off FB Market Place 5 days Facebook apologizing Because I did nothing wrong— This has put me very far behind and loss of funds …… I am an longest personTo treat anyone With respect may God bless And thank you for keeping Me in touch with people I could not see or hear from,",2026-08-13T18:25:28-07:00
appstore_284882215_14424830387,284882215,3,"Too many ads, not enough friends","I should be seeing all
my friends posts but instead most of what I see is ads and people I don’t know in my feed. It’s annoying!",2026-08-13T18:18:54-07:00
appstore_284882215_14424787190,284882215,3,Updates ruin things,This newest update took away the ability to actually view each person who likes or interacts with your posts.,2026-08-13T18:02:49-07:00
appstore_284882215_14424780261,284882215,2,Falling Behind Still,"As popular as FB is, it’s a shame that they’ve become so much less than they could be.  And soooooooooooooo many repetitive and/or redundant ads.  Meta - your algorithms need a LOT of work. And your decisions are often questionable.",2026-08-13T18:00:17-07:00
appstore_284882215_14424775623,284882215,5,Me encanta,Me encanta cómo funciona el algoritmo y la inteligencia de cada quien y las erramientas es un lujo de aplicación ya me voi a salir de las otras y me quedo aquí,2026-08-13T17:58:31-07:00
appstore_284882215_14424772449,284882215,1,Commercials have taken over,You can't watch a 5 minute video without a commercial every minute on the minute. I'm seriously thinking about deleting the app all together.,2026-08-13T17:57:18-07:00
appstore_284882215_14424759903,284882215,1,Randomly Pausing Music,This app has had numerous updates and not one of them has addressed the issue of the app randomly pausing whatever youre listening to. Highly annoying.,2026-08-13T17:52:39-07:00
appstore_284882215_14424731353,284882215,5,Excelente app,Me encanta la aplicación por su facilidad y red de contactos .,2026-08-13T17:41:59-07:00
appstore_284882215_14424710417,284882215,5,God bless everyone,Amen,2026-08-13T17:34:13-07:00
appstore_284882215_14424708403,284882215,5,Famy,Happy,2026-08-13T17:33:27-07:00
appstore_284882215_14424701783,284882215,4,Why???,They changed my friends button to a button that now says dating WHY????? Change it back!!!!!!,2026-08-13T17:31:00-07:00
appstore_284882215_14424697352,284882215,3,Not like it used to be,I’m bummed to see so many people I don’t know and a bunch of reels. I’m only on here to see friends and family from far away and near that are loved and dear.,2026-08-13T17:29:21-07:00
appstore_284882215_14424687531,284882215,1,Good to be here though.,Love it… it’s fast and reliable,2026-08-13T17:25:42-07:00
appstore_284882215_14424683464,284882215,5,Liberals…,Liberals are gay asf,2026-08-13T17:24:10-07:00
appstore_284882215_14424662503,284882215,5,Remedios Cseros,Amigos algo bueno,2026-08-13T17:16:19-07:00
appstore_284882215_14424623417,284882215,1,music does not work on the app,I am trying to listen to Spotify and it ALWAYS stops it no matter what. It’s so frustrating I can’t even use Facebook while listening to music!!! Each update fails to fix this!!!!,2026-08-13T17:01:48-07:00
appstore_284882215_14424614660,284882215,1,Meta needs a reboot,"They allow rampant false information to spread, retain bot accounts, and proliferate hate. I stay to be connected to my friends and family who don’t live close by. They can do better.",2026-08-13T16:58:23-07:00
appstore_284882215_14424594595,284882215,5,La Guerrera de Dios,Excelente lo recomiendo,2026-08-13T16:50:39-07:00
appstore_284882215_14424590946,284882215,4,FB,It’s getting better,2026-08-13T16:49:15-07:00
appstore_284882215_14424568626,284882215,2,My mental health,When I look at different things and people life’s I feel like something wrong with me and my life.So I keep looking down and backwards about things I should of had n been,2026-08-13T16:40:36-07:00
appstore_284882215_14424494136,284882215,5,Awesome thanks,Thx,2026-08-13T16:11:20-07:00
appstore_284882215_14424492332,284882215,5,Juntos,Creciendo,2026-08-13T16:10:38-07:00
appstore_284882215_14424439544,284882215,1,Goyslop,Goyslop. Rage-inducing goyslop without end.,2026-08-13T15:49:52-07:00
appstore_284882215_14424431337,284882215,5,Just a fellow American to fellow American please read carefully and verify and protect your self,"Someone who values human life
All human life matters",2026-08-13T15:46:39-07:00
appstore_284882215_14424418708,284882215,1,Cesspool,If you love propaganda and AI slop then this is an app you’ll love.,2026-08-13T15:41:36-07:00
appstore_284882215_14424405546,284882215,5,Alafia I have been with facebook 2009 I love my Facebook all my friends and family on Facebook 💛🥰,10,2026-08-13T15:36:23-07:00
appstore_284882215_14424389307,284882215,1,RACISM,"So, I spent all night attempting to watch reels and I noticed something concerning…something that I WILL bring to the attention of the appropriate activist. So, when watching reels created by or featuring POC, there’s an ad every ONE minute. However, if the creator is white or the reels feature non POC, there are far fewer ads and they are less frequent.",2026-08-13T15:29:58-07:00
appstore_284882215_14424377765,284882215,4,B rated,"Facebook is sooo B rated.  Instead of banning accounts for telling people how it is because they’re stupid and get their feelings hurt for telling them, ban them for being stupid?  What happened to Sticks and stones may break my bones but words can’t hurt me????",2026-08-13T15:25:27-07:00
appstore_284882215_14424362947,284882215,5,Revive spa,The ONLY place to go for your rejuvenation NEEDS.🧏🏻‍♀️,2026-08-13T15:19:43-07:00
appstore_284882215_14424341505,284882215,5,The best,"Facebook is the best for content, meeting other content creators, only thing is if facebook would pay money out like YouTube, kick, etc the whole would would be on Facebook and leave other apps alone",2026-08-13T15:11:21-07:00
appstore_284882215_14424330368,284882215,1,Hacked,I need more help pls,2026-08-13T15:07:09-07:00
appstore_284882215_14424292238,284882215,5,I heart Facebook,FB has been bringing people together forever.,2026-08-13T14:52:29-07:00
appstore_284882215_14424260318,284882215,1,FB sucks,MEta sucks,2026-08-13T14:40:10-07:00
appstore_284882215_14424252818,284882215,4,Facebook,"Số 1facebook đã kết nối mọi người gần nhau hơn , cuộc sống tốt đẹp hơn .",2026-08-13T14:37:18-07:00
appstore_284882215_14424238506,284882215,2,Irrelevant,Ads are pointless don’t need ads every minute or so,2026-08-13T14:31:48-07:00
appstore_284882215_14424234151,284882215,1,Too many ADS,What’s up with all the ads?! There’s always been some but lately an ad or two plays about every 60 seconds of any video watched. It’s ridiculous. If there isn’t an ad there’s a banned ad covering some of the screen. The greed has always been there but’s it’s gotten completely out of control.,2026-08-13T14:30:10-07:00
appstore_284882215_14424199804,284882215,2,Meta sucks,Meta ai is broken,2026-08-13T14:17:07-07:00
appstore_284882215_14424194111,284882215,5,…,I like it,2026-08-13T14:14:57-07:00
appstore_284882215_14424159326,284882215,1,Mostly ads,This platform is mostly ads and the algorithm is trash. Needs to get rid of all the AI slop.,2026-08-13T14:01:48-07:00
appstore_284882215_14424141384,284882215,1,They allow racism but if you reply you get banned,Fun how that works huh zucky boy,2026-08-13T13:55:07-07:00
appstore_284882215_14424129244,284882215,1,Facebook is a censorship machine,Nasty practices: They censorship your opinions while getting your personal/user data and selling it to third parties,2026-08-13T13:50:38-07:00
appstore_284882215_14424116742,284882215,1,Very Bad,Platform is for the for left/communist groups. You cater to hate and division and allow bots and fake pages to post. You offer the opportunity to report but never remove hate content. Supposed to be connecting to family and friends but no longer see any of their post. I have moved primarily to X for these reasons. You are a sell out and will be obsolete soon.,2026-08-13T13:46:01-07:00
appstore_284882215_14424045430,284882215,1,Has become extremely annoying,"Facebook should not be tracking websites you visit with your browser.  Also, the fact that every time you log on now all you see is sponsored ads , random peoples posts that I’m not friends with on the platform and recommended pages is extremely frustrating and annoying.  The platform is no longer enjoyable.  Hopefully someone will create a platform that will takeover so Facebook will become irrelevant.   Instagram used to be more enjoyable as well until Facebook took over.",2026-08-13T13:20:04-07:00
appstore_284882215_14424036837,284882215,5,Review,Like Facebook,2026-08-13T13:16:55-07:00
appstore_284882215_14424028125,284882215,5,La mejor plataforma en la istoria,Una plataforma donde te dan la mejor opcion cer tu mismo,2026-08-13T13:13:45-07:00
appstore_284882215_14424021510,284882215,3,Where's Everyone? Oh! We Shopping--NOT Socializing!,I miss my family and friends.  Please stop the algorithm nightmare. Can't we just socialize?  I'd rather have ads on a shopping site.,2026-08-13T13:11:20-07:00
appstore_284882215_14424015455,284882215,1,My Facebook,"I don’t trust Facebook, and I believe you are aligned with Trump and the furtherance of lies and propaganda. I firmly believe Tech companies and their owners interfere in our elections, and I believe Tech has worked with the likes of Musk and Thiel to illegally put Trump back in office. Frankly, I think you’re criminals who should be arrested, tried and jailed for treasonous acts against the United States. 
I also think Americans are under surveillance by the Trump Administration, and Big Tech is partnering with him.",2026-08-13T13:09:08-07:00
appstore_284882215_14423977460,284882215,1,Very upset,I cannot get in to my original Facebook page I’m very very very upset about it because I was on it yesterday and around 9:30 PM last night it just disappeared,2026-08-13T12:55:40-07:00
appstore_284882215_14423966291,284882215,1,Pure hate,FB has turned into pure propaganda and hate.  From foreign  agents to purposeful lies it has turned into a toxic environment.,2026-08-13T12:51:39-07:00
appstore_284882215_14423925958,284882215,3,Stories,Stories without the end are a waste of time.  If you want people to read the story print the entire thing! And cut out the ad pop ups in the middle of them! Stop forcing us to watch and listen to an ad bed we can continue. Please!,2026-08-13T12:37:28-07:00
appstore_284882215_14423917649,284882215,1,Not optimal,Not Friendly to society,2026-08-13T12:34:35-07:00
appstore_284882215_14423908159,284882215,1,Nothing but Ads & Suggested Posts & Endless Obnoxious Invasive Reel Notifications,"How about you let us look at what we want to look at!? Or when we turn off notifications for reels, you don’t ignore it & continue to send f-king notifications. Do you hate your users!?",2026-08-13T12:31:18-07:00
appstore_284882215_14423885380,284882215,1,Sucks,Tired of seeing the same things the Facebook dating totally sucks,2026-08-13T12:23:28-07:00
appstore_284882215_14423857681,284882215,1,Ad’s here ads there,"There is an ad after every picture, video, while watching a video. Can’t wait for MySpace",2026-08-13T12:13:51-07:00
appstore_284882215_14423814659,284882215,1,They protect racism,"Funny how videos or pictures can be accused of using AI(when it’s not) and have those videos and pictures removed, but somehow racist comments and/or post never get taken down because the spell it with different letters or symbols…Facebook has gotten worse.",2026-08-13T11:59:09-07:00
appstore_284882215_14423806031,284882215,1,Scamming,"Facebook knows of all the scamming going on & does nothing! I can’t tell you how many that I have reported, but they are still doing their thing. You can’t trust anything that is being sold on Facebook. Seems Facebook doesn’t care, they make millions.",2026-08-13T11:56:15-07:00
appstore_284882215_14423765115,284882215,1,Ipad glitch freeze,App freeze when add text and music on Story,2026-08-13T11:42:17-07:00
appstore_284882215_14423740776,284882215,3,Functional (barely) …,Good way to stay in touch remotely. Poor integration with FB Messenger and FB chats. Adequate integration with FB.,2026-08-13T11:34:06-07:00
appstore_284882215_14423703723,284882215,1,A place for advertising,That’s all this app is now and it’s disgusting.,2026-08-13T11:21:49-07:00
appstore_284882215_14423683468,284882215,5,Facebook,Posting for lifetime achievement and this is where we face it all!,2026-08-13T11:14:59-07:00
appstore_284882215_14423660868,284882215,1,Nonsense,"What’s with all the commercials all of a sudden? Is Facebook trying to be YouTube? “You’ve shown interest”, the hell I have. Why would I want to see a lawnmower ad when I don’t have a lawn? I don’t have cats or dogs, so why would I want to see pet stuff? CUT IT OUT!!!",2026-08-13T11:07:37-07:00
appstore_284882215_14423635431,284882215,1,Censorship,"Your censorship policies are lacking substance truth, are full of lies vitriol and hate. Evil!",2026-08-13T10:59:22-07:00
appstore_284882215_14423633374,284882215,5,Walmart did it!,"Hurting people, Walmart had a man walk in and pay for people groceries. They kicked the man out for helping all the people that needed help. That is truly terrible. What is wrong with it?",2026-08-13T10:58:41-07:00
appstore_284882215_14423601327,284882215,5,First class informacial,Therapeutic 👌,2026-08-13T10:48:19-07:00
appstore_284882215_14423588796,284882215,1,Sucks,Too many ads I remember I used to build just look on here and see everything you wanted to see now it’s ads and nothing you want to see for family or friends do better Mark Zuckerberg or better yet how about you bring back my space we can actually customize our,2026-08-13T10:44:17-07:00
appstore_284882215_14423550151,284882215,5,Xay kênh,Sao không gửi tôi về giới thiệu bản thân,2026-08-13T10:31:47-07:00
appstore_284882215_14423526007,284882215,1,Too many ads,Too many ads!,2026-08-13T10:24:09-07:00
appstore_284882215_14423522282,284882215,2,Too many ads!!,2,2026-08-13T10:22:59-07:00
appstore_284882215_14423472451,284882215,5,Business,It’s more then,2026-08-13T10:07:15-07:00
appstore_284882215_14423456237,284882215,5,Tom’s cabin,My family and i LOVED our stay !! Highly recommended !!,2026-08-13T10:02:12-07:00
appstore_284882215_14423440693,284882215,5,Information,Very informative article,2026-08-13T09:57:25-07:00
appstore_284882215_14423425790,284882215,3,Too Many Ad interruptions,"I watch a lot of reels and I usually use CC.  The adds lay right on top. Once in while is not bad but they usually last the whole video even when I close them, fhet pop right back up.",2026-08-13T09:52:50-07:00
appstore_284882215_14423419062,284882215,5,❤️,Nice,2026-08-13T09:50:46-07:00
appstore_284882215_14423418730,284882215,1,Phoker,clicks Bait central❗️,2026-08-13T09:50:40-07:00
appstore_284882215_14423417773,284882215,5,Food,Very nice and clean spot,2026-08-13T09:50:23-07:00
appstore_284882215_14423380334,284882215,1,Buying and selling groups,"They are playing games about my page I can’t sell or post to groups without any valid reason this is not nice and disappointing I thought facebook or meta is for your community but it’s not it’s getting bad you can’t talk to a live again but to an AI who wasted your time and never resolve your concern.
What a shame",2026-08-13T09:39:00-07:00
appstore_284882215_14423355702,284882215,1,PLEASE,Change interface of marketplace.  Change sell part too. They are both unusable,2026-08-13T09:31:39-07:00
appstore_284882215_14423345741,284882215,2,Sad,"I miss the old Facebook. Don’t like all the politics, ads and actor stuff. Want to be connected with friends.",2026-08-13T09:28:41-07:00
appstore_284882215_14423310477,284882215,5,Diversion,Desestresante y muy divertido Ayuda a relajarte,2026-08-13T09:18:12-07:00
appstore_284882215_14423278539,284882215,5,Dynamite,Nitro,2026-08-13T09:08:47-07:00
appstore_284882215_14423252427,284882215,2,Lack of basic functionality,"If you can’t enlarge pictures or unmute videos, why bother using it? I expected the ability to be able to just use a normally written app. And the ridiculous bombardment of ads and pop ups. Way past disappointing.",2026-08-13T09:01:06-07:00
appstore_284882215_14423241579,284882215,1,Add,"Ads,ads,ads,ads, the number one reason all my friends are leaving facebook. You won’t see your friends because every third post is an ad. 
Would you watch a tv show if every 3 seconds there was an ad? It’s supposed to be staying in contact with your friends maybe make some new ones but instead it’s 5000 ads of products I will never use just because of Facebook or should we call it ad book!",2026-08-13T08:57:52-07:00
appstore_284882215_14423234192,284882215,5,Personal,I meet friends through the entire world because of Facebook. It’s all at my fingertips,2026-08-13T08:55:41-07:00
appstore_284882215_14423218420,284882215,3,Dave Buls,Awesome Mark,2026-08-13T08:51:08-07:00
appstore_284882215_14423215164,284882215,5,Designs by JuJu,"Love all their stuff , so cute, and easy to make.",2026-08-13T08:50:11-07:00
appstore_284882215_14423168376,284882215,1,Won’t let me comment,"Every time I want to comment on a post, it doesn’t let me comment and I don’t know what the hell. The problem is pissing me off.",2026-08-13T08:36:34-07:00
appstore_284882215_14423161822,284882215,1,This app is going downhill fast,Comments don’t load or show the notifications feel really cluttered and annoying to go through. Reporting anything doesn’t make a difference because they never take it down. The way they keep all your data is creepy and mark Zuckerberg gives me the creeps,2026-08-13T08:34:42-07:00
appstore_284882215_14423157132,284882215,1,Suggestion Overload,"If you don’t follow anyone on a business or personal page, it unfortunately makes you see posts and stories of random people. This is bad for business pages especially. Suggestions need to stop on the main feed.",2026-08-13T08:33:21-07:00
appstore_284882215_14423155557,284882215,5,Amazing Digital Marketing Experience,"DorDorDigital is an amazing platform for anyone who wants to learn digital marketing and build an online business. The training, tools, and support make it easier to get started and grow with confidence. I highly recommend DorDorDigital to anyone ready to learn and take their business to the next level.",2026-08-13T08:32:54-07:00
appstore_284882215_14423133502,284882215,1,Too many ads very little privacy,I jump on and all I see are ads for games.,2026-08-13T08:26:40-07:00
appstore_284882215_14423121223,284882215,1,What’s the point anymore,"You can’t even see your friends post anymore because facebook only shows pages they are trying to force feed you, pages you haven’t even liked! Im sure they probably get money for this too! Absolutely hate facebook now!",2026-08-13T08:23:10-07:00
appstore_284882215_14423087621,284882215,3,Issues.,"Problematic when you try to go back to a post, a page back… it’s gone.   
Clutter on home page confusing.   
The My groups click as gone? I can’t find it in home page. 

 A great product otherwise.  
Thank you.",2026-08-13T08:13:33-07:00
appstore_284882215_14423084394,284882215,1,Too much ads,The ads are too disruptive,2026-08-13T08:12:39-07:00
appstore_284882215_14423081475,284882215,5,Don’t dig the spying on your users!,"I love FB but don’t like FB or Alphabet is spying non stop. In fact we mess with the algorithm all the time just for entertainment. Go back to just a simple place we can enjoy our friends, family and interest. We see where your true interest of skimming off the world💸💸💸. All you sick Pedo protectors. This will be the downfall of FB.",2026-08-13T08:11:49-07:00
appstore_284882215_14423063264,284882215,2,Better in the past,"It used to be good. Too many adds, too much AI suggestions I don’t see posts of long time friends unless I seek them out. Too many false notifications. Anyway, good luck to ya.",2026-08-13T08:06:34-07:00
appstore_284882215_14423057083,284882215,2,Annoyed with Facebook,Annoyed with all the AI and ads,2026-08-13T08:04:50-07:00
appstore_284882215_14423056746,284882215,5,www.tomorrowsgenius.net,Easy to work with but Cannot see any incoming sales ir revenues,2026-08-13T08:04:44-07:00
appstore_284882215_14423045712,284882215,4,"Community connection, FB",From facebook it's easy to find local groups to follow local happenings or emergency information road conditions in our community. And helped to spread the word within Facebook through other groups not everyone has the same information on there feed.,2026-08-13T08:01:40-07:00
appstore_284882215_14423014752,284882215,1,QUIT THE COMMERCIALS!!!,"If we wanted our reels to be interrupted, we would watch TV.  Stop with the commercials in the middle of the reels and all the advertisements bogging down our feeds.  I now watch SOME of one reel and as soon as the commercial starts I scroll on.  Don’t view what advertisement and don’t finish the reel.  It is ANNOYING and makes me and a LOT of others want to get off FB.  QUIT IT!!!",2026-08-13T07:52:57-07:00
appstore_284882215_14423013349,284882215,5,Gratitud,Amo Facebook por las oportunidades que presenta.❤️,2026-08-13T07:52:33-07:00
appstore_284882215_14423013202,284882215,5,Música,Me gusta que tenga música cuando se pone una fotografía,2026-08-13T07:52:31-07:00
appstore_284882215_14422976013,284882215,5,I love this app!,It’s really fun to meet friends,2026-08-13T07:42:27-07:00
appstore_284882215_14422914980,284882215,5,Me encanta,Me relaja,2026-08-13T07:25:19-07:00
appstore_284882215_14422914883,284882215,3,TOO MANY UNSOLICITED ADS!,Ugh!,2026-08-13T07:25:17-07:00
appstore_284882215_14422880807,284882215,5,Hsu’diary,Nice,2026-08-13T07:15:44-07:00
appstore_284882215_14422856243,284882215,1,Impossible to delete an account,After a person has passed away Facebook refuses to delete the account no matter how many times you submit a request with a copy of the death certificate even though you are the designated legacy account holder.,2026-08-13T07:08:48-07:00
appstore_284882215_14422845022,284882215,2,Nudges,I absolutely hate this feature. It’s too easy to accidentally click.,2026-08-13T07:05:35-07:00
appstore_284882215_14422829123,284882215,1,Too much news,"And not enough, family, and friends",2026-08-13T07:01:09-07:00
appstore_284882215_14422814734,284882215,1,نصرة فلسطين,نصرة لأهلي في فلسطين,2026-08-13T06:57:03-07:00
appstore_284882215_14422799487,284882215,1,AI Garbage,"Facebook is banning people (including me) for no reason. 

They will not reinstate you on appeal.",2026-08-13T06:52:45-07:00
appstore_284882215_14422771511,284882215,5,Excelente herramienta,Súper esta app,2026-08-13T06:44:48-07:00
appstore_284882215_14422743036,284882215,3,FACEBOOK BRO WHY?,"Yall DISABLED MY ACCOUNT for absolutely NO REASON. But according to you guys, my activity was UNUSUAL? I mean if connecting with friends, messaging my family, and watching reels is UNUSUAL, then so be it. But like WHATTTT!? Facebook please get it together, I have absolutely no clue why my account is disabled😔",2026-08-13T06:36:42-07:00
appstore_284882215_14422685575,284882215,5,Facebook,"I have facebook since 2008, and it still one of my fav social media. The place that I've met my husband!",2026-08-13T06:20:06-07:00
appstore_284882215_14422678669,284882215,5,The Best,Top Notch,2026-08-13T06:18:06-07:00
appstore_284882215_14422677045,284882215,1,Obligatory trash,Remove all algorithms and AI slop. I’d like to see what my friends post and nothing else. Just like in college at the beginning.,2026-08-13T06:17:37-07:00
appstore_284882215_14422675971,284882215,1,90% of the stuff on Facebook is NOT true!,I have switched to Instagram,2026-08-13T06:17:19-07:00
appstore_284882215_14422638862,284882215,5,Great Business work!,I love using this app to reach my audience!,2026-08-13T06:06:26-07:00
appstore_284882215_14422596472,284882215,4,Entertaining,The availability of short reels is great,2026-08-13T05:53:53-07:00
appstore_284882215_14422591450,284882215,1,WHY TF DO MY MUSIC STOP PLAYING WHEN I GET ON FB?!,YALL NEED TO FIX THAT!!!! I HATE THAT EVERY TIME I WANNA MFN SCROLL FB & LISTEN TO MUSIC I CANT BC WHEN I GET ON FB MY MUSIC STOP PLAYING!!!! FIIIIIIIIXXX IIIIITTT!!!!!!,2026-08-13T05:52:22-07:00
appstore_284882215_14422587765,284882215,5,Love Facebook,Facebook is a good place to find good information,2026-08-13T05:51:13-07:00
