item_id,eval_type,dataset,human_label,judge_model,run_idx,judge_score
iclr_metareview_00F7BfXLYJ,binary,iclr_metareview,0.0,reviewertoo_metareviewer,0,0.0
iclr_metareview_017F77AYeQ,binary,iclr_metareview,0.0,reviewertoo_metareviewer,0,1.0
iclr_metareview_03Ek1qDZmI,binary,iclr_metareview,0.0,reviewertoo_metareviewer,0,1.0
iclr_metareview_04h40hEgTj,binary,iclr_metareview,0.0,reviewertoo_metareviewer,0,1.0
iclr_metareview_06bDxmgdE0,binary,iclr_metareview,0.0,reviewertoo_metareviewer,0,0.0
iclr_metareview_06upBSlAUy,binary,iclr_metareview,0.0,reviewertoo_metareviewer,0,0.0
iclr_metareview_075TvkpZEK,binary,iclr_metareview,0.0,reviewertoo_metareviewer,0,0.0
iclr_metareview_07R3pHnBqc,binary,iclr_metareview,0.0,reviewertoo_metareviewer,0,0.0
iclr_metareview_084SvT55yk,binary,iclr_metareview,1.0,reviewertoo_metareviewer,0,0.0
iclr_metareview_08KOxSjRyj,binary,iclr_metareview,0.0,reviewertoo_metareviewer,0,0.0
iclr_metareview_08pxmTLKTT,binary,iclr_metareview,0.0,reviewertoo_metareviewer,0,0.0
iclr_metareview_09YSBymX6O,binary,iclr_metareview,1.0,reviewertoo_metareviewer,0,1.0
iclr_metareview_09lmwhDqZ3,binary,iclr_metareview,1.0,reviewertoo_metareviewer,0,1.0
iclr_metareview_0A4Uf88pog,binary,iclr_metareview,1.0,reviewertoo_metareviewer,0,0.0
iclr_metareview_0B5K9pIdSK,binary,iclr_metareview,1.0,reviewertoo_metareviewer,0,0.0
iclr_metareview_0BhjNjxpaC,binary,iclr_metareview,0.0,reviewertoo_metareviewer,0,0.0
iclr_metareview_0CQnhxpE7w,binary,iclr_metareview,0.0,reviewertoo_metareviewer,0,0.0
iclr_metareview_0Fc9yLlIYX,binary,iclr_metareview,0.0,reviewertoo_metareviewer,0,1.0
iclr_metareview_0I2N8KxOAo,binary,iclr_metareview,0.0,reviewertoo_metareviewer,0,0.0
iclr_metareview_0IFqBfX7Ak,binary,iclr_metareview,0.0,reviewertoo_metareviewer,0,0.0
iclr_metareview_0IceiDrfxI,binary,iclr_metareview,0.0,reviewertoo_metareviewer,0,0.0
iclr_metareview_0JayjvOKxt,binary,iclr_metareview,1.0,reviewertoo_metareviewer,0,1.0
iclr_metareview_0KXI6lDM9C,binary,iclr_metareview,1.0,reviewertoo_metareviewer,0,0.0
iclr_metareview_0KiCONP0xD,binary,iclr_metareview,0.0,reviewertoo_metareviewer,0,1.0
iclr_metareview_0L4RWQV8Qa,binary,iclr_metareview,0.0,reviewertoo_metareviewer,0,0.0
iclr_metareview_0L54sroHRw,binary,iclr_metareview,0.0,reviewertoo_metareviewer,0,0.0
iclr_metareview_0O6Xj6ljIN,binary,iclr_metareview,0.0,reviewertoo_metareviewer,0,0.0
iclr_metareview_0OxJ4mzaHB,binary,iclr_metareview,0.0,reviewertoo_metareviewer,0,1.0
iclr_metareview_0PYmHSugcj,binary,iclr_metareview,0.0,reviewertoo_metareviewer,0,1.0
iclr_metareview_0QIGCysJ1K,binary,iclr_metareview,0.0,reviewertoo_metareviewer,0,0.0
iclr_metareview_0R06BghLJX,binary,iclr_metareview,1.0,reviewertoo_metareviewer,0,0.0
iclr_metareview_0RdAmwfVku,binary,iclr_metareview,1.0,reviewertoo_metareviewer,0,1.0
iclr_metareview_0ST7MDmzPL,binary,iclr_metareview,0.0,reviewertoo_metareviewer,0,0.0
iclr_metareview_0TAFiyHgEl,binary,iclr_metareview,1.0,reviewertoo_metareviewer,0,0.0
iclr_metareview_0USd4azknv,binary,iclr_metareview,0.0,reviewertoo_metareviewer,0,1.0
iclr_metareview_0V0bQi24YC,binary,iclr_metareview,1.0,reviewertoo_metareviewer,0,1.0
iclr_metareview_0V5a5R7YAy,binary,iclr_metareview,0.0,reviewertoo_metareviewer,0,0.0
iclr_metareview_0WdN7pFCja,binary,iclr_metareview,0.0,reviewertoo_metareviewer,0,1.0
iclr_metareview_0Xw9Fg6Occ,binary,iclr_metareview,0.0,reviewertoo_metareviewer,0,0.0
iclr_metareview_0YDUJznwtX,binary,iclr_metareview,0.0,reviewertoo_metareviewer,0,0.0
iclr_metareview_0Z9DZtIZI7,binary,iclr_metareview,0.0,reviewertoo_metareviewer,0,1.0
iclr_metareview_0ZKCN8VJdr,binary,iclr_metareview,0.0,reviewertoo_metareviewer,0,1.0
iclr_metareview_0ZkWWxcHKV,binary,iclr_metareview,1.0,reviewertoo_metareviewer,0,1.0
iclr_metareview_0aNfWttgHd,binary,iclr_metareview,0.0,reviewertoo_metareviewer,0,1.0
iclr_metareview_0blfYtdJES,binary,iclr_metareview,1.0,reviewertoo_metareviewer,0,0.0
iclr_metareview_0c7nAZjyr5,binary,iclr_metareview,1.0,reviewertoo_metareviewer,0,0.0
iclr_metareview_0fNQCOWKc1,binary,iclr_metareview,0.0,reviewertoo_metareviewer,0,0.0
iclr_metareview_0fcVDzkGK2,binary,iclr_metareview,0.0,reviewertoo_metareviewer,0,0.0
iclr_metareview_0fib2BYc0L,binary,iclr_metareview,1.0,reviewertoo_metareviewer,0,0.0
iclr_metareview_0fk3GVbJPm,binary,iclr_metareview,0.0,reviewertoo_metareviewer,0,1.0
iclr_metareview_0kZKtWleMS,binary,iclr_metareview,0.0,reviewertoo_metareviewer,0,1.0
iclr_metareview_0knDtnbYGd,binary,iclr_metareview,0.0,reviewertoo_metareviewer,0,1.0
iclr_metareview_0lsidbAjNW,binary,iclr_metareview,0.0,reviewertoo_metareviewer,0,1.0
iclr_metareview_0mNnINd2z5,binary,iclr_metareview,1.0,reviewertoo_metareviewer,0,1.0
iclr_metareview_0mYcWbQyo7,binary,iclr_metareview,0.0,reviewertoo_metareviewer,0,1.0
iclr_metareview_0n1YcK0yuQ,binary,iclr_metareview,0.0,reviewertoo_metareviewer,0,1.0
iclr_metareview_0pCAQoNE5E,binary,iclr_metareview,0.0,reviewertoo_metareviewer,0,0.0
iclr_metareview_0pFcKF2li1,binary,iclr_metareview,0.0,reviewertoo_metareviewer,0,0.0
iclr_metareview_0qFN7Ugt4k,binary,iclr_metareview,0.0,reviewertoo_metareviewer,0,0.0
iclr_metareview_0r1KU3dlps,binary,iclr_metareview,1.0,reviewertoo_metareviewer,0,1.0
iclr_metareview_0rJUulYnow,binary,iclr_metareview,0.0,reviewertoo_metareviewer,0,0.0
iclr_metareview_0sUghjXZZs,binary,iclr_metareview,0.0,reviewertoo_metareviewer,0,0.0
iclr_metareview_0sXt3wT22y,binary,iclr_metareview,0.0,reviewertoo_metareviewer,0,0.0
iclr_metareview_0u1LigJaab,binary,iclr_metareview,1.0,reviewertoo_metareviewer,0,1.0
iclr_metareview_0unRcs07Bb,binary,iclr_metareview,0.0,reviewertoo_metareviewer,0,0.0
iclr_metareview_0vsPw2K3bA,binary,iclr_metareview,0.0,reviewertoo_metareviewer,0,0.0
iclr_metareview_0xObmDmsKY,binary,iclr_metareview,0.0,reviewertoo_metareviewer,0,0.0
iclr_metareview_0xiPcuWdl5,binary,iclr_metareview,0.0,reviewertoo_metareviewer,0,0.0
iclr_metareview_0yLdDZMutq,binary,iclr_metareview,0.0,reviewertoo_metareviewer,0,1.0
iclr_metareview_0yOsSMU1eY,binary,iclr_metareview,1.0,reviewertoo_metareviewer,0,0.0
iclr_metareview_0ylAe3Orfy,binary,iclr_metareview,1.0,reviewertoo_metareviewer,0,1.0
iclr_metareview_0yqWGNFEJA,binary,iclr_metareview,0.0,reviewertoo_metareviewer,0,0.0
iclr_metareview_0zdlTzGoou,binary,iclr_metareview,0.0,reviewertoo_metareviewer,0,0.0
iclr_metareview_11ZzyjZEcc,binary,iclr_metareview,0.0,reviewertoo_metareviewer,0,0.0
iclr_metareview_1211MDoiCZ,binary,iclr_metareview,0.0,reviewertoo_metareviewer,0,1.0
iclr_metareview_12jdbVQ7t0,binary,iclr_metareview,0.0,reviewertoo_metareviewer,0,0.0
iclr_metareview_1448q0s3zZ,binary,iclr_metareview,1.0,reviewertoo_metareviewer,0,1.0
iclr_metareview_14ZgLZdteo,binary,iclr_metareview,0.0,reviewertoo_metareviewer,0,0.0
iclr_metareview_14iitu1DN0,binary,iclr_metareview,0.0,reviewertoo_metareviewer,0,1.0
iclr_metareview_154r7u3LTJ,binary,iclr_metareview,0.0,reviewertoo_metareviewer,0,1.0
iclr_metareview_16dklduerp,binary,iclr_metareview,0.0,reviewertoo_metareviewer,0,1.0
iclr_metareview_17h5Sl2EaK,binary,iclr_metareview,1.0,reviewertoo_metareviewer,0,1.0
iclr_metareview_18j5Q49GwN,binary,iclr_metareview,1.0,reviewertoo_metareviewer,0,1.0
iclr_metareview_18zzU16FoU,binary,iclr_metareview,0.0,reviewertoo_metareviewer,0,1.0
iclr_metareview_1AFenZBIcW,binary,iclr_metareview,0.0,reviewertoo_metareviewer,0,0.0
iclr_metareview_1BGD0eRkik,binary,iclr_metareview,0.0,reviewertoo_metareviewer,0,0.0
iclr_metareview_1BXojAgNrg,binary,iclr_metareview,1.0,reviewertoo_metareviewer,0,1.0
iclr_metareview_1ECWEP3pAY,binary,iclr_metareview,0.0,reviewertoo_metareviewer,0,0.0
iclr_metareview_1EdAn5gMVv,binary,iclr_metareview,0.0,reviewertoo_metareviewer,0,0.0
iclr_metareview_1FADg2UNPn,binary,iclr_metareview,0.0,reviewertoo_metareviewer,0,1.0
iclr_metareview_1G7WIw1fu8,binary,iclr_metareview,0.0,reviewertoo_metareviewer,0,0.0
iclr_metareview_1GMw3IwEHW,binary,iclr_metareview,1.0,reviewertoo_metareviewer,0,1.0
iclr_metareview_1GQv7jhmtV,binary,iclr_metareview,0.0,reviewertoo_metareviewer,0,1.0
iclr_metareview_1InFGGz1D5,binary,iclr_metareview,1.0,reviewertoo_metareviewer,0,1.0
iclr_metareview_1JyePezdlF,binary,iclr_metareview,0.0,reviewertoo_metareviewer,0,1.0
iclr_metareview_1K3l3sjwMh,binary,iclr_metareview,0.0,reviewertoo_metareviewer,0,0.0
iclr_metareview_1K7TSEe2x5,binary,iclr_metareview,0.0,reviewertoo_metareviewer,0,0.0
iclr_metareview_1KkIChhCv7,binary,iclr_metareview,0.0,reviewertoo_metareviewer,0,1.0
iclr_metareview_1MCQzboBrR,binary,iclr_metareview,1.0,reviewertoo_metareviewer,0,1.0
iclr_metareview_1MHZGpvSDJ,binary,iclr_metareview,0.0,reviewertoo_metareviewer,0,1.0
iclr_metareview_1MX3QC0bSH,binary,iclr_metareview,0.0,reviewertoo_metareviewer,0,1.0
iclr_metareview_1O2A5TnFWl,binary,iclr_metareview,0.0,reviewertoo_metareviewer,0,0.0
iclr_metareview_1OAGf7ntSE,binary,iclr_metareview,1.0,reviewertoo_metareviewer,0,0.0
iclr_metareview_1OLTJL1wHG,binary,iclr_metareview,0.0,reviewertoo_metareviewer,0,1.0
iclr_metareview_1PCpLJH2IG,binary,iclr_metareview,0.0,reviewertoo_metareviewer,0,0.0
iclr_metareview_1Q2NVxcSuS,binary,iclr_metareview,0.0,reviewertoo_metareviewer,0,0.0
iclr_metareview_1RMf2MMb4N,binary,iclr_metareview,0.0,reviewertoo_metareviewer,0,0.0
iclr_metareview_1RrwTXSU4c,binary,iclr_metareview,0.0,reviewertoo_metareviewer,0,1.0
iclr_metareview_1SRQhZEIeb,binary,iclr_metareview,0.0,reviewertoo_metareviewer,0,1.0
iclr_metareview_1SdPgRQrr5,binary,iclr_metareview,1.0,reviewertoo_metareviewer,0,0.0
iclr_metareview_1T1SE9xxAB,binary,iclr_metareview,0.0,reviewertoo_metareviewer,0,0.0
iclr_metareview_1UpjAvTWOo,binary,iclr_metareview,0.0,reviewertoo_metareviewer,0,1.0
iclr_metareview_1V1aWuCwM8,binary,iclr_metareview,0.0,reviewertoo_metareviewer,0,0.0
iclr_metareview_1VMmT0xwX5,binary,iclr_metareview,0.0,reviewertoo_metareviewer,0,0.0
iclr_metareview_1aIDxrT6P4,binary,iclr_metareview,0.0,reviewertoo_metareviewer,0,0.0
iclr_metareview_1azfkKV93x,binary,iclr_metareview,0.0,reviewertoo_metareviewer,0,0.0
iclr_metareview_1bJN1EQByS,binary,iclr_metareview,1.0,reviewertoo_metareviewer,0,1.0
iclr_metareview_1cQChGqNX4,binary,iclr_metareview,0.0,reviewertoo_metareviewer,0,0.0
iclr_metareview_1gRTeAik4G,binary,iclr_metareview,1.0,reviewertoo_metareviewer,0,1.0
iclr_metareview_1gxP0WtOoO,binary,iclr_metareview,1.0,reviewertoo_metareviewer,0,1.0
iclr_metareview_1h7JvTbIYJ,binary,iclr_metareview,0.0,reviewertoo_metareviewer,0,0.0
iclr_metareview_1iuaBRErka,binary,iclr_metareview,0.0,reviewertoo_metareviewer,0,0.0
iclr_metareview_1lLWZzikiT,binary,iclr_metareview,0.0,reviewertoo_metareviewer,0,1.0
iclr_metareview_1m0EU6QXj6,binary,iclr_metareview,1.0,reviewertoo_metareviewer,0,1.0
iclr_metareview_1n01Emedmp,binary,iclr_metareview,0.0,reviewertoo_metareviewer,0,0.0
iclr_metareview_1nFHED6QEr,binary,iclr_metareview,0.0,reviewertoo_metareviewer,0,1.0
iclr_metareview_1oGQCCmydB,binary,iclr_metareview,0.0,reviewertoo_metareviewer,0,0.0
iclr_metareview_1orI9Cczug,binary,iclr_metareview,0.0,reviewertoo_metareviewer,0,0.0
iclr_metareview_1pAW0y8WLH,binary,iclr_metareview,1.0,reviewertoo_metareviewer,0,0.0
iclr_metareview_1qhNFRxORK,binary,iclr_metareview,0.0,reviewertoo_metareviewer,0,0.0
iclr_metareview_1tWqSvoeBd,binary,iclr_metareview,0.0,reviewertoo_metareviewer,0,1.0
iclr_metareview_1uZ4LpwtpN,binary,iclr_metareview,0.0,reviewertoo_metareviewer,0,1.0
iclr_metareview_1va4BerB97,binary,iclr_metareview,0.0,reviewertoo_metareviewer,0,0.0
iclr_metareview_1vv2CQyLYb,binary,iclr_metareview,0.0,reviewertoo_metareviewer,0,0.0
iclr_metareview_1wnHkzahst,binary,iclr_metareview,0.0,reviewertoo_metareviewer,0,1.0
iclr_metareview_1zqmmcjvdN,binary,iclr_metareview,0.0,reviewertoo_metareviewer,0,1.0
iclr_metareview_20JJZjzO3J,binary,iclr_metareview,0.0,reviewertoo_metareviewer,0,1.0
iclr_metareview_20xuDMMiDH,binary,iclr_metareview,0.0,reviewertoo_metareviewer,0,0.0
iclr_metareview_23Ea4fVGiI,binary,iclr_metareview,0.0,reviewertoo_metareviewer,0,0.0
iclr_metareview_23wfdcmzeQ,binary,iclr_metareview,0.0,reviewertoo_metareviewer,0,0.0
iclr_metareview_248ysaRatx,binary,iclr_metareview,1.0,reviewertoo_metareviewer,0,1.0
iclr_metareview_24QKU4iqft,binary,iclr_metareview,1.0,reviewertoo_metareviewer,0,1.0
iclr_metareview_25MsStaezF,binary,iclr_metareview,0.0,reviewertoo_metareviewer,0,0.0
iclr_metareview_27fc8hXB5N,binary,iclr_metareview,0.0,reviewertoo_metareviewer,0,1.0
iclr_metareview_27pOlHjUge,binary,iclr_metareview,0.0,reviewertoo_metareviewer,0,0.0
iclr_metareview_2Aj7sA2vbb,binary,iclr_metareview,0.0,reviewertoo_metareviewer,0,1.0
iclr_metareview_2DHJl78yZ0,binary,iclr_metareview,0.0,reviewertoo_metareviewer,0,1.0
iclr_metareview_2EGtfFwxx8,binary,iclr_metareview,1.0,reviewertoo_metareviewer,0,1.0
iclr_metareview_2El3N64oAH,binary,iclr_metareview,0.0,reviewertoo_metareviewer,0,1.0
iclr_metareview_2Gc8aj0afg,binary,iclr_metareview,1.0,reviewertoo_metareviewer,0,1.0
iclr_metareview_2JfjDc6ezu,binary,iclr_metareview,0.0,reviewertoo_metareviewer,0,0.0
iclr_metareview_2KKDWERRm3,binary,iclr_metareview,1.0,reviewertoo_metareviewer,0,1.0
iclr_metareview_2KgXWnikxR,binary,iclr_metareview,0.0,reviewertoo_metareviewer,0,1.0
iclr_metareview_2KjMQGOm4b,binary,iclr_metareview,0.0,reviewertoo_metareviewer,0,1.0
iclr_metareview_2LpoMDXuJf,binary,iclr_metareview,0.0,reviewertoo_metareviewer,0,0.0
iclr_metareview_2McprQZ1Dt,binary,iclr_metareview,0.0,reviewertoo_metareviewer,0,1.0
iclr_metareview_2NbpGdeMP7,binary,iclr_metareview,0.0,reviewertoo_metareviewer,0,0.0
iclr_metareview_2Np82XlB34,binary,iclr_metareview,0.0,reviewertoo_metareviewer,0,0.0
iclr_metareview_2Qh9YhuElD,binary,iclr_metareview,0.0,reviewertoo_metareviewer,0,1.0
iclr_metareview_2WXN2zB3HE,binary,iclr_metareview,0.0,reviewertoo_metareviewer,0,1.0
iclr_metareview_2Xd5RlypLx,binary,iclr_metareview,1.0,reviewertoo_metareviewer,0,1.0
iclr_metareview_2eL6yXLCh8,binary,iclr_metareview,1.0,reviewertoo_metareviewer,0,1.0
iclr_metareview_2fuvTuG4IV,binary,iclr_metareview,0.0,reviewertoo_metareviewer,0,1.0
iclr_metareview_2ius36JQUJ,binary,iclr_metareview,1.0,reviewertoo_metareviewer,0,0.0
iclr_metareview_2kutK2Y8Sv,binary,iclr_metareview,1.0,reviewertoo_metareviewer,0,0.0
iclr_metareview_2loXqTqL0s,binary,iclr_metareview,0.0,reviewertoo_metareviewer,0,0.0
iclr_metareview_2ng0VavPXv,binary,iclr_metareview,0.0,reviewertoo_metareviewer,0,1.0
iclr_metareview_2pMmCDYPQi,binary,iclr_metareview,0.0,reviewertoo_metareviewer,0,0.0
iclr_metareview_2tHt7cMkCF,binary,iclr_metareview,0.0,reviewertoo_metareviewer,0,0.0
iclr_metareview_2u5ZRzDyS0,binary,iclr_metareview,1.0,reviewertoo_metareviewer,0,1.0
iclr_metareview_2uxuiykvA4,binary,iclr_metareview,0.0,reviewertoo_metareviewer,0,1.0
iclr_metareview_2yhCEYmeiP,binary,iclr_metareview,0.0,reviewertoo_metareviewer,0,0.0
iclr_metareview_327o4QYRoO,binary,iclr_metareview,0.0,reviewertoo_metareviewer,0,0.0
iclr_metareview_340QjF3jJP,binary,iclr_metareview,1.0,reviewertoo_metareviewer,0,1.0
iclr_metareview_3AFchYEwRQ,binary,iclr_metareview,1.0,reviewertoo_metareviewer,0,1.0
iclr_metareview_3AnRMvlVDw,binary,iclr_metareview,1.0,reviewertoo_metareviewer,0,1.0
iclr_metareview_3AnplD4Q54,binary,iclr_metareview,0.0,reviewertoo_metareviewer,0,1.0
iclr_metareview_3BHs9QaHYd,binary,iclr_metareview,0.0,reviewertoo_metareviewer,0,0.0
iclr_metareview_3CLscEAR9X,binary,iclr_metareview,0.0,reviewertoo_metareviewer,0,1.0
iclr_metareview_3DOgmfZ2k6,binary,iclr_metareview,1.0,reviewertoo_metareviewer,0,0.0
iclr_metareview_3GJSLu7LU7,binary,iclr_metareview,0.0,reviewertoo_metareviewer,0,1.0
iclr_metareview_3GNaNi9xnt,binary,iclr_metareview,0.0,reviewertoo_metareviewer,0,1.0
iclr_metareview_3GamjXyGw2,binary,iclr_metareview,0.0,reviewertoo_metareviewer,0,0.0
iclr_metareview_3Gre3i1tSD,binary,iclr_metareview,0.0,reviewertoo_metareviewer,0,1.0
iclr_metareview_3Gy5mmyuxn,binary,iclr_metareview,1.0,reviewertoo_metareviewer,0,1.0
iclr_metareview_3HrDPUi4jx,binary,iclr_metareview,1.0,reviewertoo_metareviewer,0,1.0
iclr_metareview_3IA5XRwP27,binary,iclr_metareview,1.0,reviewertoo_metareviewer,0,1.0
iclr_metareview_3LGjvzYgdt,binary,iclr_metareview,0.0,reviewertoo_metareviewer,0,1.0
iclr_metareview_3MifB0f7qR,binary,iclr_metareview,1.0,reviewertoo_metareviewer,0,1.0
iclr_metareview_3NEN2pH0W9,binary,iclr_metareview,0.0,reviewertoo_metareviewer,0,0.0
iclr_metareview_3NLF20wthr,binary,iclr_metareview,0.0,reviewertoo_metareviewer,0,0.0
iclr_metareview_3NdC8LGGK6,binary,iclr_metareview,0.0,reviewertoo_metareviewer,0,0.0
iclr_metareview_3Oc8Pg7Kij,binary,iclr_metareview,0.0,reviewertoo_metareviewer,0,0.0
iclr_metareview_3P2oSzQ8Db,binary,iclr_metareview,0.0,reviewertoo_metareviewer,0,0.0
iclr_metareview_3PECod4ieb,binary,iclr_metareview,0.0,reviewertoo_metareviewer,0,1.0
iclr_metareview_3QHKJcwnpb,binary,iclr_metareview,1.0,reviewertoo_metareviewer,0,1.0
iclr_metareview_3RQ863cRbx,binary,iclr_metareview,1.0,reviewertoo_metareviewer,0,1.0
iclr_metareview_3SVLye5fpq,binary,iclr_metareview,0.0,reviewertoo_metareviewer,0,1.0
iclr_metareview_3U6wH7uAPZ,binary,iclr_metareview,1.0,reviewertoo_metareviewer,0,0.0
iclr_metareview_3VdSuh3sie,binary,iclr_metareview,1.0,reviewertoo_metareviewer,0,1.0
iclr_metareview_3XGqsfKIIK,binary,iclr_metareview,0.0,reviewertoo_metareviewer,0,1.0
iclr_metareview_3XRAkZtMPK,binary,iclr_metareview,1.0,reviewertoo_metareviewer,0,1.0
iclr_metareview_3YUL5LJ3s4,binary,iclr_metareview,0.0,reviewertoo_metareviewer,0,1.0
iclr_metareview_3Yd9634Drd,binary,iclr_metareview,0.0,reviewertoo_metareviewer,0,0.0
iclr_metareview_3aBWTYGcaT,binary,iclr_metareview,1.0,reviewertoo_metareviewer,0,1.0
iclr_metareview_3aqja1Ie26,binary,iclr_metareview,0.0,reviewertoo_metareviewer,0,0.0
iclr_metareview_3azDaaAYzb,binary,iclr_metareview,0.0,reviewertoo_metareviewer,0,1.0
iclr_metareview_3azIn8ImwP,binary,iclr_metareview,0.0,reviewertoo_metareviewer,0,1.0
iclr_metareview_3bupNusSlx,binary,iclr_metareview,0.0,reviewertoo_metareviewer,0,0.0
iclr_metareview_3c6bnSJwDg,binary,iclr_metareview,0.0,reviewertoo_metareviewer,0,1.0
iclr_metareview_3cPgxy7iI6,binary,iclr_metareview,0.0,reviewertoo_metareviewer,0,0.0
iclr_metareview_3dOqgCYiqB,binary,iclr_metareview,0.0,reviewertoo_metareviewer,0,0.0
iclr_metareview_3eoCXVxvbZ,binary,iclr_metareview,0.0,reviewertoo_metareviewer,0,1.0
iclr_metareview_3fIBwnz4Tf,binary,iclr_metareview,0.0,reviewertoo_metareviewer,0,1.0
iclr_metareview_3gM6HwHvnc,binary,iclr_metareview,1.0,reviewertoo_metareviewer,0,1.0
iclr_metareview_3grV2CE4N0,binary,iclr_metareview,0.0,reviewertoo_metareviewer,0,0.0
iclr_metareview_3hS7EtL4bV,binary,iclr_metareview,1.0,reviewertoo_metareviewer,0,0.0
iclr_metareview_3icvqeC1sA,binary,iclr_metareview,0.0,reviewertoo_metareviewer,0,0.0
iclr_metareview_3jufZB6g9A,binary,iclr_metareview,0.0,reviewertoo_metareviewer,0,1.0
iclr_metareview_3kwMq9b3ri,binary,iclr_metareview,0.0,reviewertoo_metareviewer,0,0.0
iclr_metareview_3kzDWrohSY,binary,iclr_metareview,0.0,reviewertoo_metareviewer,0,1.0
iclr_metareview_3kzoBq8ZmQ,binary,iclr_metareview,0.0,reviewertoo_metareviewer,0,0.0
iclr_metareview_3lFAyPa9Fe,binary,iclr_metareview,0.0,reviewertoo_metareviewer,0,0.0
iclr_metareview_3lSqgESdPu,binary,iclr_metareview,1.0,reviewertoo_metareviewer,0,0.0
iclr_metareview_3loQDtveWI,binary,iclr_metareview,1.0,reviewertoo_metareviewer,0,0.0
iclr_metareview_3n4uUq30ei,binary,iclr_metareview,0.0,reviewertoo_metareviewer,0,1.0
iclr_metareview_3q9vHEqsNx,binary,iclr_metareview,1.0,reviewertoo_metareviewer,0,0.0
iclr_metareview_3qiCnLf3jf,binary,iclr_metareview,1.0,reviewertoo_metareviewer,0,0.0
iclr_metareview_3qzgB7QIDl,binary,iclr_metareview,1.0,reviewertoo_metareviewer,0,1.0
iclr_metareview_3rZdp4TmUb,binary,iclr_metareview,1.0,reviewertoo_metareviewer,0,1.0
iclr_metareview_3rmeUp63dH,binary,iclr_metareview,0.0,reviewertoo_metareviewer,0,1.0
iclr_metareview_3sJ4zKToW6,binary,iclr_metareview,1.0,reviewertoo_metareviewer,0,0.0
iclr_metareview_3sbM94O8Ts,binary,iclr_metareview,0.0,reviewertoo_metareviewer,0,0.0
iclr_metareview_3tm37YNMdl,binary,iclr_metareview,0.0,reviewertoo_metareviewer,0,0.0
iclr_metareview_3vpjinHTER,binary,iclr_metareview,0.0,reviewertoo_metareviewer,0,1.0
iclr_metareview_3xkYXuHDA6,binary,iclr_metareview,1.0,reviewertoo_metareviewer,0,1.0
iclr_metareview_3y3hnL7KhS,binary,iclr_metareview,1.0,reviewertoo_metareviewer,0,1.0
iclr_metareview_3yo79Wp5Fh,binary,iclr_metareview,0.0,reviewertoo_metareviewer,0,0.0
iclr_metareview_3zrpWrP7LT,binary,iclr_metareview,0.0,reviewertoo_metareviewer,0,0.0
iclr_metareview_404TzkOCUD,binary,iclr_metareview,1.0,reviewertoo_metareviewer,0,1.0
iclr_metareview_40sQXprYlm,binary,iclr_metareview,0.0,reviewertoo_metareviewer,0,0.0
iclr_metareview_40xP4N4VRL,binary,iclr_metareview,0.0,reviewertoo_metareviewer,0,1.0
iclr_metareview_41am4lUMuo,binary,iclr_metareview,0.0,reviewertoo_metareviewer,0,0.0
iclr_metareview_444mACDffR,binary,iclr_metareview,0.0,reviewertoo_metareviewer,0,1.0
iclr_metareview_45CzHgLUkz,binary,iclr_metareview,0.0,reviewertoo_metareviewer,0,1.0
iclr_metareview_46LbXtFgBm,binary,iclr_metareview,1.0,reviewertoo_metareviewer,0,1.0
iclr_metareview_46jbtZZWen,binary,iclr_metareview,0.0,reviewertoo_metareviewer,0,0.0
iclr_metareview_48l5oTCu5N,binary,iclr_metareview,0.0,reviewertoo_metareviewer,0,1.0
iclr_metareview_4AjBMTsMK7,binary,iclr_metareview,0.0,reviewertoo_metareviewer,0,1.0
iclr_metareview_4AnuvEx3an,binary,iclr_metareview,0.0,reviewertoo_metareviewer,0,0.0
iclr_metareview_4BjGVZ7Bxn,binary,iclr_metareview,1.0,reviewertoo_metareviewer,0,0.0
iclr_metareview_4DWFxTdsW3,binary,iclr_metareview,0.0,reviewertoo_metareviewer,0,0.0
iclr_metareview_4Dng3oq9Pq,binary,iclr_metareview,0.0,reviewertoo_metareviewer,0,0.0
iclr_metareview_4GRsedu43K,binary,iclr_metareview,1.0,reviewertoo_metareviewer,0,0.0
iclr_metareview_4Jnev8rWaq,binary,iclr_metareview,0.0,reviewertoo_metareviewer,0,0.0
iclr_metareview_4K2NNr9W5C,binary,iclr_metareview,1.0,reviewertoo_metareviewer,0,0.0
iclr_metareview_4MdTNmBAGv,binary,iclr_metareview,0.0,reviewertoo_metareviewer,0,0.0
iclr_metareview_4NfRcEraCw,binary,iclr_metareview,0.0,reviewertoo_metareviewer,0,1.0
iclr_metareview_4O8CG6dPzK,binary,iclr_metareview,0.0,reviewertoo_metareviewer,0,1.0
iclr_metareview_4P67rCxbbv,binary,iclr_metareview,0.0,reviewertoo_metareviewer,0,1.0
iclr_metareview_4QPgqdQmYn,binary,iclr_metareview,1.0,reviewertoo_metareviewer,0,0.0
iclr_metareview_4RD7LzmP6l,binary,iclr_metareview,0.0,reviewertoo_metareviewer,0,1.0
iclr_metareview_4SQRcsaPxN,binary,iclr_metareview,0.0,reviewertoo_metareviewer,0,0.0
iclr_metareview_4TFfiG17ec,binary,iclr_metareview,0.0,reviewertoo_metareviewer,0,1.0
iclr_metareview_4UPTS9eA5E,binary,iclr_metareview,0.0,reviewertoo_metareviewer,0,0.0
iclr_metareview_4VzVWXUkhf,binary,iclr_metareview,0.0,reviewertoo_metareviewer,0,0.0
iclr_metareview_4XMPZGOQ5d,binary,iclr_metareview,0.0,reviewertoo_metareviewer,0,1.0
iclr_metareview_4XQVBihXUD,binary,iclr_metareview,0.0,reviewertoo_metareviewer,0,1.0
iclr_metareview_4XsV5Qoj0j,binary,iclr_metareview,1.0,reviewertoo_metareviewer,0,1.0
iclr_metareview_4YGlj6kQgw,binary,iclr_metareview,0.0,reviewertoo_metareviewer,0,0.0
iclr_metareview_4ZAwmIaA9y,binary,iclr_metareview,1.0,reviewertoo_metareviewer,0,1.0
iclr_metareview_4ZGvMY9M4l,binary,iclr_metareview,0.0,reviewertoo_metareviewer,0,0.0
iclr_metareview_4aZTiLH3fm,binary,iclr_metareview,1.0,reviewertoo_metareviewer,0,0.0
iclr_metareview_4amNkYCDqX,binary,iclr_metareview,1.0,reviewertoo_metareviewer,0,1.0
iclr_metareview_4bDifzIHNh,binary,iclr_metareview,0.0,reviewertoo_metareviewer,0,1.0
iclr_metareview_4blGqgStVr,binary,iclr_metareview,0.0,reviewertoo_metareviewer,0,1.0
iclr_metareview_4bxBWk9fFW,binary,iclr_metareview,0.0,reviewertoo_metareviewer,0,1.0
iclr_metareview_4c1gAsVd9C,binary,iclr_metareview,1.0,reviewertoo_metareviewer,0,1.0
iclr_metareview_4cP69sGjiG,binary,iclr_metareview,0.0,reviewertoo_metareviewer,0,1.0
iclr_metareview_4dMlAKBwrA,binary,iclr_metareview,1.0,reviewertoo_metareviewer,0,1.0
iclr_metareview_4eLjRj8xMg,binary,iclr_metareview,0.0,reviewertoo_metareviewer,0,1.0
iclr_metareview_4fOGZWupMM,binary,iclr_metareview,1.0,reviewertoo_metareviewer,0,1.0
iclr_metareview_4fh0Z9nwjx,binary,iclr_metareview,0.0,reviewertoo_metareviewer,0,1.0
iclr_metareview_4fhbxglvYs,binary,iclr_metareview,0.0,reviewertoo_metareviewer,0,1.0
iclr_metareview_4ftPHo58O9,binary,iclr_metareview,0.0,reviewertoo_metareviewer,0,0.0
iclr_metareview_4gGmwiKbnU,binary,iclr_metareview,0.0,reviewertoo_metareviewer,0,0.0
iclr_metareview_4hKNGmjXVQ,binary,iclr_metareview,1.0,reviewertoo_metareviewer,0,0.0
iclr_metareview_4hXoo5MhxZ,binary,iclr_metareview,0.0,reviewertoo_metareviewer,0,1.0
iclr_metareview_4iNGM9PRPk,binary,iclr_metareview,0.0,reviewertoo_metareviewer,0,0.0
iclr_metareview_4iu9Lj0Ist,binary,iclr_metareview,0.0,reviewertoo_metareviewer,0,1.0
iclr_metareview_4jcnded6fA,binary,iclr_metareview,0.0,reviewertoo_metareviewer,0,1.0
iclr_metareview_4kb6vectZ3,binary,iclr_metareview,0.0,reviewertoo_metareviewer,0,1.0
iclr_metareview_4kxXPeVnzs,binary,iclr_metareview,0.0,reviewertoo_metareviewer,0,1.0
iclr_metareview_4kz4586euw,binary,iclr_metareview,0.0,reviewertoo_metareviewer,0,1.0
iclr_metareview_4mfGbMzTwu,binary,iclr_metareview,0.0,reviewertoo_metareviewer,0,1.0
iclr_metareview_4o7Z0DDCEO,binary,iclr_metareview,0.0,reviewertoo_metareviewer,0,1.0
iclr_metareview_4oHzs3qrF3,binary,iclr_metareview,0.0,reviewertoo_metareviewer,0,0.0
iclr_metareview_4oOF4J2xSy,binary,iclr_metareview,1.0,reviewertoo_metareviewer,0,1.0
iclr_metareview_4ogYQanXBR,binary,iclr_metareview,0.0,reviewertoo_metareviewer,0,0.0
iclr_metareview_4pS3L3wtHp,binary,iclr_metareview,0.0,reviewertoo_metareviewer,0,0.0
iclr_metareview_4r3zsJBBla,binary,iclr_metareview,0.0,reviewertoo_metareviewer,0,0.0
iclr_metareview_4srk2cxr30,binary,iclr_metareview,0.0,reviewertoo_metareviewer,0,0.0
iclr_metareview_4sx3Jzrg5w,binary,iclr_metareview,0.0,reviewertoo_metareviewer,0,1.0
iclr_metareview_4txVmLyDub,binary,iclr_metareview,0.0,reviewertoo_metareviewer,0,1.0
iclr_metareview_4uPyOCeN6U,binary,iclr_metareview,1.0,reviewertoo_metareviewer,0,1.0
iclr_metareview_4uTZobABec,binary,iclr_metareview,1.0,reviewertoo_metareviewer,0,1.0
iclr_metareview_4vXNp4wujY,binary,iclr_metareview,0.0,reviewertoo_metareviewer,0,0.0
iclr_metareview_4wTszsLxIp,binary,iclr_metareview,0.0,reviewertoo_metareviewer,0,0.0
iclr_metareview_4xPYLcR0I0,binary,iclr_metareview,0.0,reviewertoo_metareviewer,0,0.0
iclr_metareview_4xPmlk3Zcg,binary,iclr_metareview,0.0,reviewertoo_metareviewer,0,0.0
iclr_metareview_4xzpNtnowK,binary,iclr_metareview,0.0,reviewertoo_metareviewer,0,1.0
iclr_metareview_4yHJLiz8dm,binary,iclr_metareview,0.0,reviewertoo_metareviewer,0,0.0
iclr_metareview_4ygElzj772,binary,iclr_metareview,0.0,reviewertoo_metareviewer,0,0.0
iclr_metareview_4z1AjpXo6i,binary,iclr_metareview,0.0,reviewertoo_metareviewer,0,0.0
iclr_metareview_51pcTCVQ90,binary,iclr_metareview,0.0,reviewertoo_metareviewer,0,0.0
iclr_metareview_53eIDko6N5,binary,iclr_metareview,1.0,reviewertoo_metareviewer,0,0.0
iclr_metareview_54ELLss8Nt,binary,iclr_metareview,0.0,reviewertoo_metareviewer,0,0.0
iclr_metareview_55e5f3GVFc,binary,iclr_metareview,1.0,reviewertoo_metareviewer,0,0.0
iclr_metareview_55oAbWpTcO,binary,iclr_metareview,0.0,reviewertoo_metareviewer,0,0.0
iclr_metareview_56DGTsd5Pd,binary,iclr_metareview,0.0,reviewertoo_metareviewer,0,1.0
iclr_metareview_577s10r5At,binary,iclr_metareview,0.0,reviewertoo_metareviewer,0,0.0
iclr_metareview_57EwidOnSf,binary,iclr_metareview,1.0,reviewertoo_metareviewer,0,0.0
iclr_metareview_57IXIg6nZ0,binary,iclr_metareview,1.0,reviewertoo_metareviewer,0,0.0
iclr_metareview_58NA3unZj5,binary,iclr_metareview,1.0,reviewertoo_metareviewer,0,1.0
iclr_metareview_59JnUG1oOT,binary,iclr_metareview,0.0,reviewertoo_metareviewer,0,0.0
iclr_metareview_5BRMteyNOp,binary,iclr_metareview,1.0,reviewertoo_metareviewer,0,0.0
iclr_metareview_5CM3ax45Ma,binary,iclr_metareview,1.0,reviewertoo_metareviewer,0,1.0
iclr_metareview_5DCQn5zVMn,binary,iclr_metareview,0.0,reviewertoo_metareviewer,0,1.0
iclr_metareview_5E5sd3TWGD,binary,iclr_metareview,1.0,reviewertoo_metareviewer,0,1.0
iclr_metareview_5EDWoVfmDH,binary,iclr_metareview,0.0,reviewertoo_metareviewer,0,1.0
iclr_metareview_5EHjQYOVjn,binary,iclr_metareview,0.0,reviewertoo_metareviewer,0,1.0
iclr_metareview_5F93RfQ12T,binary,iclr_metareview,1.0,reviewertoo_metareviewer,0,0.0
iclr_metareview_5FOYGNXRNc,binary,iclr_metareview,0.0,reviewertoo_metareviewer,0,0.0
iclr_metareview_5Gtd4LOOZx,binary,iclr_metareview,0.0,reviewertoo_metareviewer,0,0.0
iclr_metareview_5HJkrZTtqr,binary,iclr_metareview,0.0,reviewertoo_metareviewer,0,1.0
iclr_metareview_5Jd7TObzee,binary,iclr_metareview,0.0,reviewertoo_metareviewer,0,0.0
iclr_metareview_5KNzsjDn6O,binary,iclr_metareview,0.0,reviewertoo_metareviewer,0,0.0
iclr_metareview_5Kko8emAEz,binary,iclr_metareview,0.0,reviewertoo_metareviewer,0,1.0
iclr_metareview_5L8uyzjn2l,binary,iclr_metareview,1.0,reviewertoo_metareviewer,0,0.0
iclr_metareview_5LhpD6O5Sk,binary,iclr_metareview,0.0,reviewertoo_metareviewer,0,1.0
iclr_metareview_5MOGAO0YXd,binary,iclr_metareview,0.0,reviewertoo_metareviewer,0,0.0
iclr_metareview_5N3z9JQJKq,binary,iclr_metareview,1.0,reviewertoo_metareviewer,0,0.0
iclr_metareview_5OOv6eWT9r,binary,iclr_metareview,0.0,reviewertoo_metareviewer,0,0.0
iclr_metareview_5PxFqpIYWC,binary,iclr_metareview,1.0,reviewertoo_metareviewer,0,0.0
iclr_metareview_5QTtD8RfnP,binary,iclr_metareview,0.0,reviewertoo_metareviewer,0,0.0
iclr_metareview_5R11h5o44C,binary,iclr_metareview,1.0,reviewertoo_metareviewer,0,1.0
iclr_metareview_5RbpF0U3aQ,binary,iclr_metareview,0.0,reviewertoo_metareviewer,0,1.0
iclr_metareview_5Rgn6x9jGn,binary,iclr_metareview,0.0,reviewertoo_metareviewer,0,1.0
iclr_metareview_5S8ruWKe8l,binary,iclr_metareview,1.0,reviewertoo_metareviewer,0,1.0
iclr_metareview_5TitVYbQQ2,binary,iclr_metareview,0.0,reviewertoo_metareviewer,0,1.0
iclr_metareview_5VTzlQWyZ9,binary,iclr_metareview,0.0,reviewertoo_metareviewer,0,0.0
iclr_metareview_5VXJPS1HoM,binary,iclr_metareview,1.0,reviewertoo_metareviewer,0,0.0
iclr_metareview_5WHpJmo1W1,binary,iclr_metareview,0.0,reviewertoo_metareviewer,0,0.0
iclr_metareview_5WJzbZZeh1,binary,iclr_metareview,0.0,reviewertoo_metareviewer,0,0.0
iclr_metareview_5Y4wvlp923,binary,iclr_metareview,0.0,reviewertoo_metareviewer,0,0.0
iclr_metareview_5YXccEP6uc,binary,iclr_metareview,1.0,reviewertoo_metareviewer,0,0.0
iclr_metareview_5a5T3IW2B6,binary,iclr_metareview,0.0,reviewertoo_metareviewer,0,1.0
iclr_metareview_5dUaPi6x9o,binary,iclr_metareview,0.0,reviewertoo_metareviewer,0,0.0
iclr_metareview_5doZa7g4XL,binary,iclr_metareview,0.0,reviewertoo_metareviewer,0,0.0
iclr_metareview_5eTpRIULtb,binary,iclr_metareview,1.0,reviewertoo_metareviewer,0,1.0
iclr_metareview_5fCDEz43ya,binary,iclr_metareview,1.0,reviewertoo_metareviewer,0,0.0
iclr_metareview_5fN48w1lhy,binary,iclr_metareview,1.0,reviewertoo_metareviewer,0,1.0
iclr_metareview_5ft8vd9rwc,binary,iclr_metareview,1.0,reviewertoo_metareviewer,0,0.0
iclr_metareview_5gFKVyohGd,binary,iclr_metareview,1.0,reviewertoo_metareviewer,0,1.0
iclr_metareview_5h741EyfQM,binary,iclr_metareview,1.0,reviewertoo_metareviewer,0,0.0
iclr_metareview_5hQMbFaCJv,binary,iclr_metareview,0.0,reviewertoo_metareviewer,0,1.0
iclr_metareview_5hrCwqnBng,binary,iclr_metareview,0.0,reviewertoo_metareviewer,0,0.0
iclr_metareview_5i9eNLTWE9,binary,iclr_metareview,0.0,reviewertoo_metareviewer,0,0.0
iclr_metareview_5iepz5XeW4,binary,iclr_metareview,0.0,reviewertoo_metareviewer,0,1.0
iclr_metareview_5ifuK3PRia,binary,iclr_metareview,0.0,reviewertoo_metareviewer,0,0.0
iclr_metareview_5ifzhjMCKq,binary,iclr_metareview,1.0,reviewertoo_metareviewer,0,1.0
iclr_metareview_5jkzTzV5Ao,binary,iclr_metareview,1.0,reviewertoo_metareviewer,0,1.0
iclr_metareview_5kKH4nxSxB,binary,iclr_metareview,0.0,reviewertoo_metareviewer,0,1.0
iclr_metareview_5mMiWJC8R8,binary,iclr_metareview,0.0,reviewertoo_metareviewer,0,0.0
iclr_metareview_5mN7TWH6OI,binary,iclr_metareview,0.0,reviewertoo_metareviewer,0,1.0
iclr_metareview_5og80LMVxG,binary,iclr_metareview,1.0,reviewertoo_metareviewer,0,1.0
iclr_metareview_5qfX9zJDi2,binary,iclr_metareview,0.0,reviewertoo_metareviewer,0,0.0
iclr_metareview_5qu1Sr7tdC,binary,iclr_metareview,0.0,reviewertoo_metareviewer,0,1.0
iclr_metareview_5upNiIb6UQ,binary,iclr_metareview,0.0,reviewertoo_metareviewer,0,0.0
iclr_metareview_5uwXigCRnB,binary,iclr_metareview,0.0,reviewertoo_metareviewer,0,1.0
iclr_metareview_5v0p0Bmp6S,binary,iclr_metareview,0.0,reviewertoo_metareviewer,0,1.0
iclr_metareview_5v3Gzuic8i,binary,iclr_metareview,0.0,reviewertoo_metareviewer,0,1.0
iclr_metareview_5veGth37O2,binary,iclr_metareview,0.0,reviewertoo_metareviewer,0,0.0
iclr_metareview_5yPP238v4c,binary,iclr_metareview,1.0,reviewertoo_metareviewer,0,1.0
iclr_metareview_60EGqyRnhd,binary,iclr_metareview,0.0,reviewertoo_metareviewer,0,0.0
iclr_metareview_60pUcsQ5wD,binary,iclr_metareview,0.0,reviewertoo_metareviewer,0,1.0
iclr_metareview_62GAWTZpuw,binary,iclr_metareview,0.0,reviewertoo_metareviewer,0,0.0
iclr_metareview_62uxwRcvGr,binary,iclr_metareview,0.0,reviewertoo_metareviewer,0,1.0
iclr_metareview_63L0Vsvpn9,binary,iclr_metareview,0.0,reviewertoo_metareviewer,0,1.0
iclr_metareview_67o9fTKYZJ,binary,iclr_metareview,0.0,reviewertoo_metareviewer,0,0.0
iclr_metareview_67w2M2z4Fj,binary,iclr_metareview,0.0,reviewertoo_metareviewer,0,0.0
iclr_metareview_68DwQWtdwr,binary,iclr_metareview,0.0,reviewertoo_metareviewer,0,0.0
iclr_metareview_6BChSvxDbN,binary,iclr_metareview,0.0,reviewertoo_metareviewer,0,1.0
iclr_metareview_6EO8JzLyBS,binary,iclr_metareview,0.0,reviewertoo_metareviewer,0,0.0
iclr_metareview_6FyYLNnDL6,binary,iclr_metareview,0.0,reviewertoo_metareviewer,0,1.0
iclr_metareview_6GFznCBscH,binary,iclr_metareview,1.0,reviewertoo_metareviewer,0,1.0
iclr_metareview_6GKn8DBmgm,binary,iclr_metareview,0.0,reviewertoo_metareviewer,0,0.0
iclr_metareview_6KxnHj50uQ,binary,iclr_metareview,0.0,reviewertoo_metareviewer,0,1.0
iclr_metareview_6L8fgclOTS,binary,iclr_metareview,1.0,reviewertoo_metareviewer,0,1.0
iclr_metareview_6LA7KDjNsy,binary,iclr_metareview,1.0,reviewertoo_metareviewer,0,1.0
iclr_metareview_6P5sAycAQr,binary,iclr_metareview,0.0,reviewertoo_metareviewer,0,1.0
iclr_metareview_6PgOtwaEF8,binary,iclr_metareview,0.0,reviewertoo_metareviewer,0,1.0
iclr_metareview_6QMQGi9iw9,binary,iclr_metareview,0.0,reviewertoo_metareviewer,0,1.0
iclr_metareview_6SjmpmVKS2,binary,iclr_metareview,0.0,reviewertoo_metareviewer,0,0.0
iclr_metareview_6VnyYkg37h,binary,iclr_metareview,0.0,reviewertoo_metareviewer,0,1.0
iclr_metareview_6XdT4NuIMz,binary,iclr_metareview,0.0,reviewertoo_metareviewer,0,0.0
iclr_metareview_6YMFsGFabM,binary,iclr_metareview,0.0,reviewertoo_metareviewer,0,1.0
iclr_metareview_6YeKgVm0Vo,binary,iclr_metareview,0.0,reviewertoo_metareviewer,0,1.0
iclr_metareview_6Yl5BJoRJB,binary,iclr_metareview,0.0,reviewertoo_metareviewer,0,0.0
iclr_metareview_6ZZzta9lRx,binary,iclr_metareview,0.0,reviewertoo_metareviewer,0,1.0
iclr_metareview_6ZfviSf3Mu,binary,iclr_metareview,0.0,reviewertoo_metareviewer,0,0.0
iclr_metareview_6ZietpbPoB,binary,iclr_metareview,1.0,reviewertoo_metareviewer,0,1.0
iclr_metareview_6bthH14pD8,binary,iclr_metareview,1.0,reviewertoo_metareviewer,0,0.0
iclr_metareview_6cous6OGUL,binary,iclr_metareview,0.0,reviewertoo_metareviewer,0,1.0
iclr_metareview_6dKwqnT7bu,binary,iclr_metareview,0.0,reviewertoo_metareviewer,0,0.0
iclr_metareview_6dOGGKK0p6,binary,iclr_metareview,1.0,reviewertoo_metareviewer,0,0.0
iclr_metareview_6ekx5J6mnK,binary,iclr_metareview,0.0,reviewertoo_metareviewer,0,1.0
iclr_metareview_6hA88VcPsE,binary,iclr_metareview,0.0,reviewertoo_metareviewer,0,0.0
iclr_metareview_6hZAo6fZvJ,binary,iclr_metareview,1.0,reviewertoo_metareviewer,0,1.0
iclr_metareview_6hudf7aLUL,binary,iclr_metareview,0.0,reviewertoo_metareviewer,0,1.0
iclr_metareview_6i6cuKURtr,binary,iclr_metareview,0.0,reviewertoo_metareviewer,0,0.0
iclr_metareview_6iIXcxQ62F,binary,iclr_metareview,0.0,reviewertoo_metareviewer,0,0.0
iclr_metareview_6lEjX1getx,binary,iclr_metareview,1.0,reviewertoo_metareviewer,0,0.0
iclr_metareview_6lH1XblLpo,binary,iclr_metareview,1.0,reviewertoo_metareviewer,0,1.0
iclr_metareview_6nDLYtvaxu,binary,iclr_metareview,0.0,reviewertoo_metareviewer,0,1.0
iclr_metareview_6nDj75cbgH,binary,iclr_metareview,0.0,reviewertoo_metareviewer,0,1.0
iclr_metareview_6pU5ZZMHht,binary,iclr_metareview,0.0,reviewertoo_metareviewer,0,1.0
iclr_metareview_6rCsaBOQON,binary,iclr_metareview,0.0,reviewertoo_metareviewer,0,1.0
iclr_metareview_6rvpzYGNOn,binary,iclr_metareview,0.0,reviewertoo_metareviewer,0,1.0
iclr_metareview_6rz7VyAatm,binary,iclr_metareview,0.0,reviewertoo_metareviewer,0,1.0
iclr_metareview_6tBzNj9CQK,binary,iclr_metareview,0.0,reviewertoo_metareviewer,0,0.0
iclr_metareview_6tx4BGjwJP,binary,iclr_metareview,1.0,reviewertoo_metareviewer,0,1.0
iclr_metareview_6wrRfsydO0,binary,iclr_metareview,0.0,reviewertoo_metareviewer,0,0.0
iclr_metareview_6xQfjJxija,binary,iclr_metareview,0.0,reviewertoo_metareviewer,0,0.0
iclr_metareview_6ycBM1nsS3,binary,iclr_metareview,1.0,reviewertoo_metareviewer,0,1.0
iclr_metareview_6zYv52WeQD,binary,iclr_metareview,0.0,reviewertoo_metareviewer,0,0.0
iclr_metareview_701tjQXWVk,binary,iclr_metareview,1.0,reviewertoo_metareviewer,0,1.0
iclr_metareview_70fI4ptT4b,binary,iclr_metareview,0.0,reviewertoo_metareviewer,0,0.0
iclr_metareview_70lFIQG5OB,binary,iclr_metareview,1.0,reviewertoo_metareviewer,0,1.0
iclr_metareview_70n4clRSTj,binary,iclr_metareview,0.0,reviewertoo_metareviewer,0,0.0
iclr_metareview_7133LhmfQx,binary,iclr_metareview,0.0,reviewertoo_metareviewer,0,1.0
iclr_metareview_72TdQJ4kkM,binary,iclr_metareview,0.0,reviewertoo_metareviewer,0,0.0
iclr_metareview_738HjJEbml,binary,iclr_metareview,1.0,reviewertoo_metareviewer,0,0.0
iclr_metareview_750tza3sGf,binary,iclr_metareview,1.0,reviewertoo_metareviewer,0,0.0
iclr_metareview_75YPEsknhT,binary,iclr_metareview,0.0,reviewertoo_metareviewer,0,1.0
iclr_metareview_75ce9hnKne,binary,iclr_metareview,1.0,reviewertoo_metareviewer,0,0.0
iclr_metareview_771P34sqnn,binary,iclr_metareview,0.0,reviewertoo_metareviewer,0,1.0
iclr_metareview_77VCQs9VSU,binary,iclr_metareview,0.0,reviewertoo_metareviewer,0,1.0
iclr_metareview_78zWToSUKj,binary,iclr_metareview,0.0,reviewertoo_metareviewer,0,1.0
iclr_metareview_79BOATBal9,binary,iclr_metareview,1.0,reviewertoo_metareviewer,0,0.0
iclr_metareview_79kf2XxW5p,binary,iclr_metareview,0.0,reviewertoo_metareviewer,0,1.0
iclr_metareview_79uLTCNMpJ,binary,iclr_metareview,0.0,reviewertoo_metareviewer,0,1.0
iclr_metareview_79uRpJkbxq,binary,iclr_metareview,0.0,reviewertoo_metareviewer,0,0.0
iclr_metareview_7AXP2RYw2N,binary,iclr_metareview,0.0,reviewertoo_metareviewer,0,0.0
iclr_metareview_7BLnSeWuei,binary,iclr_metareview,1.0,reviewertoo_metareviewer,0,0.0
iclr_metareview_7BZuePfFci,binary,iclr_metareview,0.0,reviewertoo_metareviewer,0,0.0
iclr_metareview_7CAvzaRUkH,binary,iclr_metareview,0.0,reviewertoo_metareviewer,0,1.0
iclr_metareview_7CFlXvCoN6,binary,iclr_metareview,1.0,reviewertoo_metareviewer,0,0.0
iclr_metareview_7CyXgo9tys,binary,iclr_metareview,0.0,reviewertoo_metareviewer,0,0.0
iclr_metareview_7DXEF4xHt3,binary,iclr_metareview,0.0,reviewertoo_metareviewer,0,1.0
iclr_metareview_7EUYamNuJ9,binary,iclr_metareview,0.0,reviewertoo_metareviewer,0,0.0
iclr_metareview_7G0L4cj452,binary,iclr_metareview,1.0,reviewertoo_metareviewer,0,1.0
iclr_metareview_7Izu4XMELq,binary,iclr_metareview,0.0,reviewertoo_metareviewer,0,1.0
iclr_metareview_7J6vv6UjFN,binary,iclr_metareview,0.0,reviewertoo_metareviewer,0,1.0
iclr_metareview_7JT8yIPELM,binary,iclr_metareview,0.0,reviewertoo_metareviewer,0,1.0
iclr_metareview_7L7kmHHfgf,binary,iclr_metareview,1.0,reviewertoo_metareviewer,0,1.0
iclr_metareview_7LG9YBnadZ,binary,iclr_metareview,0.0,reviewertoo_metareviewer,0,1.0
iclr_metareview_7Mbz5uSf2J,binary,iclr_metareview,1.0,reviewertoo_metareviewer,0,1.0
iclr_metareview_7PORoDlSS4,binary,iclr_metareview,1.0,reviewertoo_metareviewer,0,1.0
iclr_metareview_7QFf05KrOm,binary,iclr_metareview,1.0,reviewertoo_metareviewer,0,1.0
iclr_metareview_7QVxGhSPYy,binary,iclr_metareview,0.0,reviewertoo_metareviewer,0,1.0
iclr_metareview_7SUUW2P9lK,binary,iclr_metareview,0.0,reviewertoo_metareviewer,0,0.0
iclr_metareview_7SfrmVTbM0,binary,iclr_metareview,0.0,reviewertoo_metareviewer,0,1.0
iclr_metareview_7TlCUD2tQI,binary,iclr_metareview,0.0,reviewertoo_metareviewer,0,1.0
iclr_metareview_7VhSEqDzSt,binary,iclr_metareview,0.0,reviewertoo_metareviewer,0,0.0
iclr_metareview_7Vy620t0gt,binary,iclr_metareview,0.0,reviewertoo_metareviewer,0,0.0
iclr_metareview_7WPJ0EgPdW,binary,iclr_metareview,1.0,reviewertoo_metareviewer,0,1.0
iclr_metareview_7XonwHRkTS,binary,iclr_metareview,0.0,reviewertoo_metareviewer,0,0.0
iclr_metareview_7Y0LJSLPR3,binary,iclr_metareview,0.0,reviewertoo_metareviewer,0,0.0
iclr_metareview_7ZD9fSljxY,binary,iclr_metareview,0.0,reviewertoo_metareviewer,0,0.0
iclr_metareview_7Zbe5ad3eX,binary,iclr_metareview,1.0,reviewertoo_metareviewer,0,0.0
iclr_metareview_7Zpoa9OhcM,binary,iclr_metareview,0.0,reviewertoo_metareviewer,0,1.0
iclr_metareview_7ZqFjYzInJ,binary,iclr_metareview,0.0,reviewertoo_metareviewer,0,0.0
iclr_metareview_7bHOEJZas9,binary,iclr_metareview,0.0,reviewertoo_metareviewer,0,0.0
iclr_metareview_7bHjHAOXH9,binary,iclr_metareview,1.0,reviewertoo_metareviewer,0,1.0
iclr_metareview_7bv3jLhlYZ,binary,iclr_metareview,1.0,reviewertoo_metareviewer,0,0.0
iclr_metareview_7cHhcrbr6x,binary,iclr_metareview,1.0,reviewertoo_metareviewer,0,1.0
iclr_metareview_7cMzTpbJHC,binary,iclr_metareview,1.0,reviewertoo_metareviewer,0,1.0
iclr_metareview_7cecAmjinr,binary,iclr_metareview,0.0,reviewertoo_metareviewer,0,0.0
iclr_metareview_7cnEibp9EO,binary,iclr_metareview,0.0,reviewertoo_metareviewer,0,0.0
iclr_metareview_7h2jWhnB2e,binary,iclr_metareview,0.0,reviewertoo_metareviewer,0,0.0
iclr_metareview_7hGtDCRgDx,binary,iclr_metareview,0.0,reviewertoo_metareviewer,0,0.0
iclr_metareview_7iFZ6uzILL,binary,iclr_metareview,0.0,reviewertoo_metareviewer,0,0.0
iclr_metareview_7iSiN20DO4,binary,iclr_metareview,0.0,reviewertoo_metareviewer,0,0.0
iclr_metareview_7kLNGaAHaw,binary,iclr_metareview,1.0,reviewertoo_metareviewer,0,0.0
iclr_metareview_7kiL7mNrxG,binary,iclr_metareview,0.0,reviewertoo_metareviewer,0,1.0
iclr_metareview_7lgQernr2Z,binary,iclr_metareview,1.0,reviewertoo_metareviewer,0,1.0
iclr_metareview_7m2Dqz9g05,binary,iclr_metareview,1.0,reviewertoo_metareviewer,0,1.0
iclr_metareview_7mVZy4mI1J,binary,iclr_metareview,0.0,reviewertoo_metareviewer,0,1.0
iclr_metareview_7mmnP3o1Hw,binary,iclr_metareview,0.0,reviewertoo_metareviewer,0,1.0
iclr_metareview_7oxC9rrM4X,binary,iclr_metareview,0.0,reviewertoo_metareviewer,0,0.0
iclr_metareview_7ruA2rXG42,binary,iclr_metareview,0.0,reviewertoo_metareviewer,0,0.0
iclr_metareview_7tAfOGcqz8,binary,iclr_metareview,0.0,reviewertoo_metareviewer,0,0.0
iclr_metareview_7tIrPuZRVH,binary,iclr_metareview,0.0,reviewertoo_metareviewer,0,1.0
iclr_metareview_7tQmmIlNsK,binary,iclr_metareview,0.0,reviewertoo_metareviewer,0,0.0
iclr_metareview_7wjFjOzCtB,binary,iclr_metareview,1.0,reviewertoo_metareviewer,0,1.0
iclr_metareview_7y9IKjl8dt,binary,iclr_metareview,0.0,reviewertoo_metareviewer,0,1.0
iclr_metareview_7zJThFXtxz,binary,iclr_metareview,0.0,reviewertoo_metareviewer,0,1.0
iclr_metareview_80rSu6iYo0,binary,iclr_metareview,0.0,reviewertoo_metareviewer,0,0.0
iclr_metareview_80vdaC5DsD,binary,iclr_metareview,1.0,reviewertoo_metareviewer,0,1.0
iclr_metareview_80vjyj5o7l,binary,iclr_metareview,1.0,reviewertoo_metareviewer,0,0.0
iclr_metareview_81RoHr6g8f,binary,iclr_metareview,0.0,reviewertoo_metareviewer,0,0.0
iclr_metareview_82IUMx3yRJ,binary,iclr_metareview,0.0,reviewertoo_metareviewer,0,1.0
iclr_metareview_83F6YF4Hz6,binary,iclr_metareview,1.0,reviewertoo_metareviewer,0,0.0
iclr_metareview_84Av9JbTrM,binary,iclr_metareview,0.0,reviewertoo_metareviewer,0,0.0
iclr_metareview_864JMkftMo,binary,iclr_metareview,0.0,reviewertoo_metareviewer,0,1.0
iclr_metareview_86O8GiJQWA,binary,iclr_metareview,0.0,reviewertoo_metareviewer,0,1.0
iclr_metareview_87nlsvruui,binary,iclr_metareview,0.0,reviewertoo_metareviewer,0,0.0
iclr_metareview_87ySF7viys,binary,iclr_metareview,1.0,reviewertoo_metareviewer,0,0.0
iclr_metareview_887vde4ZAW,binary,iclr_metareview,1.0,reviewertoo_metareviewer,0,1.0
iclr_metareview_88RKxlFUNY,binary,iclr_metareview,1.0,reviewertoo_metareviewer,0,0.0
iclr_metareview_89RGVbULYt,binary,iclr_metareview,0.0,reviewertoo_metareviewer,0,0.0
iclr_metareview_8As5b8t83k,binary,iclr_metareview,0.0,reviewertoo_metareviewer,0,1.0
iclr_metareview_8Bk0AMtyKf,binary,iclr_metareview,0.0,reviewertoo_metareviewer,0,0.0
iclr_metareview_8DBHkEe0sm,binary,iclr_metareview,0.0,reviewertoo_metareviewer,0,0.0
iclr_metareview_8DrZ0PHd94,binary,iclr_metareview,0.0,reviewertoo_metareviewer,0,1.0
iclr_metareview_8DxZUqYZ51,binary,iclr_metareview,0.0,reviewertoo_metareviewer,0,0.0
iclr_metareview_8F9aMllvWm,binary,iclr_metareview,0.0,reviewertoo_metareviewer,0,0.0
iclr_metareview_8Fm6OKFuRv,binary,iclr_metareview,0.0,reviewertoo_metareviewer,0,0.0
iclr_metareview_8HZzPtMcZo,binary,iclr_metareview,0.0,reviewertoo_metareviewer,0,0.0
iclr_metareview_8I8NNAcosC,binary,iclr_metareview,0.0,reviewertoo_metareviewer,0,0.0
iclr_metareview_8IsxSZ4CRW,binary,iclr_metareview,0.0,reviewertoo_metareviewer,0,0.0
iclr_metareview_8J3GTeQmwl,binary,iclr_metareview,1.0,reviewertoo_metareviewer,0,1.0
iclr_metareview_8JgaMrEw52,binary,iclr_metareview,0.0,reviewertoo_metareviewer,0,1.0
iclr_metareview_8LqHs0KIM7,binary,iclr_metareview,1.0,reviewertoo_metareviewer,0,1.0
iclr_metareview_8N7vPCQ7IQ,binary,iclr_metareview,0.0,reviewertoo_metareviewer,0,0.0
iclr_metareview_8NXCwNjFNR,binary,iclr_metareview,1.0,reviewertoo_metareviewer,0,0.0
iclr_metareview_8NdXdmWqgD,binary,iclr_metareview,0.0,reviewertoo_metareviewer,0,0.0
iclr_metareview_8NuN5UzXLC,binary,iclr_metareview,1.0,reviewertoo_metareviewer,0,1.0
iclr_metareview_8QLgyh1vHQ,binary,iclr_metareview,0.0,reviewertoo_metareviewer,0,1.0
iclr_metareview_8Si90C3Yxd,binary,iclr_metareview,0.0,reviewertoo_metareviewer,0,1.0
iclr_metareview_8U6IFKnzmD,binary,iclr_metareview,0.0,reviewertoo_metareviewer,0,1.0
iclr_metareview_8USxc43D3I,binary,iclr_metareview,1.0,reviewertoo_metareviewer,0,1.0
iclr_metareview_8UZpmrxoLG,binary,iclr_metareview,1.0,reviewertoo_metareviewer,0,0.0
iclr_metareview_8VSrk2CaBr,binary,iclr_metareview,1.0,reviewertoo_metareviewer,0,0.0
iclr_metareview_8XFPhByERc,binary,iclr_metareview,1.0,reviewertoo_metareviewer,0,0.0
iclr_metareview_8ZQ0HjBOEc,binary,iclr_metareview,0.0,reviewertoo_metareviewer,0,0.0
iclr_metareview_8aT5yt8Vmt,binary,iclr_metareview,0.0,reviewertoo_metareviewer,0,1.0
iclr_metareview_8cwaRXwpFf,binary,iclr_metareview,0.0,reviewertoo_metareviewer,0,0.0
iclr_metareview_8dWiSr6G4q,binary,iclr_metareview,0.0,reviewertoo_metareviewer,0,0.0
iclr_metareview_8fV7jcTngH,binary,iclr_metareview,0.0,reviewertoo_metareviewer,0,0.0
iclr_metareview_8fViWZ0yZJ,binary,iclr_metareview,1.0,reviewertoo_metareviewer,0,1.0
iclr_metareview_8gJuTTY12B,binary,iclr_metareview,0.0,reviewertoo_metareviewer,0,0.0
iclr_metareview_8gLxqsb0pH,binary,iclr_metareview,0.0,reviewertoo_metareviewer,0,1.0
iclr_metareview_8gMcFfhyv6,binary,iclr_metareview,0.0,reviewertoo_metareviewer,0,1.0
iclr_metareview_8hkf29PXCn,binary,iclr_metareview,0.0,reviewertoo_metareviewer,0,1.0
iclr_metareview_8lHWG9Isnc,binary,iclr_metareview,0.0,reviewertoo_metareviewer,0,0.0
iclr_metareview_8mQqCCxKZa,binary,iclr_metareview,0.0,reviewertoo_metareviewer,0,0.0
iclr_metareview_8nGPP5WQS1,binary,iclr_metareview,0.0,reviewertoo_metareviewer,0,0.0
iclr_metareview_8nSJP4Z9oD,binary,iclr_metareview,0.0,reviewertoo_metareviewer,0,0.0
iclr_metareview_8o4t5DHaE1,binary,iclr_metareview,1.0,reviewertoo_metareviewer,0,0.0
iclr_metareview_8oRi7CEj6A,binary,iclr_metareview,0.0,reviewertoo_metareviewer,0,1.0
iclr_metareview_8pX8He3Yyg,binary,iclr_metareview,0.0,reviewertoo_metareviewer,0,1.0
iclr_metareview_8qFOfUAMWI,binary,iclr_metareview,0.0,reviewertoo_metareviewer,0,0.0
iclr_metareview_8qboalnjVZ,binary,iclr_metareview,0.0,reviewertoo_metareviewer,0,0.0
iclr_metareview_8sggKfEtSQ,binary,iclr_metareview,0.0,reviewertoo_metareviewer,0,0.0
iclr_metareview_8t5TlFzUAU,binary,iclr_metareview,0.0,reviewertoo_metareviewer,0,1.0
iclr_metareview_8uDMAU9K2S,binary,iclr_metareview,0.0,reviewertoo_metareviewer,0,0.0
iclr_metareview_8xcmfwomnI,binary,iclr_metareview,0.0,reviewertoo_metareviewer,0,0.0
iclr_metareview_9050ZOHwxV,binary,iclr_metareview,0.0,reviewertoo_metareviewer,0,0.0
iclr_metareview_90mRxCvkmf,binary,iclr_metareview,0.0,reviewertoo_metareviewer,0,1.0
iclr_metareview_90tCp2KszA,binary,iclr_metareview,1.0,reviewertoo_metareviewer,0,1.0
iclr_metareview_91jL62CQF1,binary,iclr_metareview,0.0,reviewertoo_metareviewer,0,0.0
iclr_metareview_92d74WdgtG,binary,iclr_metareview,1.0,reviewertoo_metareviewer,0,1.0
iclr_metareview_95sD6KKq51,binary,iclr_metareview,1.0,reviewertoo_metareviewer,0,1.0
iclr_metareview_9664No4ulo,binary,iclr_metareview,0.0,reviewertoo_metareviewer,0,0.0
iclr_metareview_96DTvuYq4h,binary,iclr_metareview,1.0,reviewertoo_metareviewer,0,1.0
iclr_metareview_96fJALwotm,binary,iclr_metareview,1.0,reviewertoo_metareviewer,0,1.0
iclr_metareview_97I1bSklIk,binary,iclr_metareview,0.0,reviewertoo_metareviewer,0,1.0
iclr_metareview_99QW2hvwd0,binary,iclr_metareview,0.0,reviewertoo_metareviewer,0,0.0
iclr_metareview_9A2etpDFIB,binary,iclr_metareview,1.0,reviewertoo_metareviewer,0,0.0
iclr_metareview_9AA27en4go,binary,iclr_metareview,1.0,reviewertoo_metareviewer,0,1.0
iclr_metareview_9BrQAIH1dS,binary,iclr_metareview,0.0,reviewertoo_metareviewer,0,0.0
iclr_metareview_9D1NpyX5fu,binary,iclr_metareview,0.0,reviewertoo_metareviewer,0,1.0
iclr_metareview_9DkxFe4sEZ,binary,iclr_metareview,0.0,reviewertoo_metareviewer,0,0.0
iclr_metareview_9G7AbBrd27,binary,iclr_metareview,1.0,reviewertoo_metareviewer,0,1.0
iclr_metareview_9HSvvFH3ga,binary,iclr_metareview,0.0,reviewertoo_metareviewer,0,0.0
iclr_metareview_9HhZ60LbVV,binary,iclr_metareview,0.0,reviewertoo_metareviewer,0,1.0
iclr_metareview_9J1wikUlHY,binary,iclr_metareview,0.0,reviewertoo_metareviewer,0,0.0
iclr_metareview_9LFvRkJwtV,binary,iclr_metareview,0.0,reviewertoo_metareviewer,0,0.0
iclr_metareview_9NBQ4wPP4w,binary,iclr_metareview,0.0,reviewertoo_metareviewer,0,0.0
iclr_metareview_9OUg0nJE72,binary,iclr_metareview,1.0,reviewertoo_metareviewer,0,1.0
iclr_metareview_9Pba4rcQbE,binary,iclr_metareview,1.0,reviewertoo_metareviewer,0,0.0
iclr_metareview_9PpLnRAZjN,binary,iclr_metareview,0.0,reviewertoo_metareviewer,0,0.0
iclr_metareview_9RJCpcWU9G,binary,iclr_metareview,0.0,reviewertoo_metareviewer,0,0.0
iclr_metareview_9RyRIyzgT5,binary,iclr_metareview,1.0,reviewertoo_metareviewer,0,1.0
iclr_metareview_9T9cxAK7ac,binary,iclr_metareview,0.0,reviewertoo_metareviewer,0,0.0
iclr_metareview_9U51rOnGko,binary,iclr_metareview,1.0,reviewertoo_metareviewer,0,0.0
iclr_metareview_9Ug3gHa9nL,binary,iclr_metareview,0.0,reviewertoo_metareviewer,0,1.0
iclr_metareview_9VWeXhINgq,binary,iclr_metareview,0.0,reviewertoo_metareviewer,0,0.0
iclr_metareview_9WJzHN4lLy,binary,iclr_metareview,0.0,reviewertoo_metareviewer,0,0.0
iclr_metareview_9X2NfyZpR2,binary,iclr_metareview,0.0,reviewertoo_metareviewer,0,1.0
iclr_metareview_9Y7L5VeV4Z,binary,iclr_metareview,0.0,reviewertoo_metareviewer,0,0.0
iclr_metareview_9YgkKSiMqz,binary,iclr_metareview,0.0,reviewertoo_metareviewer,0,0.0
iclr_metareview_9cnmFpWft0,binary,iclr_metareview,0.0,reviewertoo_metareviewer,0,0.0
iclr_metareview_9g7UXLqD4B,binary,iclr_metareview,0.0,reviewertoo_metareviewer,0,1.0
iclr_metareview_9glgMTTZb9,binary,iclr_metareview,0.0,reviewertoo_metareviewer,0,0.0
iclr_metareview_9i3PS60x4z,binary,iclr_metareview,0.0,reviewertoo_metareviewer,0,0.0
iclr_metareview_9jcB40wjk3,binary,iclr_metareview,1.0,reviewertoo_metareviewer,0,0.0
iclr_metareview_9ktF3pwXi8,binary,iclr_metareview,0.0,reviewertoo_metareviewer,0,0.0
iclr_metareview_9lycwRxAOI,binary,iclr_metareview,1.0,reviewertoo_metareviewer,0,1.0
iclr_metareview_9pZhYkf80k,binary,iclr_metareview,0.0,reviewertoo_metareviewer,0,1.0
iclr_metareview_9qOF3zgVfa,binary,iclr_metareview,0.0,reviewertoo_metareviewer,0,1.0
iclr_metareview_9qQ5mabsCE,binary,iclr_metareview,0.0,reviewertoo_metareviewer,0,0.0
iclr_metareview_9rjvqK7kqx,binary,iclr_metareview,0.0,reviewertoo_metareviewer,0,1.0
iclr_metareview_9u375F60RU,binary,iclr_metareview,0.0,reviewertoo_metareviewer,0,0.0
iclr_metareview_9vlS8PSGG7,binary,iclr_metareview,1.0,reviewertoo_metareviewer,0,0.0
iclr_metareview_9xcvEF2BRi,binary,iclr_metareview,1.0,reviewertoo_metareviewer,0,1.0
iclr_metareview_9y2IyqaWxs,binary,iclr_metareview,0.0,reviewertoo_metareviewer,0,0.0
iclr_metareview_9z9mgVpXyE,binary,iclr_metareview,0.0,reviewertoo_metareviewer,0,0.0
iclr_metareview_9zYab4QELy,binary,iclr_metareview,0.0,reviewertoo_metareviewer,0,1.0
iclr_metareview_A0D9jUo8gm,binary,iclr_metareview,0.0,reviewertoo_metareviewer,0,0.0
iclr_metareview_A0UAQhKfAY,binary,iclr_metareview,0.0,reviewertoo_metareviewer,0,1.0
iclr_metareview_A0kvufiUAU,binary,iclr_metareview,0.0,reviewertoo_metareviewer,0,1.0
iclr_metareview_A2FvWrV4o4,binary,iclr_metareview,0.0,reviewertoo_metareviewer,0,0.0
iclr_metareview_A35w0pornd,binary,iclr_metareview,0.0,reviewertoo_metareviewer,0,1.0
iclr_metareview_A5YyXBg79E,binary,iclr_metareview,0.0,reviewertoo_metareviewer,0,1.0
iclr_metareview_A5z9VkfTIo,binary,iclr_metareview,0.0,reviewertoo_metareviewer,0,0.0
iclr_metareview_A7v4VgOf3Y,binary,iclr_metareview,0.0,reviewertoo_metareviewer,0,0.0
iclr_metareview_A8ez8ThZWq,binary,iclr_metareview,0.0,reviewertoo_metareviewer,0,1.0
iclr_metareview_A8tt0dTYCC,binary,iclr_metareview,0.0,reviewertoo_metareviewer,0,1.0
iclr_metareview_AAJMQ0XmhQ,binary,iclr_metareview,0.0,reviewertoo_metareviewer,0,1.0
iclr_metareview_AAqeYdGdn2,binary,iclr_metareview,1.0,reviewertoo_metareviewer,0,1.0
iclr_metareview_AAxoilVBgp,binary,iclr_metareview,0.0,reviewertoo_metareviewer,0,1.0
iclr_metareview_ABjaSsrYPD,binary,iclr_metareview,1.0,reviewertoo_metareviewer,0,1.0
iclr_metareview_ACkxqOJJyj,binary,iclr_metareview,0.0,reviewertoo_metareviewer,0,1.0
iclr_metareview_ADLiUSC7Qm,binary,iclr_metareview,1.0,reviewertoo_metareviewer,0,0.0
iclr_metareview_ADeeoMY4Dn,binary,iclr_metareview,0.0,reviewertoo_metareviewer,0,1.0
iclr_metareview_AE3jd3Ro0w,binary,iclr_metareview,0.0,reviewertoo_metareviewer,0,1.0
iclr_metareview_AEKji3PwD9,binary,iclr_metareview,0.0,reviewertoo_metareviewer,0,0.0
iclr_metareview_AEgyitdRWf,binary,iclr_metareview,0.0,reviewertoo_metareviewer,0,0.0
iclr_metareview_AEmT5CxK4N,binary,iclr_metareview,0.0,reviewertoo_metareviewer,0,0.0
iclr_metareview_AGJomYSrUG,binary,iclr_metareview,1.0,reviewertoo_metareviewer,0,0.0
iclr_metareview_AGOUFfHYnX,binary,iclr_metareview,0.0,reviewertoo_metareviewer,0,0.0
iclr_metareview_AGVH53xu2n,binary,iclr_metareview,0.0,reviewertoo_metareviewer,0,0.0
iclr_metareview_AGWa8whf92,binary,iclr_metareview,1.0,reviewertoo_metareviewer,0,1.0
iclr_metareview_AH3yWSAAfA,binary,iclr_metareview,0.0,reviewertoo_metareviewer,0,1.0
iclr_metareview_AIKURJjxXT,binary,iclr_metareview,0.0,reviewertoo_metareviewer,0,0.0
iclr_metareview_AIONsRr6n7,binary,iclr_metareview,0.0,reviewertoo_metareviewer,0,1.0
iclr_metareview_AKXeom7KH5,binary,iclr_metareview,0.0,reviewertoo_metareviewer,0,1.0
iclr_metareview_ALJsIAmO54,binary,iclr_metareview,0.0,reviewertoo_metareviewer,0,1.0
iclr_metareview_ANH044Wdje,binary,iclr_metareview,1.0,reviewertoo_metareviewer,0,1.0
iclr_metareview_ANkm27vNuk,binary,iclr_metareview,1.0,reviewertoo_metareviewer,0,1.0
iclr_metareview_ANknPNy4ta,binary,iclr_metareview,0.0,reviewertoo_metareviewer,0,1.0
iclr_metareview_AOUa1Ae9qg,binary,iclr_metareview,0.0,reviewertoo_metareviewer,0,0.0
iclr_metareview_APgSIyWZT7,binary,iclr_metareview,0.0,reviewertoo_metareviewer,0,1.0
iclr_metareview_ARDsBYnarO,binary,iclr_metareview,0.0,reviewertoo_metareviewer,0,0.0
iclr_metareview_ASzmchacx7,binary,iclr_metareview,0.0,reviewertoo_metareviewer,0,0.0
iclr_metareview_AT7hCh6HB7,binary,iclr_metareview,1.0,reviewertoo_metareviewer,0,1.0
iclr_metareview_AUwGwHmO7a,binary,iclr_metareview,0.0,reviewertoo_metareviewer,0,0.0
iclr_metareview_AWSVzzhbr7,binary,iclr_metareview,1.0,reviewertoo_metareviewer,0,1.0
iclr_metareview_AWv0mlCeUk,binary,iclr_metareview,0.0,reviewertoo_metareviewer,0,1.0
iclr_metareview_AYtAttCH5F,binary,iclr_metareview,0.0,reviewertoo_metareviewer,0,0.0
iclr_metareview_AZl4sTVDCC,binary,iclr_metareview,0.0,reviewertoo_metareviewer,0,1.0
iclr_metareview_AaMB3SFmBy,binary,iclr_metareview,0.0,reviewertoo_metareviewer,0,0.0
iclr_metareview_AbEpaD30zV,binary,iclr_metareview,0.0,reviewertoo_metareviewer,0,0.0
iclr_metareview_Abc7drPNDu,binary,iclr_metareview,0.0,reviewertoo_metareviewer,0,0.0
iclr_metareview_AcDx2tUZPb,binary,iclr_metareview,1.0,reviewertoo_metareviewer,0,1.0
iclr_metareview_AcTsKglDdh,binary,iclr_metareview,1.0,reviewertoo_metareviewer,0,1.0
iclr_metareview_AcUIAHJ7Cl,binary,iclr_metareview,0.0,reviewertoo_metareviewer,0,1.0
iclr_metareview_AdGzzS6NeH,binary,iclr_metareview,0.0,reviewertoo_metareviewer,0,0.0
iclr_metareview_Ae4eZpkXBX,binary,iclr_metareview,1.0,reviewertoo_metareviewer,0,1.0
iclr_metareview_AeX6ZL8KY3,binary,iclr_metareview,0.0,reviewertoo_metareviewer,0,1.0
iclr_metareview_AevtlE4Isk,binary,iclr_metareview,0.0,reviewertoo_metareviewer,0,0.0
iclr_metareview_AgZr1UEoQI,binary,iclr_metareview,0.0,reviewertoo_metareviewer,0,1.0
iclr_metareview_AjaicwLUmj,binary,iclr_metareview,0.0,reviewertoo_metareviewer,0,0.0
iclr_metareview_Anv4gdNFaL,binary,iclr_metareview,1.0,reviewertoo_metareviewer,0,0.0
iclr_metareview_AoW258kyXp,binary,iclr_metareview,0.0,reviewertoo_metareviewer,0,0.0
iclr_metareview_AryG8SZxUa,binary,iclr_metareview,0.0,reviewertoo_metareviewer,0,1.0
iclr_metareview_At8fNDHiWw,binary,iclr_metareview,0.0,reviewertoo_metareviewer,0,0.0
iclr_metareview_Au1UC2lgGR,binary,iclr_metareview,0.0,reviewertoo_metareviewer,0,0.0
iclr_metareview_AufVSUgMUo,binary,iclr_metareview,1.0,reviewertoo_metareviewer,0,0.0
iclr_metareview_Ax02eR2c3d,binary,iclr_metareview,1.0,reviewertoo_metareviewer,0,0.0
iclr_metareview_AyJPSnE1bq,binary,iclr_metareview,1.0,reviewertoo_metareviewer,0,1.0
iclr_metareview_AyX26Srw0r,binary,iclr_metareview,0.0,reviewertoo_metareviewer,0,1.0
iclr_metareview_AzHK6ummZ1,binary,iclr_metareview,0.0,reviewertoo_metareviewer,0,0.0
iclr_metareview_AzbqTZAfvW,binary,iclr_metareview,0.0,reviewertoo_metareviewer,0,1.0
iclr_metareview_Azgxj7ZGCX,binary,iclr_metareview,1.0,reviewertoo_metareviewer,0,0.0
iclr_metareview_B0C0bt2R7l,binary,iclr_metareview,0.0,reviewertoo_metareviewer,0,1.0
iclr_metareview_B0LBNJyEkO,binary,iclr_metareview,0.0,reviewertoo_metareviewer,0,1.0
iclr_metareview_B0W5XcWNSl,binary,iclr_metareview,0.0,reviewertoo_metareviewer,0,0.0
iclr_metareview_B1pHQZS5LO,binary,iclr_metareview,0.0,reviewertoo_metareviewer,0,1.0
iclr_metareview_B2FQwbyxIZ,binary,iclr_metareview,0.0,reviewertoo_metareviewer,0,1.0
iclr_metareview_B2HF0p2ZaT,binary,iclr_metareview,0.0,reviewertoo_metareviewer,0,0.0
iclr_metareview_B4YEuDpdIL,binary,iclr_metareview,0.0,reviewertoo_metareviewer,0,0.0
iclr_metareview_B4zcoLvjw0,binary,iclr_metareview,1.0,reviewertoo_metareviewer,0,0.0
iclr_metareview_B5NEdEQH1K,binary,iclr_metareview,0.0,reviewertoo_metareviewer,0,0.0
iclr_metareview_B5w4bh1ryU,binary,iclr_metareview,0.0,reviewertoo_metareviewer,0,0.0
iclr_metareview_B7ceNt7AsQ,binary,iclr_metareview,0.0,reviewertoo_metareviewer,0,0.0
iclr_metareview_B7r8ZkBk4F,binary,iclr_metareview,0.0,reviewertoo_metareviewer,0,0.0
iclr_metareview_B8BXHrshMi,binary,iclr_metareview,1.0,reviewertoo_metareviewer,0,0.0
iclr_metareview_B8yPBPvmpj,binary,iclr_metareview,0.0,reviewertoo_metareviewer,0,1.0
iclr_metareview_B92Lzl1b3j,binary,iclr_metareview,0.0,reviewertoo_metareviewer,0,1.0
iclr_metareview_B9qYvPTbTN,binary,iclr_metareview,1.0,reviewertoo_metareviewer,0,1.0
iclr_metareview_BAwXV3Y0cc,binary,iclr_metareview,0.0,reviewertoo_metareviewer,0,1.0
iclr_metareview_BBS9057dPV,binary,iclr_metareview,0.0,reviewertoo_metareviewer,0,1.0
iclr_metareview_BBlE9cuKFa,binary,iclr_metareview,0.0,reviewertoo_metareviewer,0,1.0
iclr_metareview_BC1UkDlbB7,binary,iclr_metareview,0.0,reviewertoo_metareviewer,0,1.0
iclr_metareview_BC7YLA0zJ0,binary,iclr_metareview,1.0,reviewertoo_metareviewer,0,1.0
iclr_metareview_BDNctVKwuD,binary,iclr_metareview,0.0,reviewertoo_metareviewer,0,0.0
iclr_metareview_BDnOrExHmt,binary,iclr_metareview,1.0,reviewertoo_metareviewer,0,0.0
iclr_metareview_BEOq3YB5WM,binary,iclr_metareview,0.0,reviewertoo_metareviewer,0,1.0
iclr_metareview_BHSSV1nHvU,binary,iclr_metareview,1.0,reviewertoo_metareviewer,0,1.0
iclr_metareview_BIHsM6SZ3f,binary,iclr_metareview,1.0,reviewertoo_metareviewer,0,0.0
iclr_metareview_BIKx10q19c,binary,iclr_metareview,0.0,reviewertoo_metareviewer,0,1.0
iclr_metareview_BLYR9Fm7PI,binary,iclr_metareview,0.0,reviewertoo_metareviewer,0,1.0
iclr_metareview_BNZnqTlQjZ,binary,iclr_metareview,0.0,reviewertoo_metareviewer,0,0.0
iclr_metareview_BNrznHRILy,binary,iclr_metareview,0.0,reviewertoo_metareviewer,0,1.0
iclr_metareview_BPNK5HDEMh,binary,iclr_metareview,0.0,reviewertoo_metareviewer,0,1.0
iclr_metareview_BQUeUjahfI,binary,iclr_metareview,0.0,reviewertoo_metareviewer,0,1.0
iclr_metareview_BQfRA3tqt9,binary,iclr_metareview,0.0,reviewertoo_metareviewer,0,1.0
iclr_metareview_BTJmEqVUDF,binary,iclr_metareview,0.0,reviewertoo_metareviewer,0,1.0
iclr_metareview_BUUfUcIcfE,binary,iclr_metareview,1.0,reviewertoo_metareviewer,0,1.0
iclr_metareview_BVprkacwFY,binary,iclr_metareview,1.0,reviewertoo_metareviewer,0,1.0
iclr_metareview_BW7F2FkY6Z,binary,iclr_metareview,0.0,reviewertoo_metareviewer,0,1.0
iclr_metareview_BYtqk6AVuL,binary,iclr_metareview,1.0,reviewertoo_metareviewer,0,0.0
iclr_metareview_BZhxEZfznH,binary,iclr_metareview,0.0,reviewertoo_metareviewer,0,0.0
iclr_metareview_BZnnIeeQox,binary,iclr_metareview,1.0,reviewertoo_metareviewer,0,0.0
iclr_metareview_Bb4gp8uYXA,binary,iclr_metareview,0.0,reviewertoo_metareviewer,0,0.0
iclr_metareview_BdhQWT0y9s,binary,iclr_metareview,1.0,reviewertoo_metareviewer,0,0.0
iclr_metareview_BdlIQGetYv,binary,iclr_metareview,0.0,reviewertoo_metareviewer,0,0.0
iclr_metareview_Bf4FeuW0Mr,binary,iclr_metareview,1.0,reviewertoo_metareviewer,0,1.0
iclr_metareview_BfCwzmyaMO,binary,iclr_metareview,0.0,reviewertoo_metareviewer,0,1.0
iclr_metareview_Bfuj1qeoOU,binary,iclr_metareview,0.0,reviewertoo_metareviewer,0,0.0
iclr_metareview_BhNVSmIKln,binary,iclr_metareview,0.0,reviewertoo_metareviewer,0,0.0
iclr_metareview_BhwgsR2wpE,binary,iclr_metareview,0.0,reviewertoo_metareviewer,0,1.0
iclr_metareview_Bi7CPaOMHC,binary,iclr_metareview,0.0,reviewertoo_metareviewer,0,0.0
iclr_metareview_BiD2Vt7Np7,binary,iclr_metareview,0.0,reviewertoo_metareviewer,0,1.0
iclr_metareview_Bj4BOmgesO,binary,iclr_metareview,0.0,reviewertoo_metareviewer,0,1.0
iclr_metareview_BjL4CSNJug,binary,iclr_metareview,1.0,reviewertoo_metareviewer,0,0.0
iclr_metareview_BjWwqPE7mk,binary,iclr_metareview,1.0,reviewertoo_metareviewer,0,0.0
iclr_metareview_BjZvLXvLZW,binary,iclr_metareview,0.0,reviewertoo_metareviewer,0,1.0
iclr_metareview_BlSKgQb3Vd,binary,iclr_metareview,1.0,reviewertoo_metareviewer,0,1.0
iclr_metareview_BmkOKYfbmV,binary,iclr_metareview,0.0,reviewertoo_metareviewer,0,1.0
iclr_metareview_BoOu1X1fkT,binary,iclr_metareview,0.0,reviewertoo_metareviewer,0,1.0
iclr_metareview_BpBW4gJofo,binary,iclr_metareview,0.0,reviewertoo_metareviewer,0,0.0
iclr_metareview_BpXkl2Y5UG,binary,iclr_metareview,0.0,reviewertoo_metareviewer,0,0.0
iclr_metareview_BpxyBAMHCN,binary,iclr_metareview,0.0,reviewertoo_metareviewer,0,0.0
iclr_metareview_Bq0CAUrMCC,binary,iclr_metareview,0.0,reviewertoo_metareviewer,0,0.0
iclr_metareview_BqLGlQF46f,binary,iclr_metareview,1.0,reviewertoo_metareviewer,0,0.0
iclr_metareview_BqOmsYIe7M,binary,iclr_metareview,1.0,reviewertoo_metareviewer,0,1.0
iclr_metareview_BqyPLOkxFY,binary,iclr_metareview,1.0,reviewertoo_metareviewer,0,1.0
iclr_metareview_Br1uoB0Jiy,binary,iclr_metareview,1.0,reviewertoo_metareviewer,0,1.0
iclr_metareview_BrO4ZB6JIK,binary,iclr_metareview,0.0,reviewertoo_metareviewer,0,0.0
iclr_metareview_BshkjbSIFm,binary,iclr_metareview,0.0,reviewertoo_metareviewer,0,0.0
iclr_metareview_BtWBi17eVi,binary,iclr_metareview,1.0,reviewertoo_metareviewer,0,1.0
iclr_metareview_BtpXep9qxC,binary,iclr_metareview,0.0,reviewertoo_metareviewer,0,1.0
iclr_metareview_BvirMuKWV1,binary,iclr_metareview,1.0,reviewertoo_metareviewer,0,1.0
iclr_metareview_Bw9LCBz9KW,binary,iclr_metareview,0.0,reviewertoo_metareviewer,0,1.0
iclr_metareview_BxrhsH3uzB,binary,iclr_metareview,0.0,reviewertoo_metareviewer,0,0.0
iclr_metareview_BzeVZ63hh4,binary,iclr_metareview,0.0,reviewertoo_metareviewer,0,0.0
iclr_metareview_C0AQNXhTiY,binary,iclr_metareview,0.0,reviewertoo_metareviewer,0,1.0
iclr_metareview_C2ctBrjMpH,binary,iclr_metareview,0.0,reviewertoo_metareviewer,0,1.0
iclr_metareview_C35E46tK6T,binary,iclr_metareview,0.0,reviewertoo_metareviewer,0,0.0
iclr_metareview_C3F0G9nXhl,binary,iclr_metareview,1.0,reviewertoo_metareviewer,0,1.0
iclr_metareview_C3hIHbTRCb,binary,iclr_metareview,0.0,reviewertoo_metareviewer,0,1.0
iclr_metareview_C6WWMryELL,binary,iclr_metareview,0.0,reviewertoo_metareviewer,0,1.0
iclr_metareview_C7tCsTiaMh,binary,iclr_metareview,0.0,reviewertoo_metareviewer,0,0.0
iclr_metareview_C9LAf2tlKj,binary,iclr_metareview,0.0,reviewertoo_metareviewer,0,1.0
iclr_metareview_C9TDQ8Wwx7,binary,iclr_metareview,1.0,reviewertoo_metareviewer,0,0.0
iclr_metareview_C9p44r7o3z,binary,iclr_metareview,0.0,reviewertoo_metareviewer,0,1.0
iclr_metareview_CB9xkb2r2J,binary,iclr_metareview,0.0,reviewertoo_metareviewer,0,0.0
iclr_metareview_CBMpogQeYg,binary,iclr_metareview,0.0,reviewertoo_metareviewer,0,1.0
iclr_metareview_CBZvy8skF6,binary,iclr_metareview,0.0,reviewertoo_metareviewer,0,0.0
iclr_metareview_CDwG0Bebfo,binary,iclr_metareview,1.0,reviewertoo_metareviewer,0,1.0
iclr_metareview_CEuzrRs613,binary,iclr_metareview,0.0,reviewertoo_metareviewer,0,1.0
iclr_metareview_CF3kJrAwmV,binary,iclr_metareview,1.0,reviewertoo_metareviewer,0,1.0
iclr_metareview_CFJu2a7ohS,binary,iclr_metareview,0.0,reviewertoo_metareviewer,0,1.0
iclr_metareview_CFP6SS9B6y,binary,iclr_metareview,0.0,reviewertoo_metareviewer,0,0.0
iclr_metareview_CG2VPDZkwM,binary,iclr_metareview,0.0,reviewertoo_metareviewer,0,0.0
iclr_metareview_CGALrQfkYi,binary,iclr_metareview,0.0,reviewertoo_metareviewer,0,1.0
iclr_metareview_CHWjetQzYS,binary,iclr_metareview,0.0,reviewertoo_metareviewer,0,0.0
iclr_metareview_CHsdtzCip6,binary,iclr_metareview,1.0,reviewertoo_metareviewer,0,0.0
iclr_metareview_CHtLFyDbZp,binary,iclr_metareview,0.0,reviewertoo_metareviewer,0,1.0
iclr_metareview_CJP0DuwY01,binary,iclr_metareview,0.0,reviewertoo_metareviewer,0,0.0
iclr_metareview_CNiiO3BU0t,binary,iclr_metareview,0.0,reviewertoo_metareviewer,0,1.0
iclr_metareview_CPdAB7H8mU,binary,iclr_metareview,1.0,reviewertoo_metareviewer,0,1.0
iclr_metareview_CQIkN2uuBr,binary,iclr_metareview,1.0,reviewertoo_metareviewer,0,1.0
iclr_metareview_CQboQK98DF,binary,iclr_metareview,0.0,reviewertoo_metareviewer,0,0.0
iclr_metareview_CQnpxZNMvT,binary,iclr_metareview,1.0,reviewertoo_metareviewer,0,1.0
iclr_metareview_CRa6TttCzk,binary,iclr_metareview,0.0,reviewertoo_metareviewer,0,1.0
iclr_metareview_CRvxecRkI6,binary,iclr_metareview,0.0,reviewertoo_metareviewer,0,1.0
iclr_metareview_CS3HsLScNw,binary,iclr_metareview,0.0,reviewertoo_metareviewer,0,0.0
iclr_metareview_CTGpC7xWHM,binary,iclr_metareview,1.0,reviewertoo_metareviewer,0,1.0
iclr_metareview_CTdweIFocz,binary,iclr_metareview,1.0,reviewertoo_metareviewer,0,1.0
iclr_metareview_CVXpkc3bXc,binary,iclr_metareview,0.0,reviewertoo_metareviewer,0,0.0
iclr_metareview_CVmLl9P1W6,binary,iclr_metareview,0.0,reviewertoo_metareviewer,0,1.0
iclr_metareview_CWpQsAubxy,binary,iclr_metareview,1.0,reviewertoo_metareviewer,0,1.0
iclr_metareview_CYgn0GEtR2,binary,iclr_metareview,0.0,reviewertoo_metareviewer,0,0.0
iclr_metareview_CZQJl1bUf7,binary,iclr_metareview,0.0,reviewertoo_metareviewer,0,1.0
iclr_metareview_CZWcDWbs0h,binary,iclr_metareview,0.0,reviewertoo_metareviewer,0,0.0
iclr_metareview_CZyYxdtF5z,binary,iclr_metareview,0.0,reviewertoo_metareviewer,0,1.0
iclr_metareview_CZydMj0vBc,binary,iclr_metareview,0.0,reviewertoo_metareviewer,0,0.0
iclr_metareview_CaOaBlq6Bv,binary,iclr_metareview,0.0,reviewertoo_metareviewer,0,1.0
iclr_metareview_CbzCID5lkD,binary,iclr_metareview,1.0,reviewertoo_metareviewer,0,0.0
iclr_metareview_Ccflf8sqjF,binary,iclr_metareview,1.0,reviewertoo_metareviewer,0,1.0
iclr_metareview_CeOIVXMl4r,binary,iclr_metareview,1.0,reviewertoo_metareviewer,0,0.0
iclr_metareview_Cg9jgEq3lF,binary,iclr_metareview,0.0,reviewertoo_metareviewer,0,1.0
iclr_metareview_Cj0bXvRUHb,binary,iclr_metareview,0.0,reviewertoo_metareviewer,0,0.0
iclr_metareview_CmvEOdr8gD,binary,iclr_metareview,0.0,reviewertoo_metareviewer,0,1.0
iclr_metareview_Cogs17DlHb,binary,iclr_metareview,0.0,reviewertoo_metareviewer,0,0.0
iclr_metareview_Cox6AaRyan,binary,iclr_metareview,1.0,reviewertoo_metareviewer,0,1.0
iclr_metareview_CpUzXtVOPk,binary,iclr_metareview,0.0,reviewertoo_metareviewer,0,1.0
iclr_metareview_Cqdsw3yteP,binary,iclr_metareview,1.0,reviewertoo_metareviewer,0,0.0
iclr_metareview_Cr3CWfN7jB,binary,iclr_metareview,0.0,reviewertoo_metareviewer,0,0.0
iclr_metareview_Cry2mpEocV,binary,iclr_metareview,0.0,reviewertoo_metareviewer,0,0.0
iclr_metareview_CtvnVtWZvN,binary,iclr_metareview,0.0,reviewertoo_metareviewer,0,1.0
iclr_metareview_CwVv9Yfq5e,binary,iclr_metareview,0.0,reviewertoo_metareviewer,0,0.0
iclr_metareview_Cxk7aaHt8o,binary,iclr_metareview,0.0,reviewertoo_metareviewer,0,1.0
iclr_metareview_CyVUxyDc4U,binary,iclr_metareview,0.0,reviewertoo_metareviewer,0,0.0
iclr_metareview_D5AHGz4ILn,binary,iclr_metareview,0.0,reviewertoo_metareviewer,0,0.0
iclr_metareview_D5F2QkHX5w,binary,iclr_metareview,0.0,reviewertoo_metareviewer,0,0.0
iclr_metareview_D5ZLr0lZhf,binary,iclr_metareview,0.0,reviewertoo_metareviewer,0,1.0
iclr_metareview_D5sN85PDx7,binary,iclr_metareview,0.0,reviewertoo_metareviewer,0,1.0
iclr_metareview_D7i6BIbCz0,binary,iclr_metareview,0.0,reviewertoo_metareviewer,0,1.0
iclr_metareview_D8fW5tAHq8,binary,iclr_metareview,0.0,reviewertoo_metareviewer,0,1.0
iclr_metareview_D9Oq3c5iHn,binary,iclr_metareview,0.0,reviewertoo_metareviewer,0,1.0
iclr_metareview_DAKRYZDHIX,binary,iclr_metareview,0.0,reviewertoo_metareviewer,0,1.0
iclr_metareview_DDcrkBwzec,binary,iclr_metareview,0.0,reviewertoo_metareviewer,0,0.0
iclr_metareview_DDoDP4VsSx,binary,iclr_metareview,0.0,reviewertoo_metareviewer,0,0.0
iclr_metareview_DEdDWSXvAP,binary,iclr_metareview,0.0,reviewertoo_metareviewer,0,0.0
iclr_metareview_DHqbT1xbL7,binary,iclr_metareview,0.0,reviewertoo_metareviewer,0,0.0
iclr_metareview_DJ8rO7buwO,binary,iclr_metareview,0.0,reviewertoo_metareviewer,0,0.0
iclr_metareview_DKvfjlXDJt,binary,iclr_metareview,0.0,reviewertoo_metareviewer,0,1.0
iclr_metareview_DOL96nnJpm,binary,iclr_metareview,0.0,reviewertoo_metareviewer,0,1.0
iclr_metareview_DPdev1Gg1o,binary,iclr_metareview,0.0,reviewertoo_metareviewer,0,1.0
iclr_metareview_DQlOn3pVvL,binary,iclr_metareview,0.0,reviewertoo_metareviewer,0,0.0
iclr_metareview_DQuWpKLNwd,binary,iclr_metareview,0.0,reviewertoo_metareviewer,0,1.0
iclr_metareview_DREMM6MxYg,binary,iclr_metareview,0.0,reviewertoo_metareviewer,0,0.0
iclr_metareview_DS0qgTLvIm,binary,iclr_metareview,0.0,reviewertoo_metareviewer,0,0.0
iclr_metareview_DSBb2g26Bi,binary,iclr_metareview,0.0,reviewertoo_metareviewer,0,1.0
iclr_metareview_DUtS9K9HH6,binary,iclr_metareview,1.0,reviewertoo_metareviewer,0,0.0
iclr_metareview_DX9UX6rwlJ,binary,iclr_metareview,0.0,reviewertoo_metareviewer,0,1.0
iclr_metareview_DXZM26qdTv,binary,iclr_metareview,0.0,reviewertoo_metareviewer,0,0.0
iclr_metareview_DY6dnkRKo7,binary,iclr_metareview,0.0,reviewertoo_metareviewer,0,0.0
iclr_metareview_DZKGX3wLGQ,binary,iclr_metareview,0.0,reviewertoo_metareviewer,0,0.0
iclr_metareview_DZUehXNiBn,binary,iclr_metareview,0.0,reviewertoo_metareviewer,0,1.0
iclr_metareview_DZjbL9BuHs,binary,iclr_metareview,1.0,reviewertoo_metareviewer,0,0.0
iclr_metareview_Da8PJXp0js,binary,iclr_metareview,1.0,reviewertoo_metareviewer,0,1.0
iclr_metareview_DaHOgSDE5U,binary,iclr_metareview,0.0,reviewertoo_metareviewer,0,0.0
iclr_metareview_Db5TUogRSM,binary,iclr_metareview,0.0,reviewertoo_metareviewer,0,1.0
iclr_metareview_DbHtCaO4RD,binary,iclr_metareview,0.0,reviewertoo_metareviewer,0,1.0
iclr_metareview_Dbk6nqOG4r,binary,iclr_metareview,0.0,reviewertoo_metareviewer,0,0.0
iclr_metareview_DczVG12sdJ,binary,iclr_metareview,0.0,reviewertoo_metareviewer,0,0.0
iclr_metareview_DdGCjvrFs0,binary,iclr_metareview,0.0,reviewertoo_metareviewer,0,0.0
iclr_metareview_DdM0ott1L9,binary,iclr_metareview,0.0,reviewertoo_metareviewer,0,1.0
iclr_metareview_DgQTPChyG2,binary,iclr_metareview,0.0,reviewertoo_metareviewer,0,0.0
iclr_metareview_DgnsohAUMn,binary,iclr_metareview,1.0,reviewertoo_metareviewer,0,0.0
iclr_metareview_Dhd7nHdAaf,binary,iclr_metareview,0.0,reviewertoo_metareviewer,0,0.0
iclr_metareview_DiyoGdNId7,binary,iclr_metareview,0.0,reviewertoo_metareviewer,0,1.0
iclr_metareview_DjOmnwX4wJ,binary,iclr_metareview,1.0,reviewertoo_metareviewer,0,0.0
iclr_metareview_DjlVwQFRMb,binary,iclr_metareview,0.0,reviewertoo_metareviewer,0,0.0
iclr_metareview_DkgGu5AzRD,binary,iclr_metareview,0.0,reviewertoo_metareviewer,0,0.0
iclr_metareview_Dl1S4EvFwh,binary,iclr_metareview,0.0,reviewertoo_metareviewer,0,1.0
iclr_metareview_DldwXCCP25,binary,iclr_metareview,1.0,reviewertoo_metareviewer,0,1.0
iclr_metareview_Dm6lP9YEsM,binary,iclr_metareview,0.0,reviewertoo_metareviewer,0,1.0
iclr_metareview_DmCof7cMTc,binary,iclr_metareview,0.0,reviewertoo_metareviewer,0,0.0
iclr_metareview_Dofaulr5RE,binary,iclr_metareview,0.0,reviewertoo_metareviewer,0,1.0
iclr_metareview_Dp1RM3gPg8,binary,iclr_metareview,1.0,reviewertoo_metareviewer,0,1.0
iclr_metareview_DqvnwRe1V2,binary,iclr_metareview,0.0,reviewertoo_metareviewer,0,1.0
iclr_metareview_DriG3hgh42,binary,iclr_metareview,0.0,reviewertoo_metareviewer,0,1.0
iclr_metareview_Dru5mm9anE,binary,iclr_metareview,1.0,reviewertoo_metareviewer,0,0.0
iclr_metareview_Dt4XAIKYbf,binary,iclr_metareview,1.0,reviewertoo_metareviewer,0,1.0
iclr_metareview_DtxerRpEu7,binary,iclr_metareview,0.0,reviewertoo_metareviewer,0,0.0
iclr_metareview_DuWU9aflmc,binary,iclr_metareview,0.0,reviewertoo_metareviewer,0,1.0
iclr_metareview_DviJk4psFd,binary,iclr_metareview,0.0,reviewertoo_metareviewer,0,1.0
iclr_metareview_Dw034qKrP5,binary,iclr_metareview,1.0,reviewertoo_metareviewer,0,0.0
iclr_metareview_DwerBtrre2,binary,iclr_metareview,0.0,reviewertoo_metareviewer,0,1.0
iclr_metareview_DwrwGl8BNE,binary,iclr_metareview,0.0,reviewertoo_metareviewer,0,0.0
iclr_metareview_DxAq2F0Sv9,binary,iclr_metareview,0.0,reviewertoo_metareviewer,0,1.0
iclr_metareview_DxAuffVAB8,binary,iclr_metareview,0.0,reviewertoo_metareviewer,0,1.0
iclr_metareview_DxbLY3Fctc,binary,iclr_metareview,0.0,reviewertoo_metareviewer,0,0.0
iclr_metareview_DyOXbjStzW,binary,iclr_metareview,0.0,reviewertoo_metareviewer,0,1.0
iclr_metareview_DyoSXACZDy,binary,iclr_metareview,0.0,reviewertoo_metareviewer,0,1.0
iclr_metareview_DzSNH5APPl,binary,iclr_metareview,1.0,reviewertoo_metareviewer,0,0.0
iclr_metareview_DzecbBEmud,binary,iclr_metareview,0.0,reviewertoo_metareviewer,0,0.0
iclr_metareview_E0Qfhma53J,binary,iclr_metareview,1.0,reviewertoo_metareviewer,0,0.0
iclr_metareview_E0rXo3B4XI,binary,iclr_metareview,0.0,reviewertoo_metareviewer,0,0.0
iclr_metareview_E1K2Ph3LtS,binary,iclr_metareview,1.0,reviewertoo_metareviewer,0,0.0
iclr_metareview_E3bBZ02Qcc,binary,iclr_metareview,1.0,reviewertoo_metareviewer,0,1.0
iclr_metareview_E68cnZQ9dV,binary,iclr_metareview,0.0,reviewertoo_metareviewer,0,1.0
iclr_metareview_E68dgQUzrC,binary,iclr_metareview,1.0,reviewertoo_metareviewer,0,0.0
iclr_metareview_E6jDNtfj6X,binary,iclr_metareview,0.0,reviewertoo_metareviewer,0,1.0
iclr_metareview_E7JzkZCofa,binary,iclr_metareview,1.0,reviewertoo_metareviewer,0,0.0
iclr_metareview_E8t1iwV5Td,binary,iclr_metareview,0.0,reviewertoo_metareviewer,0,0.0
iclr_metareview_E9heQLPNGh,binary,iclr_metareview,0.0,reviewertoo_metareviewer,0,1.0
iclr_metareview_ECc2td0LCZ,binary,iclr_metareview,0.0,reviewertoo_metareviewer,0,1.0
iclr_metareview_EDCJTaR9bk,binary,iclr_metareview,1.0,reviewertoo_metareviewer,0,0.0
iclr_metareview_EDz39N1Crc,binary,iclr_metareview,0.0,reviewertoo_metareviewer,0,1.0
iclr_metareview_EEr6cADbZx,binary,iclr_metareview,1.0,reviewertoo_metareviewer,0,0.0
iclr_metareview_EFxYTuNmAq,binary,iclr_metareview,0.0,reviewertoo_metareviewer,0,0.0
iclr_metareview_EG6K7ZWOwQ,binary,iclr_metareview,0.0,reviewertoo_metareviewer,0,0.0
iclr_metareview_EGf7dks3tw,binary,iclr_metareview,0.0,reviewertoo_metareviewer,0,1.0
iclr_metareview_EJ8HnNTEAv,binary,iclr_metareview,1.0,reviewertoo_metareviewer,0,1.0
iclr_metareview_EJIncQ0qmm,binary,iclr_metareview,0.0,reviewertoo_metareviewer,0,1.0
iclr_metareview_EKMKPwOAuY,binary,iclr_metareview,0.0,reviewertoo_metareviewer,0,0.0
iclr_metareview_EKxHftIpcB,binary,iclr_metareview,0.0,reviewertoo_metareviewer,0,1.0
iclr_metareview_EL1esipMln,binary,iclr_metareview,0.0,reviewertoo_metareviewer,0,1.0
iclr_metareview_EPKmSgXvRe,binary,iclr_metareview,1.0,reviewertoo_metareviewer,0,1.0
iclr_metareview_EPN5MU4liR,binary,iclr_metareview,1.0,reviewertoo_metareviewer,0,0.0
iclr_metareview_EQTPmqukiU,binary,iclr_metareview,1.0,reviewertoo_metareviewer,0,1.0
iclr_metareview_ET6RxZlfPY,binary,iclr_metareview,0.0,reviewertoo_metareviewer,0,1.0
iclr_metareview_ETzBStUFJy,binary,iclr_metareview,1.0,reviewertoo_metareviewer,0,0.0
iclr_metareview_EVRMnAREc3,binary,iclr_metareview,1.0,reviewertoo_metareviewer,0,1.0
iclr_metareview_EVS7SeKBqI,binary,iclr_metareview,0.0,reviewertoo_metareviewer,0,0.0
iclr_metareview_EVZMZQogUm,binary,iclr_metareview,1.0,reviewertoo_metareviewer,0,0.0
iclr_metareview_EWLNGN77lX,binary,iclr_metareview,0.0,reviewertoo_metareviewer,0,0.0
iclr_metareview_EWM9JQ6gX7,binary,iclr_metareview,1.0,reviewertoo_metareviewer,0,0.0
iclr_metareview_EWT7ILOzjK,binary,iclr_metareview,0.0,reviewertoo_metareviewer,0,0.0
iclr_metareview_EXtPGwYdWe,binary,iclr_metareview,0.0,reviewertoo_metareviewer,0,1.0
iclr_metareview_EYOwByRzU5,binary,iclr_metareview,0.0,reviewertoo_metareviewer,0,1.0
iclr_metareview_EYUG4Su6ZU,binary,iclr_metareview,0.0,reviewertoo_metareviewer,0,0.0
iclr_metareview_EYkPcogJxo,binary,iclr_metareview,0.0,reviewertoo_metareviewer,0,0.0
iclr_metareview_EaWllvg21z,binary,iclr_metareview,0.0,reviewertoo_metareviewer,0,0.0
iclr_metareview_EbSkBZQF9g,binary,iclr_metareview,0.0,reviewertoo_metareviewer,0,0.0
iclr_metareview_EbgCEd8gyN,binary,iclr_metareview,1.0,reviewertoo_metareviewer,0,0.0
iclr_metareview_EdQqDglzwK,binary,iclr_metareview,0.0,reviewertoo_metareviewer,0,1.0
iclr_metareview_EdkQ14FiiO,binary,iclr_metareview,1.0,reviewertoo_metareviewer,0,1.0
iclr_metareview_EetMA6RCpD,binary,iclr_metareview,0.0,reviewertoo_metareviewer,0,0.0
iclr_metareview_Efekr8cBMG,binary,iclr_metareview,0.0,reviewertoo_metareviewer,0,1.0
iclr_metareview_EfxT5mUQgS,binary,iclr_metareview,0.0,reviewertoo_metareviewer,0,1.0
iclr_metareview_Eh3Q5umKYN,binary,iclr_metareview,0.0,reviewertoo_metareviewer,0,1.0
iclr_metareview_EhDgP69DJG,binary,iclr_metareview,1.0,reviewertoo_metareviewer,0,0.0
iclr_metareview_EhUkQp9Yah,binary,iclr_metareview,1.0,reviewertoo_metareviewer,0,1.0
iclr_metareview_EhsuuR3yyT,binary,iclr_metareview,0.0,reviewertoo_metareviewer,0,0.0
iclr_metareview_EiJbxZTtDj,binary,iclr_metareview,0.0,reviewertoo_metareviewer,0,0.0
iclr_metareview_EiQOKsANKO,binary,iclr_metareview,0.0,reviewertoo_metareviewer,0,0.0
iclr_metareview_EkTm1JCUEH,binary,iclr_metareview,0.0,reviewertoo_metareviewer,0,1.0
iclr_metareview_ElRM4Zi91B,binary,iclr_metareview,0.0,reviewertoo_metareviewer,0,0.0
iclr_metareview_Eoiu5iJD71,binary,iclr_metareview,1.0,reviewertoo_metareviewer,0,1.0
iclr_metareview_EphTlUJ4XN,binary,iclr_metareview,1.0,reviewertoo_metareviewer,0,0.0
iclr_metareview_Epu8Lm6VMK,binary,iclr_metareview,1.0,reviewertoo_metareviewer,0,1.0
iclr_metareview_Eq8NRBIRaZ,binary,iclr_metareview,0.0,reviewertoo_metareviewer,0,0.0
iclr_metareview_ErnnE2UNI2,binary,iclr_metareview,1.0,reviewertoo_metareviewer,0,1.0
iclr_metareview_ErnvfmSX0P,binary,iclr_metareview,1.0,reviewertoo_metareviewer,0,1.0
iclr_metareview_Esntu2V82P,binary,iclr_metareview,0.0,reviewertoo_metareviewer,0,0.0
iclr_metareview_EtzJy9yI5J,binary,iclr_metareview,1.0,reviewertoo_metareviewer,0,1.0
iclr_metareview_Eu25AOvORb,binary,iclr_metareview,1.0,reviewertoo_metareviewer,0,0.0
iclr_metareview_EuEZsmJRRW,binary,iclr_metareview,0.0,reviewertoo_metareviewer,0,0.0
iclr_metareview_Ev1GnFiKES,binary,iclr_metareview,0.0,reviewertoo_metareviewer,0,0.0
iclr_metareview_EyswpODUEL,binary,iclr_metareview,0.0,reviewertoo_metareviewer,0,0.0
iclr_metareview_EyvoFBbLbX,binary,iclr_metareview,0.0,reviewertoo_metareviewer,0,0.0
iclr_metareview_EzHOmjg3R6,binary,iclr_metareview,0.0,reviewertoo_metareviewer,0,0.0
iclr_metareview_F0NLxHasGU,binary,iclr_metareview,0.0,reviewertoo_metareviewer,0,1.0
iclr_metareview_F0XWYqYWJC,binary,iclr_metareview,0.0,reviewertoo_metareviewer,0,1.0
iclr_metareview_F1HkFK3WSl,binary,iclr_metareview,0.0,reviewertoo_metareviewer,0,1.0
iclr_metareview_F1QDWRizFA,binary,iclr_metareview,0.0,reviewertoo_metareviewer,0,0.0
iclr_metareview_F1ZD5wi02T,binary,iclr_metareview,0.0,reviewertoo_metareviewer,0,1.0
iclr_metareview_F20XWCnZdk,binary,iclr_metareview,0.0,reviewertoo_metareviewer,0,1.0
iclr_metareview_F41nD6rplT,binary,iclr_metareview,0.0,reviewertoo_metareviewer,0,0.0
iclr_metareview_F4TgVGhxJc,binary,iclr_metareview,0.0,reviewertoo_metareviewer,0,0.0
iclr_metareview_F5bDWU4M0J,binary,iclr_metareview,0.0,reviewertoo_metareviewer,0,0.0
iclr_metareview_F5sQPP7Swa,binary,iclr_metareview,0.0,reviewertoo_metareviewer,0,1.0
iclr_metareview_F63ARIi43t,binary,iclr_metareview,0.0,reviewertoo_metareviewer,0,1.0
iclr_metareview_F7O3S4wo61,binary,iclr_metareview,0.0,reviewertoo_metareviewer,0,0.0
iclr_metareview_F9KrQW8ETQ,binary,iclr_metareview,0.0,reviewertoo_metareviewer,0,0.0
iclr_metareview_F9rO9Ve4u8,binary,iclr_metareview,0.0,reviewertoo_metareviewer,0,1.0
iclr_metareview_FA2R2KwyTH,binary,iclr_metareview,0.0,reviewertoo_metareviewer,0,1.0
iclr_metareview_FCFM3Yxtsm,binary,iclr_metareview,0.0,reviewertoo_metareviewer,0,0.0
iclr_metareview_FDDKQD0Imb,binary,iclr_metareview,0.0,reviewertoo_metareviewer,0,1.0
iclr_metareview_FEMv4lHJ2C,binary,iclr_metareview,1.0,reviewertoo_metareviewer,0,0.0
iclr_metareview_FEqZmGl36g,binary,iclr_metareview,0.0,reviewertoo_metareviewer,0,1.0
iclr_metareview_FFPX4Vnvzn,binary,iclr_metareview,0.0,reviewertoo_metareviewer,0,1.0
iclr_metareview_FFTmMa6tph,binary,iclr_metareview,0.0,reviewertoo_metareviewer,0,1.0
iclr_metareview_FHTt9ipAra,binary,iclr_metareview,1.0,reviewertoo_metareviewer,0,0.0
iclr_metareview_FHg84LMVxZ,binary,iclr_metareview,0.0,reviewertoo_metareviewer,0,0.0
iclr_metareview_FHtQqj5yzr,binary,iclr_metareview,0.0,reviewertoo_metareviewer,0,0.0
iclr_metareview_FLXZOIDrli,binary,iclr_metareview,0.0,reviewertoo_metareviewer,0,0.0
iclr_metareview_FLmgVrgJo6,binary,iclr_metareview,0.0,reviewertoo_metareviewer,0,1.0
iclr_metareview_FLyvCS6eJf,binary,iclr_metareview,0.0,reviewertoo_metareviewer,0,0.0
iclr_metareview_FNA0AlYBMS,binary,iclr_metareview,0.0,reviewertoo_metareviewer,0,1.0
iclr_metareview_FNlNH0iFOx,binary,iclr_metareview,1.0,reviewertoo_metareviewer,0,0.0
iclr_metareview_FOJQnYMbUC,binary,iclr_metareview,0.0,reviewertoo_metareviewer,0,1.0
iclr_metareview_FPBtaGBv81,binary,iclr_metareview,0.0,reviewertoo_metareviewer,0,0.0
iclr_metareview_FPUQBlBH3V,binary,iclr_metareview,0.0,reviewertoo_metareviewer,0,1.0
iclr_metareview_FRkJ3ehpNN,binary,iclr_metareview,1.0,reviewertoo_metareviewer,0,1.0
iclr_metareview_FSHrinMArK,binary,iclr_metareview,1.0,reviewertoo_metareviewer,0,1.0
iclr_metareview_FVmWGMIoES,binary,iclr_metareview,0.0,reviewertoo_metareviewer,0,0.0
iclr_metareview_FXYZ55r2al,binary,iclr_metareview,0.0,reviewertoo_metareviewer,0,1.0
iclr_metareview_FY0dDuAnW1,binary,iclr_metareview,0.0,reviewertoo_metareviewer,0,1.0
iclr_metareview_FZC6MgFdiV,binary,iclr_metareview,0.0,reviewertoo_metareviewer,0,0.0
iclr_metareview_FZYtfAlndh,binary,iclr_metareview,0.0,reviewertoo_metareviewer,0,0.0
iclr_metareview_FaGDopTTTC,binary,iclr_metareview,0.0,reviewertoo_metareviewer,0,1.0
iclr_metareview_FafH4GM4uc,binary,iclr_metareview,0.0,reviewertoo_metareviewer,0,0.0
iclr_metareview_FbgEhHPb2B,binary,iclr_metareview,0.0,reviewertoo_metareviewer,0,0.0
iclr_metareview_FcOEo7iLQx,binary,iclr_metareview,0.0,reviewertoo_metareviewer,0,1.0
iclr_metareview_FfedFHs6Tx,binary,iclr_metareview,0.0,reviewertoo_metareviewer,0,0.0
iclr_metareview_FiMZSxo4DO,binary,iclr_metareview,1.0,reviewertoo_metareviewer,0,1.0
iclr_metareview_FiiItlSqqL,binary,iclr_metareview,1.0,reviewertoo_metareviewer,0,1.0
iclr_metareview_FileqNzZzn,binary,iclr_metareview,1.0,reviewertoo_metareviewer,0,1.0
iclr_metareview_FivqpOKtQh,binary,iclr_metareview,0.0,reviewertoo_metareviewer,0,0.0
iclr_metareview_FjTfkj2sIo,binary,iclr_metareview,0.0,reviewertoo_metareviewer,0,1.0
iclr_metareview_FkdxBEF9gf,binary,iclr_metareview,0.0,reviewertoo_metareviewer,0,0.0
iclr_metareview_FkeURAdA0h,binary,iclr_metareview,1.0,reviewertoo_metareviewer,0,1.0
iclr_metareview_FmV289gGHp,binary,iclr_metareview,0.0,reviewertoo_metareviewer,0,0.0
iclr_metareview_FmxRzlu0rT,binary,iclr_metareview,1.0,reviewertoo_metareviewer,0,1.0
iclr_metareview_FnF3UjiN11,binary,iclr_metareview,1.0,reviewertoo_metareviewer,0,0.0
iclr_metareview_FpGuLa3S9S,binary,iclr_metareview,0.0,reviewertoo_metareviewer,0,0.0
iclr_metareview_FpjH12hcqt,binary,iclr_metareview,0.0,reviewertoo_metareviewer,0,1.0
iclr_metareview_FqDmvMZish,binary,iclr_metareview,1.0,reviewertoo_metareviewer,0,1.0
iclr_metareview_FriP8PXHpY,binary,iclr_metareview,0.0,reviewertoo_metareviewer,0,0.0
iclr_metareview_Fs61Opr7aY,binary,iclr_metareview,0.0,reviewertoo_metareviewer,0,0.0
iclr_metareview_FsrXpdcjqu,binary,iclr_metareview,0.0,reviewertoo_metareviewer,0,0.0
iclr_metareview_FtL9eEmU6v,binary,iclr_metareview,1.0,reviewertoo_metareviewer,0,1.0
iclr_metareview_FtdbdoGbk3,binary,iclr_metareview,1.0,reviewertoo_metareviewer,0,1.0
iclr_metareview_Fw6PBELcFs,binary,iclr_metareview,0.0,reviewertoo_metareviewer,0,0.0
iclr_metareview_FwKFjBX0PK,binary,iclr_metareview,1.0,reviewertoo_metareviewer,0,0.0
iclr_metareview_Fx8AtzGlTS,binary,iclr_metareview,1.0,reviewertoo_metareviewer,0,1.0
iclr_metareview_FxGCfnJswW,binary,iclr_metareview,0.0,reviewertoo_metareviewer,0,0.0
iclr_metareview_FxSsjSDXYZ,binary,iclr_metareview,0.0,reviewertoo_metareviewer,0,0.0
iclr_metareview_Fy7V5dalvX,binary,iclr_metareview,1.0,reviewertoo_metareviewer,0,0.0
iclr_metareview_G1147yjk9T,binary,iclr_metareview,0.0,reviewertoo_metareviewer,0,0.0
iclr_metareview_G14LfMzf1w,binary,iclr_metareview,0.0,reviewertoo_metareviewer,0,1.0
iclr_metareview_G2kvxv8yPY,binary,iclr_metareview,0.0,reviewertoo_metareviewer,0,0.0
iclr_metareview_G7DBGlgjjp,binary,iclr_metareview,1.0,reviewertoo_metareviewer,0,1.0
iclr_metareview_G7fHaxLTx5,binary,iclr_metareview,0.0,reviewertoo_metareviewer,0,1.0
iclr_metareview_G7owOY1NcF,binary,iclr_metareview,0.0,reviewertoo_metareviewer,0,0.0
iclr_metareview_G7tqQ5Upcs,binary,iclr_metareview,1.0,reviewertoo_metareviewer,0,1.0
iclr_metareview_G8HnUTlMpt,binary,iclr_metareview,1.0,reviewertoo_metareviewer,0,0.0
iclr_metareview_G9bpAoc47a,binary,iclr_metareview,0.0,reviewertoo_metareviewer,0,1.0
iclr_metareview_GBSGToE97J,binary,iclr_metareview,1.0,reviewertoo_metareviewer,0,1.0
iclr_metareview_GCd5v3ehmr,binary,iclr_metareview,1.0,reviewertoo_metareviewer,0,0.0
iclr_metareview_GDlLS3ytBI,binary,iclr_metareview,0.0,reviewertoo_metareviewer,0,0.0
iclr_metareview_GDwWsLRtUF,binary,iclr_metareview,0.0,reviewertoo_metareviewer,0,0.0
iclr_metareview_GEBVeN0zLl,binary,iclr_metareview,0.0,reviewertoo_metareviewer,0,0.0
iclr_metareview_GFDSGlEks2,binary,iclr_metareview,0.0,reviewertoo_metareviewer,0,1.0
iclr_metareview_GIVFjLLc96,binary,iclr_metareview,0.0,reviewertoo_metareviewer,0,1.0
iclr_metareview_GIoNMdPLLO,binary,iclr_metareview,0.0,reviewertoo_metareviewer,0,0.0
iclr_metareview_GIzoGvVD3w,binary,iclr_metareview,0.0,reviewertoo_metareviewer,0,0.0
iclr_metareview_GJ9gHw8kan,binary,iclr_metareview,0.0,reviewertoo_metareviewer,0,1.0
iclr_metareview_GJnatqABL8,binary,iclr_metareview,0.0,reviewertoo_metareviewer,0,1.0
iclr_metareview_GK6WWEwHek,binary,iclr_metareview,0.0,reviewertoo_metareviewer,0,1.0
iclr_metareview_GKQc3ItjI0,binary,iclr_metareview,0.0,reviewertoo_metareviewer,0,1.0
iclr_metareview_GLPmZhhCAE,binary,iclr_metareview,1.0,reviewertoo_metareviewer,0,1.0
iclr_metareview_GLlx240C5B,binary,iclr_metareview,0.0,reviewertoo_metareviewer,0,0.0
iclr_metareview_GMCyL7Xs9R,binary,iclr_metareview,1.0,reviewertoo_metareviewer,0,0.0
iclr_metareview_GMP1S4R6Ke,binary,iclr_metareview,1.0,reviewertoo_metareviewer,0,0.0
iclr_metareview_GN8OdkTo3B,binary,iclr_metareview,1.0,reviewertoo_metareviewer,0,1.0
iclr_metareview_GNnk6DlxsT,binary,iclr_metareview,0.0,reviewertoo_metareviewer,0,0.0
iclr_metareview_GNo1qMqgPD,binary,iclr_metareview,1.0,reviewertoo_metareviewer,0,1.0
iclr_metareview_GQpkHR1H7t,binary,iclr_metareview,0.0,reviewertoo_metareviewer,0,1.0
iclr_metareview_GQugc1J2kW,binary,iclr_metareview,0.0,reviewertoo_metareviewer,0,1.0
iclr_metareview_GRbI7kqA6S,binary,iclr_metareview,0.0,reviewertoo_metareviewer,0,0.0
iclr_metareview_GRufFX1gAy,binary,iclr_metareview,1.0,reviewertoo_metareviewer,0,0.0
iclr_metareview_GSLcetBFva,binary,iclr_metareview,0.0,reviewertoo_metareviewer,0,1.0
iclr_metareview_GTvY3sthgC,binary,iclr_metareview,0.0,reviewertoo_metareviewer,0,1.0
iclr_metareview_GUFzf1LRBR,binary,iclr_metareview,0.0,reviewertoo_metareviewer,0,1.0
iclr_metareview_GV87Kv70EN,binary,iclr_metareview,0.0,reviewertoo_metareviewer,0,0.0
iclr_metareview_GVIei1IdmC,binary,iclr_metareview,0.0,reviewertoo_metareviewer,0,0.0
iclr_metareview_GVhyxRwmoE,binary,iclr_metareview,0.0,reviewertoo_metareviewer,0,1.0
iclr_metareview_GW9sp1g9qh,binary,iclr_metareview,1.0,reviewertoo_metareviewer,0,1.0
iclr_metareview_GXcN0MuN1q,binary,iclr_metareview,1.0,reviewertoo_metareviewer,0,1.0
iclr_metareview_GXen8ITaLj,binary,iclr_metareview,0.0,reviewertoo_metareviewer,0,1.0
iclr_metareview_GZ62YKLfRN,binary,iclr_metareview,0.0,reviewertoo_metareviewer,0,0.0
iclr_metareview_GZ9uSxY3Yn,binary,iclr_metareview,1.0,reviewertoo_metareviewer,0,0.0
iclr_metareview_GcVVJ1zu3Y,binary,iclr_metareview,0.0,reviewertoo_metareviewer,0,1.0
iclr_metareview_Gdpv6fBqrX,binary,iclr_metareview,0.0,reviewertoo_metareviewer,0,0.0
iclr_metareview_Gg6zVda4iZ,binary,iclr_metareview,0.0,reviewertoo_metareviewer,0,0.0
iclr_metareview_GhobHf58GS,binary,iclr_metareview,0.0,reviewertoo_metareviewer,0,1.0
iclr_metareview_GhqnOEXQh3,binary,iclr_metareview,1.0,reviewertoo_metareviewer,0,0.0
iclr_metareview_GiaF5cFIpI,binary,iclr_metareview,0.0,reviewertoo_metareviewer,0,1.0
iclr_metareview_GjBvGKIalG,binary,iclr_metareview,0.0,reviewertoo_metareviewer,0,0.0
iclr_metareview_GjsE9C1grt,binary,iclr_metareview,0.0,reviewertoo_metareviewer,0,1.0
iclr_metareview_Gk6umqW74m,binary,iclr_metareview,1.0,reviewertoo_metareviewer,0,1.0
iclr_metareview_Gk7gLAtVDO,binary,iclr_metareview,1.0,reviewertoo_metareviewer,0,1.0
iclr_metareview_Gl2XTqL9T7,binary,iclr_metareview,0.0,reviewertoo_metareviewer,0,0.0
iclr_metareview_GmMZzcCksC,binary,iclr_metareview,0.0,reviewertoo_metareviewer,0,1.0
iclr_metareview_Gmq7rQllpD,binary,iclr_metareview,0.0,reviewertoo_metareviewer,0,0.0
iclr_metareview_GmsSHtf0cN,binary,iclr_metareview,0.0,reviewertoo_metareviewer,0,1.0
iclr_metareview_GnawtLKGkP,binary,iclr_metareview,1.0,reviewertoo_metareviewer,0,0.0
iclr_metareview_Gp9lGS9GfY,binary,iclr_metareview,1.0,reviewertoo_metareviewer,0,0.0
iclr_metareview_GpL66XgjjF,binary,iclr_metareview,1.0,reviewertoo_metareviewer,0,1.0
iclr_metareview_Gq73XUbtjb,binary,iclr_metareview,0.0,reviewertoo_metareviewer,0,1.0
iclr_metareview_GrbNjReVC6,binary,iclr_metareview,0.0,reviewertoo_metareviewer,0,1.0
iclr_metareview_GrsofC2FqF,binary,iclr_metareview,1.0,reviewertoo_metareviewer,0,0.0
iclr_metareview_GsLvRPAfoU,binary,iclr_metareview,0.0,reviewertoo_metareviewer,0,0.0
iclr_metareview_Gswr20yWDq,binary,iclr_metareview,0.0,reviewertoo_metareviewer,0,1.0
iclr_metareview_GtjELGHkPB,binary,iclr_metareview,0.0,reviewertoo_metareviewer,0,1.0
iclr_metareview_GtqmPJf00A,binary,iclr_metareview,1.0,reviewertoo_metareviewer,0,1.0
iclr_metareview_Gumhb2H2lF,binary,iclr_metareview,0.0,reviewertoo_metareviewer,0,0.0
iclr_metareview_GvK1y3xqmh,binary,iclr_metareview,1.0,reviewertoo_metareviewer,0,1.0
iclr_metareview_GvPdSWZT31,binary,iclr_metareview,1.0,reviewertoo_metareviewer,0,1.0
iclr_metareview_Gwe6gbGng5,binary,iclr_metareview,1.0,reviewertoo_metareviewer,0,1.0
iclr_metareview_Gy83NOlS8f,binary,iclr_metareview,1.0,reviewertoo_metareviewer,0,0.0
iclr_metareview_GymjF88oGQ,binary,iclr_metareview,1.0,reviewertoo_metareviewer,0,0.0
iclr_metareview_H0SqKi1zgU,binary,iclr_metareview,0.0,reviewertoo_metareviewer,0,1.0
iclr_metareview_H2xCgJGeC8,binary,iclr_metareview,0.0,reviewertoo_metareviewer,0,0.0
iclr_metareview_H3JaT7nehP,binary,iclr_metareview,0.0,reviewertoo_metareviewer,0,0.0
iclr_metareview_H5QWmvze4g,binary,iclr_metareview,0.0,reviewertoo_metareviewer,0,0.0
iclr_metareview_H5dgCAG5a9,binary,iclr_metareview,0.0,reviewertoo_metareviewer,0,1.0
iclr_metareview_H6taGjlrew,binary,iclr_metareview,0.0,reviewertoo_metareviewer,0,0.0
iclr_metareview_H9wMe1G76j,binary,iclr_metareview,1.0,reviewertoo_metareviewer,0,1.0
iclr_metareview_HAiP0SjlAF,binary,iclr_metareview,0.0,reviewertoo_metareviewer,0,1.0
iclr_metareview_HApUkojTIQ,binary,iclr_metareview,0.0,reviewertoo_metareviewer,0,1.0
iclr_metareview_HBXUC3YtP4,binary,iclr_metareview,1.0,reviewertoo_metareviewer,0,1.0
iclr_metareview_HBmZlcD8Ue,binary,iclr_metareview,1.0,reviewertoo_metareviewer,0,0.0
iclr_metareview_HBozeTR6J6,binary,iclr_metareview,0.0,reviewertoo_metareviewer,0,0.0
iclr_metareview_HDZ2GBwrWo,binary,iclr_metareview,0.0,reviewertoo_metareviewer,0,0.0
iclr_metareview_HDqO1nHLmd,binary,iclr_metareview,0.0,reviewertoo_metareviewer,0,1.0
iclr_metareview_HDu9u0gYxh,binary,iclr_metareview,0.0,reviewertoo_metareviewer,0,1.0
iclr_metareview_HEtjG0QQKL,binary,iclr_metareview,0.0,reviewertoo_metareviewer,0,0.0
iclr_metareview_HFZhYvKM8V,binary,iclr_metareview,0.0,reviewertoo_metareviewer,0,0.0
iclr_metareview_HIXPyQ1aMq,binary,iclr_metareview,0.0,reviewertoo_metareviewer,0,1.0
iclr_metareview_HLc2igXEA3,binary,iclr_metareview,1.0,reviewertoo_metareviewer,0,0.0
iclr_metareview_HNXm0btYpn,binary,iclr_metareview,0.0,reviewertoo_metareviewer,0,0.0
iclr_metareview_HOBJO7w8C2,binary,iclr_metareview,0.0,reviewertoo_metareviewer,0,0.0
iclr_metareview_HOyqyqqRfH,binary,iclr_metareview,0.0,reviewertoo_metareviewer,0,0.0
iclr_metareview_HPiQvBu0u1,binary,iclr_metareview,0.0,reviewertoo_metareviewer,0,1.0
iclr_metareview_HUsmdUgBoY,binary,iclr_metareview,0.0,reviewertoo_metareviewer,0,1.0
iclr_metareview_HVFjzaQeig,binary,iclr_metareview,1.0,reviewertoo_metareviewer,0,0.0
iclr_metareview_HW2jd9vfCU,binary,iclr_metareview,0.0,reviewertoo_metareviewer,0,0.0
iclr_metareview_HWxHUO15Yy,binary,iclr_metareview,1.0,reviewertoo_metareviewer,0,0.0
iclr_metareview_HZMmM3Dmri,binary,iclr_metareview,1.0,reviewertoo_metareviewer,0,1.0
iclr_metareview_Hcux3hyTMH,binary,iclr_metareview,0.0,reviewertoo_metareviewer,0,0.0
iclr_metareview_HcytH0HSaG,binary,iclr_metareview,0.0,reviewertoo_metareviewer,0,1.0
iclr_metareview_HeGMugkCOH,binary,iclr_metareview,0.0,reviewertoo_metareviewer,0,1.0
iclr_metareview_Hf7jMztvve,binary,iclr_metareview,0.0,reviewertoo_metareviewer,0,0.0
iclr_metareview_HfeaBo6juX,binary,iclr_metareview,0.0,reviewertoo_metareviewer,0,0.0
iclr_metareview_HgdXXylDjs,binary,iclr_metareview,0.0,reviewertoo_metareviewer,0,1.0
iclr_metareview_HhThhjKyfw,binary,iclr_metareview,1.0,reviewertoo_metareviewer,0,1.0
iclr_metareview_HhdNIrn7WJ,binary,iclr_metareview,1.0,reviewertoo_metareviewer,0,0.0
iclr_metareview_Hi1PePfpyH,binary,iclr_metareview,0.0,reviewertoo_metareviewer,0,0.0
iclr_metareview_HjLC5fEWcI,binary,iclr_metareview,0.0,reviewertoo_metareviewer,0,0.0
iclr_metareview_HjwrSWaMEm,binary,iclr_metareview,0.0,reviewertoo_metareviewer,0,1.0
iclr_metareview_HksswvbYIp,binary,iclr_metareview,0.0,reviewertoo_metareviewer,0,0.0
iclr_metareview_HpXGsaMPeB,binary,iclr_metareview,0.0,reviewertoo_metareviewer,0,0.0
iclr_metareview_HqLrZ1YYdb,binary,iclr_metareview,0.0,reviewertoo_metareviewer,0,1.0
iclr_metareview_HtA7b5pPLy,binary,iclr_metareview,0.0,reviewertoo_metareviewer,0,0.0
iclr_metareview_HtQ2vwqzh9,binary,iclr_metareview,0.0,reviewertoo_metareviewer,0,0.0
iclr_metareview_HtjP4N3n17,binary,iclr_metareview,0.0,reviewertoo_metareviewer,0,0.0
iclr_metareview_HuFMP0R4DR,binary,iclr_metareview,0.0,reviewertoo_metareviewer,0,0.0
iclr_metareview_HuuCWjlJuQ,binary,iclr_metareview,0.0,reviewertoo_metareviewer,0,1.0
iclr_metareview_HvOKarTubb,binary,iclr_metareview,1.0,reviewertoo_metareviewer,0,1.0
iclr_metareview_HvnXrTdyTe,binary,iclr_metareview,0.0,reviewertoo_metareviewer,0,1.0
iclr_metareview_Hw5yTnlvre,binary,iclr_metareview,0.0,reviewertoo_metareviewer,0,0.0
iclr_metareview_HxLGntmbf2,binary,iclr_metareview,0.0,reviewertoo_metareviewer,0,0.0
iclr_metareview_Hxzjxu4y6A,binary,iclr_metareview,0.0,reviewertoo_metareviewer,0,0.0
iclr_metareview_I2GvVRgiAv,binary,iclr_metareview,0.0,reviewertoo_metareviewer,0,0.0
iclr_metareview_I3W8PynQU0,binary,iclr_metareview,0.0,reviewertoo_metareviewer,0,1.0
iclr_metareview_I4jBCglUOI,binary,iclr_metareview,0.0,reviewertoo_metareviewer,0,0.0
iclr_metareview_I4meJN28Ol,binary,iclr_metareview,1.0,reviewertoo_metareviewer,0,0.0
iclr_metareview_I69SaLbwqZ,binary,iclr_metareview,1.0,reviewertoo_metareviewer,0,1.0
iclr_metareview_I6LUSZMJLa,binary,iclr_metareview,1.0,reviewertoo_metareviewer,0,1.0
iclr_metareview_I6lEri0e2K,binary,iclr_metareview,0.0,reviewertoo_metareviewer,0,1.0
iclr_metareview_I80at0vIk2,binary,iclr_metareview,0.0,reviewertoo_metareviewer,0,0.0
iclr_metareview_I9ED9VWZq6,binary,iclr_metareview,1.0,reviewertoo_metareviewer,0,1.0
iclr_metareview_I9M5OoOBnI,binary,iclr_metareview,1.0,reviewertoo_metareviewer,0,1.0
iclr_metareview_I9P0Yu73if,binary,iclr_metareview,0.0,reviewertoo_metareviewer,0,0.0
iclr_metareview_I9f5NdjBvK,binary,iclr_metareview,0.0,reviewertoo_metareviewer,0,0.0
iclr_metareview_I9o2OkPwCX,binary,iclr_metareview,1.0,reviewertoo_metareviewer,0,0.0
iclr_metareview_IB7FSTevuF,binary,iclr_metareview,0.0,reviewertoo_metareviewer,0,0.0
iclr_metareview_IC5WZt23gv,binary,iclr_metareview,0.0,reviewertoo_metareviewer,0,0.0
iclr_metareview_ICANwnoGgN,binary,iclr_metareview,0.0,reviewertoo_metareviewer,0,1.0
iclr_metareview_IDGX3ZJJzm,binary,iclr_metareview,0.0,reviewertoo_metareviewer,0,0.0
iclr_metareview_IEDYctsolA,binary,iclr_metareview,0.0,reviewertoo_metareviewer,0,0.0
iclr_metareview_IGJ2zedN86,binary,iclr_metareview,0.0,reviewertoo_metareviewer,0,1.0
iclr_metareview_IIBeaZNQaY,binary,iclr_metareview,0.0,reviewertoo_metareviewer,0,0.0
iclr_metareview_IIrPoZ28dN,binary,iclr_metareview,0.0,reviewertoo_metareviewer,0,1.0
iclr_metareview_IJLIYpCkwz,binary,iclr_metareview,1.0,reviewertoo_metareviewer,0,0.0
iclr_metareview_IKB9uhMVH9,binary,iclr_metareview,0.0,reviewertoo_metareviewer,0,1.0
iclr_metareview_IKJyRyHpHV,binary,iclr_metareview,0.0,reviewertoo_metareviewer,0,1.0
iclr_metareview_IKVUB9Exuc,binary,iclr_metareview,1.0,reviewertoo_metareviewer,0,0.0
iclr_metareview_IKy24F8tGn,binary,iclr_metareview,0.0,reviewertoo_metareviewer,0,0.0
iclr_metareview_INXrtaUeGR,binary,iclr_metareview,0.0,reviewertoo_metareviewer,0,1.0
iclr_metareview_INoDyme6wS,binary,iclr_metareview,0.0,reviewertoo_metareviewer,0,1.0
iclr_metareview_INr5TSooxR,binary,iclr_metareview,1.0,reviewertoo_metareviewer,0,1.0
iclr_metareview_IOmPy7P1y4,binary,iclr_metareview,1.0,reviewertoo_metareviewer,0,1.0
iclr_metareview_IPmRcJkvuv,binary,iclr_metareview,0.0,reviewertoo_metareviewer,0,0.0
iclr_metareview_IQ234rluEH,binary,iclr_metareview,0.0,reviewertoo_metareviewer,0,0.0
iclr_metareview_IQVQAiVvAI,binary,iclr_metareview,0.0,reviewertoo_metareviewer,0,0.0
iclr_metareview_IQhaeSzyup,binary,iclr_metareview,1.0,reviewertoo_metareviewer,0,0.0
iclr_metareview_IQttyo0460,binary,iclr_metareview,1.0,reviewertoo_metareviewer,0,0.0
iclr_metareview_IRrQgf2GAl,binary,iclr_metareview,0.0,reviewertoo_metareviewer,0,0.0
iclr_metareview_ISB008MEaM,binary,iclr_metareview,0.0,reviewertoo_metareviewer,0,1.0
iclr_metareview_ISHsdUmdpn,binary,iclr_metareview,0.0,reviewertoo_metareviewer,0,0.0
iclr_metareview_ISZPRsh5YV,binary,iclr_metareview,1.0,reviewertoo_metareviewer,0,0.0
iclr_metareview_IU4rqTlpRb,binary,iclr_metareview,1.0,reviewertoo_metareviewer,0,1.0
iclr_metareview_IVjs6vNDhV,binary,iclr_metareview,1.0,reviewertoo_metareviewer,0,0.0
iclr_metareview_IW8D0Ouv0Q,binary,iclr_metareview,0.0,reviewertoo_metareviewer,0,1.0
iclr_metareview_Ia0EZQgalH,binary,iclr_metareview,0.0,reviewertoo_metareviewer,0,1.0
iclr_metareview_IaEqjWXd1d,binary,iclr_metareview,1.0,reviewertoo_metareviewer,0,1.0
iclr_metareview_IaGf8Eh5Uo,binary,iclr_metareview,1.0,reviewertoo_metareviewer,0,1.0
iclr_metareview_IccLTTXjHE,binary,iclr_metareview,0.0,reviewertoo_metareviewer,0,0.0
iclr_metareview_IdPerHPpW3,binary,iclr_metareview,0.0,reviewertoo_metareviewer,0,0.0
iclr_metareview_Idst6X6gmy,binary,iclr_metareview,1.0,reviewertoo_metareviewer,0,0.0
iclr_metareview_IezZyvgdO3,binary,iclr_metareview,0.0,reviewertoo_metareviewer,0,0.0
iclr_metareview_If8O8CdCbi,binary,iclr_metareview,0.0,reviewertoo_metareviewer,0,1.0
iclr_metareview_IgZWU75BLL,binary,iclr_metareview,0.0,reviewertoo_metareviewer,0,1.0
iclr_metareview_Ii4HBlERix,binary,iclr_metareview,1.0,reviewertoo_metareviewer,0,0.0
iclr_metareview_IieErAsrna,binary,iclr_metareview,0.0,reviewertoo_metareviewer,0,1.0
iclr_metareview_IjL1xEoxXi,binary,iclr_metareview,1.0,reviewertoo_metareviewer,0,1.0
iclr_metareview_IjZdj6vL7G,binary,iclr_metareview,0.0,reviewertoo_metareviewer,0,1.0
iclr_metareview_IlBr5JJsCj,binary,iclr_metareview,1.0,reviewertoo_metareviewer,0,0.0
iclr_metareview_IlEQ1u4CJl,binary,iclr_metareview,0.0,reviewertoo_metareviewer,0,0.0
iclr_metareview_Ilc2ybQWwH,binary,iclr_metareview,0.0,reviewertoo_metareviewer,0,0.0
iclr_metareview_Ilnbgf1eeS,binary,iclr_metareview,0.0,reviewertoo_metareviewer,0,0.0
iclr_metareview_IlyesljaNb,binary,iclr_metareview,1.0,reviewertoo_metareviewer,0,1.0
iclr_metareview_IneI0qmyD9,binary,iclr_metareview,0.0,reviewertoo_metareviewer,0,1.0
iclr_metareview_IobTEbQ3vt,binary,iclr_metareview,1.0,reviewertoo_metareviewer,0,1.0
iclr_metareview_Ir0HMkRpYb,binary,iclr_metareview,1.0,reviewertoo_metareviewer,0,1.0
iclr_metareview_IsuH97hLke,binary,iclr_metareview,0.0,reviewertoo_metareviewer,0,0.0
iclr_metareview_It3uSEW3oZ,binary,iclr_metareview,0.0,reviewertoo_metareviewer,0,0.0
iclr_metareview_ItFuNJQGH4,binary,iclr_metareview,1.0,reviewertoo_metareviewer,0,0.0
iclr_metareview_IuWIzmMvKo,binary,iclr_metareview,1.0,reviewertoo_metareviewer,0,0.0
iclr_metareview_IwQz03tJ24,binary,iclr_metareview,0.0,reviewertoo_metareviewer,0,0.0
iclr_metareview_IwX6Gcvt0j,binary,iclr_metareview,1.0,reviewertoo_metareviewer,0,1.0
iclr_metareview_Iwfp9yTwf3,binary,iclr_metareview,0.0,reviewertoo_metareviewer,0,1.0
iclr_metareview_Ix4WA6AXPe,binary,iclr_metareview,0.0,reviewertoo_metareviewer,0,1.0
iclr_metareview_IxZDPYi3ZW,binary,iclr_metareview,0.0,reviewertoo_metareviewer,0,1.0
iclr_metareview_IyTNxjTuWT,binary,iclr_metareview,1.0,reviewertoo_metareviewer,0,1.0
iclr_metareview_IyV1QEc95F,binary,iclr_metareview,0.0,reviewertoo_metareviewer,0,1.0
iclr_metareview_J0c9gLAfjg,binary,iclr_metareview,0.0,reviewertoo_metareviewer,0,1.0
iclr_metareview_J1H2QAqnd2,binary,iclr_metareview,0.0,reviewertoo_metareviewer,0,1.0
iclr_metareview_J2WeAMiSZh,binary,iclr_metareview,0.0,reviewertoo_metareviewer,0,1.0
iclr_metareview_J2gI585XDK,binary,iclr_metareview,1.0,reviewertoo_metareviewer,0,0.0
iclr_metareview_J48fpzzOTN,binary,iclr_metareview,0.0,reviewertoo_metareviewer,0,1.0
iclr_metareview_J7sbjTbOll,binary,iclr_metareview,0.0,reviewertoo_metareviewer,0,1.0
iclr_metareview_J7wc4G6woS,binary,iclr_metareview,1.0,reviewertoo_metareviewer,0,1.0
iclr_metareview_J9VRPrhwjM,binary,iclr_metareview,0.0,reviewertoo_metareviewer,0,0.0
iclr_metareview_J9qGnGOfuY,binary,iclr_metareview,0.0,reviewertoo_metareviewer,0,0.0
iclr_metareview_JAIymWFRU2,binary,iclr_metareview,0.0,reviewertoo_metareviewer,0,1.0
iclr_metareview_JAalsmy7bZ,binary,iclr_metareview,0.0,reviewertoo_metareviewer,0,1.0
iclr_metareview_JEejM4WkWB,binary,iclr_metareview,0.0,reviewertoo_metareviewer,0,0.0
iclr_metareview_JFAIchgiZr,binary,iclr_metareview,0.0,reviewertoo_metareviewer,0,1.0
iclr_metareview_JFnnajbkvP,binary,iclr_metareview,1.0,reviewertoo_metareviewer,0,1.0
iclr_metareview_JG9EIz95eI,binary,iclr_metareview,0.0,reviewertoo_metareviewer,0,0.0
iclr_metareview_JGIYfwaNpT,binary,iclr_metareview,1.0,reviewertoo_metareviewer,0,0.0
iclr_metareview_JH1mMoGtyl,binary,iclr_metareview,0.0,reviewertoo_metareviewer,0,1.0
iclr_metareview_JIMM5YLShy,binary,iclr_metareview,1.0,reviewertoo_metareviewer,0,1.0
iclr_metareview_JJX158De0e,binary,iclr_metareview,0.0,reviewertoo_metareviewer,0,1.0
iclr_metareview_JKILJjKKvt,binary,iclr_metareview,0.0,reviewertoo_metareviewer,0,1.0
iclr_metareview_JMweItBmbx,binary,iclr_metareview,1.0,reviewertoo_metareviewer,0,1.0
iclr_metareview_JNAZ3e7Bwt,binary,iclr_metareview,1.0,reviewertoo_metareviewer,0,1.0
iclr_metareview_JNuk3yGDKE,binary,iclr_metareview,1.0,reviewertoo_metareviewer,0,1.0
iclr_metareview_JP7UMnzOqc,binary,iclr_metareview,0.0,reviewertoo_metareviewer,0,0.0
iclr_metareview_JPZoLWYo82,binary,iclr_metareview,0.0,reviewertoo_metareviewer,0,0.0
iclr_metareview_JPkZrGGXL6,binary,iclr_metareview,0.0,reviewertoo_metareviewer,0,0.0
iclr_metareview_JQ0OdJHOsQ,binary,iclr_metareview,0.0,reviewertoo_metareviewer,0,1.0
iclr_metareview_JQ0SIA2IA1,binary,iclr_metareview,0.0,reviewertoo_metareviewer,0,1.0
iclr_metareview_JQR8OCptcG,binary,iclr_metareview,1.0,reviewertoo_metareviewer,0,1.0
iclr_metareview_JRYurXMhhV,binary,iclr_metareview,0.0,reviewertoo_metareviewer,0,0.0
iclr_metareview_JTX0iqxBjk,binary,iclr_metareview,1.0,reviewertoo_metareviewer,0,1.0
iclr_metareview_JTtwGRACte,binary,iclr_metareview,1.0,reviewertoo_metareviewer,0,0.0
iclr_metareview_JTw4OTgIYZ,binary,iclr_metareview,0.0,reviewertoo_metareviewer,0,0.0
iclr_metareview_JWQtXbVRbs,binary,iclr_metareview,0.0,reviewertoo_metareviewer,0,0.0
iclr_metareview_JWjz9JVSXw,binary,iclr_metareview,0.0,reviewertoo_metareviewer,0,0.0
iclr_metareview_JWlGIwsCeC,binary,iclr_metareview,0.0,reviewertoo_metareviewer,0,1.0
iclr_metareview_JWsSjdDjZJ,binary,iclr_metareview,0.0,reviewertoo_metareviewer,0,0.0
iclr_metareview_JWx4DI2N8k,binary,iclr_metareview,1.0,reviewertoo_metareviewer,0,0.0
iclr_metareview_JXXtrC1x0w,binary,iclr_metareview,0.0,reviewertoo_metareviewer,0,0.0
iclr_metareview_JYwGNKfPPp,binary,iclr_metareview,1.0,reviewertoo_metareviewer,0,0.0
iclr_metareview_JZ3Svjj9hG,binary,iclr_metareview,0.0,reviewertoo_metareviewer,0,1.0
iclr_metareview_JZcTBwyyvB,binary,iclr_metareview,0.0,reviewertoo_metareviewer,0,1.0
iclr_metareview_JaLXQnA2wi,binary,iclr_metareview,0.0,reviewertoo_metareviewer,0,0.0
iclr_metareview_JcI8Q7jIMW,binary,iclr_metareview,0.0,reviewertoo_metareviewer,0,1.0
iclr_metareview_Jd6lHzaIYU,binary,iclr_metareview,0.0,reviewertoo_metareviewer,0,0.0
iclr_metareview_JdL67YDnSy,binary,iclr_metareview,0.0,reviewertoo_metareviewer,0,0.0
iclr_metareview_JdiqncU1eK,binary,iclr_metareview,0.0,reviewertoo_metareviewer,0,1.0
iclr_metareview_JenMBia97B,binary,iclr_metareview,0.0,reviewertoo_metareviewer,0,0.0
iclr_metareview_JeqXsxUTkn,binary,iclr_metareview,0.0,reviewertoo_metareviewer,0,0.0
iclr_metareview_JezCk8xjpM,binary,iclr_metareview,0.0,reviewertoo_metareviewer,0,1.0
iclr_metareview_JfhxzTASJr,binary,iclr_metareview,0.0,reviewertoo_metareviewer,0,0.0
iclr_metareview_Jgp9ebDoex,binary,iclr_metareview,0.0,reviewertoo_metareviewer,0,1.0
iclr_metareview_JgvJdICc6P,binary,iclr_metareview,1.0,reviewertoo_metareviewer,0,0.0
iclr_metareview_JhJPJtau8B,binary,iclr_metareview,0.0,reviewertoo_metareviewer,0,1.0
iclr_metareview_Jhx82FkPXe,binary,iclr_metareview,0.0,reviewertoo_metareviewer,0,0.0
iclr_metareview_JhziZbaefH,binary,iclr_metareview,0.0,reviewertoo_metareviewer,0,0.0
iclr_metareview_Ji53E867s2,binary,iclr_metareview,0.0,reviewertoo_metareviewer,0,0.0
iclr_metareview_JiplNsLiPv,binary,iclr_metareview,0.0,reviewertoo_metareviewer,0,0.0
iclr_metareview_Jj7xrsQOL6,binary,iclr_metareview,0.0,reviewertoo_metareviewer,0,0.0
iclr_metareview_JoXwhGbuMi,binary,iclr_metareview,1.0,reviewertoo_metareviewer,0,0.0
iclr_metareview_JojyT9niJL,binary,iclr_metareview,1.0,reviewertoo_metareviewer,0,0.0
iclr_metareview_Jq0KN0lgtM,binary,iclr_metareview,0.0,reviewertoo_metareviewer,0,0.0
iclr_metareview_JqksGFSl62,binary,iclr_metareview,0.0,reviewertoo_metareviewer,0,1.0
iclr_metareview_JsNmDdKJmx,binary,iclr_metareview,0.0,reviewertoo_metareviewer,0,1.0
iclr_metareview_JtgZkVdAIP,binary,iclr_metareview,0.0,reviewertoo_metareviewer,0,0.0
iclr_metareview_JwJiDLvJWm,binary,iclr_metareview,0.0,reviewertoo_metareviewer,0,0.0
iclr_metareview_JyboUMeEUi,binary,iclr_metareview,1.0,reviewertoo_metareviewer,0,1.0
iclr_metareview_JylKfgaW2V,binary,iclr_metareview,0.0,reviewertoo_metareviewer,0,0.0
iclr_metareview_Jz6aV3WshE,binary,iclr_metareview,0.0,reviewertoo_metareviewer,0,0.0
iclr_metareview_K0Zh6mzTzc,binary,iclr_metareview,1.0,reviewertoo_metareviewer,0,0.0
iclr_metareview_K1t5k8VUE7,binary,iclr_metareview,0.0,reviewertoo_metareviewer,0,0.0
iclr_metareview_K2ceVeoqbL,binary,iclr_metareview,0.0,reviewertoo_metareviewer,0,0.0
iclr_metareview_K3bOz7oYec,binary,iclr_metareview,0.0,reviewertoo_metareviewer,0,0.0
iclr_metareview_K4ngUOra9m,binary,iclr_metareview,1.0,reviewertoo_metareviewer,0,1.0
iclr_metareview_K5A2jBmEBK,binary,iclr_metareview,1.0,reviewertoo_metareviewer,0,0.0
iclr_metareview_K5t8PfzwFR,binary,iclr_metareview,0.0,reviewertoo_metareviewer,0,0.0
iclr_metareview_K6AYxvp3jl,binary,iclr_metareview,0.0,reviewertoo_metareviewer,0,1.0
iclr_metareview_K7SdrTobcY,binary,iclr_metareview,1.0,reviewertoo_metareviewer,0,0.0
iclr_metareview_K7wkjqLjrt,binary,iclr_metareview,0.0,reviewertoo_metareviewer,0,0.0
iclr_metareview_K9GAwws48i,binary,iclr_metareview,0.0,reviewertoo_metareviewer,0,1.0
iclr_metareview_K9GxQKEJzS,binary,iclr_metareview,0.0,reviewertoo_metareviewer,0,1.0
iclr_metareview_KBNvtUfjZL,binary,iclr_metareview,0.0,reviewertoo_metareviewer,0,1.0
iclr_metareview_KBXrByWLcb,binary,iclr_metareview,0.0,reviewertoo_metareviewer,0,0.0
iclr_metareview_KCdDKZCsCf,binary,iclr_metareview,0.0,reviewertoo_metareviewer,0,0.0
iclr_metareview_KF7sO7S4kG,binary,iclr_metareview,1.0,reviewertoo_metareviewer,0,1.0
iclr_metareview_KFSv2egats,binary,iclr_metareview,0.0,reviewertoo_metareviewer,0,1.0
iclr_metareview_KFUY3bhsuU,binary,iclr_metareview,0.0,reviewertoo_metareviewer,0,0.0
iclr_metareview_KHlFVENw5Q,binary,iclr_metareview,0.0,reviewertoo_metareviewer,0,0.0
iclr_metareview_KJ3zkHzsKm,binary,iclr_metareview,0.0,reviewertoo_metareviewer,0,0.0
iclr_metareview_KJkC2pwSXy,binary,iclr_metareview,0.0,reviewertoo_metareviewer,0,1.0
iclr_metareview_KJvHnl3kUv,binary,iclr_metareview,1.0,reviewertoo_metareviewer,0,1.0
iclr_metareview_KKVCWwurQQ,binary,iclr_metareview,0.0,reviewertoo_metareviewer,0,1.0
iclr_metareview_KL1LNgg73s,binary,iclr_metareview,0.0,reviewertoo_metareviewer,0,0.0
iclr_metareview_KNhTIKVCDk,binary,iclr_metareview,0.0,reviewertoo_metareviewer,0,1.0
iclr_metareview_KPQNG6Pncc,binary,iclr_metareview,0.0,reviewertoo_metareviewer,0,0.0
iclr_metareview_KPgtXpr7OX,binary,iclr_metareview,0.0,reviewertoo_metareviewer,0,1.0
iclr_metareview_KQiJDlPFJN,binary,iclr_metareview,0.0,reviewertoo_metareviewer,0,1.0
iclr_metareview_KR8viVTrX4,binary,iclr_metareview,1.0,reviewertoo_metareviewer,0,0.0
iclr_metareview_KRUNuLzQD1,binary,iclr_metareview,0.0,reviewertoo_metareviewer,0,1.0
iclr_metareview_KTIBoIq7Zo,binary,iclr_metareview,0.0,reviewertoo_metareviewer,0,1.0
iclr_metareview_KTVW33GNRU,binary,iclr_metareview,0.0,reviewertoo_metareviewer,0,0.0
iclr_metareview_KTjAeX6u2a,binary,iclr_metareview,0.0,reviewertoo_metareviewer,0,0.0
iclr_metareview_KUmc5gLndO,binary,iclr_metareview,0.0,reviewertoo_metareviewer,0,1.0
iclr_metareview_KV9hrBIqA9,binary,iclr_metareview,0.0,reviewertoo_metareviewer,0,0.0
iclr_metareview_KW6ZNSCrNG,binary,iclr_metareview,1.0,reviewertoo_metareviewer,0,1.0
iclr_metareview_KWWE5TmIya,binary,iclr_metareview,0.0,reviewertoo_metareviewer,0,0.0
iclr_metareview_KWWfLgkySm,binary,iclr_metareview,1.0,reviewertoo_metareviewer,0,1.0
iclr_metareview_KXAJtW8Bib,binary,iclr_metareview,0.0,reviewertoo_metareviewer,0,1.0
iclr_metareview_KYaNRqJ7ho,binary,iclr_metareview,0.0,reviewertoo_metareviewer,0,1.0
iclr_metareview_KaBSA3tGv0,binary,iclr_metareview,0.0,reviewertoo_metareviewer,0,0.0
iclr_metareview_KcIDfNX9ew,binary,iclr_metareview,0.0,reviewertoo_metareviewer,0,1.0
iclr_metareview_KcJ9U0x6kO,binary,iclr_metareview,1.0,reviewertoo_metareviewer,0,1.0
iclr_metareview_KdGX2PhiPo,binary,iclr_metareview,0.0,reviewertoo_metareviewer,0,1.0
iclr_metareview_Ke98pOWwJH,binary,iclr_metareview,0.0,reviewertoo_metareviewer,0,0.0
iclr_metareview_KezVIhjQuu,binary,iclr_metareview,0.0,reviewertoo_metareviewer,0,1.0
iclr_metareview_KfNl6zgIKJ,binary,iclr_metareview,0.0,reviewertoo_metareviewer,0,1.0
iclr_metareview_KfsK8ybjaP,binary,iclr_metareview,0.0,reviewertoo_metareviewer,0,1.0
iclr_metareview_Kgcbzb9CZO,binary,iclr_metareview,0.0,reviewertoo_metareviewer,0,0.0
iclr_metareview_KgyyIk59Nx,binary,iclr_metareview,0.0,reviewertoo_metareviewer,0,0.0
iclr_metareview_KhEjFE1QvQ,binary,iclr_metareview,1.0,reviewertoo_metareviewer,0,1.0
iclr_metareview_KhbaH59t4v,binary,iclr_metareview,0.0,reviewertoo_metareviewer,0,1.0
iclr_metareview_KjlLwRsiUE,binary,iclr_metareview,1.0,reviewertoo_metareviewer,0,1.0
iclr_metareview_KjyQhJUobQ,binary,iclr_metareview,0.0,reviewertoo_metareviewer,0,0.0
iclr_metareview_KkuINI7YJz,binary,iclr_metareview,0.0,reviewertoo_metareviewer,0,0.0
iclr_metareview_Kli9GFdYug,binary,iclr_metareview,0.0,reviewertoo_metareviewer,0,0.0
iclr_metareview_KlnAP2F2Zx,binary,iclr_metareview,0.0,reviewertoo_metareviewer,0,0.0
iclr_metareview_KmAQFT5F3Y,binary,iclr_metareview,0.0,reviewertoo_metareviewer,0,0.0
iclr_metareview_KmAu6XvQ5d,binary,iclr_metareview,0.0,reviewertoo_metareviewer,0,1.0
iclr_metareview_KnDkteVLTn,binary,iclr_metareview,0.0,reviewertoo_metareviewer,0,0.0
iclr_metareview_KnpHri93xw,binary,iclr_metareview,0.0,reviewertoo_metareviewer,0,0.0
iclr_metareview_KpKvtdJ6Fd,binary,iclr_metareview,0.0,reviewertoo_metareviewer,0,1.0
iclr_metareview_Kq3bPavbWW,binary,iclr_metareview,0.0,reviewertoo_metareviewer,0,0.0
iclr_metareview_KqCU5rfcMm,binary,iclr_metareview,0.0,reviewertoo_metareviewer,0,0.0
iclr_metareview_KqdKC41nd3,binary,iclr_metareview,0.0,reviewertoo_metareviewer,0,0.0
iclr_metareview_KrXpyrC2s8,binary,iclr_metareview,0.0,reviewertoo_metareviewer,0,1.0
iclr_metareview_KraMpsli1q,binary,iclr_metareview,0.0,reviewertoo_metareviewer,0,1.0
iclr_metareview_KrhLCdXmh9,binary,iclr_metareview,0.0,reviewertoo_metareviewer,0,0.0
iclr_metareview_KsXGKfTNqk,binary,iclr_metareview,0.0,reviewertoo_metareviewer,0,0.0
iclr_metareview_KsZ9EF8kjG,binary,iclr_metareview,0.0,reviewertoo_metareviewer,0,0.0
iclr_metareview_Ktd8Zus4G8,binary,iclr_metareview,0.0,reviewertoo_metareviewer,0,0.0
iclr_metareview_KtdbvFxlEA,binary,iclr_metareview,0.0,reviewertoo_metareviewer,0,0.0
iclr_metareview_KvjohQDQhB,binary,iclr_metareview,0.0,reviewertoo_metareviewer,0,0.0
iclr_metareview_Kx5CcyEY39,binary,iclr_metareview,0.0,reviewertoo_metareviewer,0,0.0
iclr_metareview_KxSBc0ESFU,binary,iclr_metareview,0.0,reviewertoo_metareviewer,0,0.0
iclr_metareview_KyIdMdPiEX,binary,iclr_metareview,0.0,reviewertoo_metareviewer,0,1.0
iclr_metareview_L0dORRnUhu,binary,iclr_metareview,0.0,reviewertoo_metareviewer,0,0.0
iclr_metareview_L0lvmP0iLp,binary,iclr_metareview,0.0,reviewertoo_metareviewer,0,0.0
iclr_metareview_L2kWjJ3a1W,binary,iclr_metareview,0.0,reviewertoo_metareviewer,0,1.0
iclr_metareview_L2rfd2Czbj,binary,iclr_metareview,1.0,reviewertoo_metareviewer,0,1.0
iclr_metareview_L3xLWvPZhb,binary,iclr_metareview,0.0,reviewertoo_metareviewer,0,0.0
iclr_metareview_L5oGS5ntnF,binary,iclr_metareview,0.0,reviewertoo_metareviewer,0,0.0
iclr_metareview_L6gIyYXXwV,binary,iclr_metareview,0.0,reviewertoo_metareviewer,0,0.0
iclr_metareview_L6rhNQQQfS,binary,iclr_metareview,0.0,reviewertoo_metareviewer,0,0.0
iclr_metareview_L7S7nNEPmk,binary,iclr_metareview,0.0,reviewertoo_metareviewer,0,1.0
iclr_metareview_L8cNlB3T4o,binary,iclr_metareview,0.0,reviewertoo_metareviewer,0,1.0
iclr_metareview_L8xYR23lRz,binary,iclr_metareview,0.0,reviewertoo_metareviewer,0,0.0
iclr_metareview_LBtWaUc7FE,binary,iclr_metareview,1.0,reviewertoo_metareviewer,0,1.0
iclr_metareview_LEexTp7B3C,binary,iclr_metareview,0.0,reviewertoo_metareviewer,0,0.0
iclr_metareview_LF9bRCLHMW,binary,iclr_metareview,0.0,reviewertoo_metareviewer,0,1.0
iclr_metareview_LHgwENmmG9,binary,iclr_metareview,0.0,reviewertoo_metareviewer,0,1.0
iclr_metareview_LIG31I6ArY,binary,iclr_metareview,0.0,reviewertoo_metareviewer,0,0.0
iclr_metareview_LIv0bfJZIi,binary,iclr_metareview,1.0,reviewertoo_metareviewer,0,1.0
iclr_metareview_LJk3ZbsTdO,binary,iclr_metareview,0.0,reviewertoo_metareviewer,0,1.0
iclr_metareview_LLK5KSbaWI,binary,iclr_metareview,0.0,reviewertoo_metareviewer,0,0.0
iclr_metareview_LN7VQ3ed1t,binary,iclr_metareview,1.0,reviewertoo_metareviewer,0,1.0
iclr_metareview_LOqTK59rxd,binary,iclr_metareview,0.0,reviewertoo_metareviewer,0,1.0
iclr_metareview_LPqjfqw2OI,binary,iclr_metareview,0.0,reviewertoo_metareviewer,0,0.0
iclr_metareview_LRdO5YypZ9,binary,iclr_metareview,0.0,reviewertoo_metareviewer,0,1.0
iclr_metareview_LS5A21bKmA,binary,iclr_metareview,0.0,reviewertoo_metareviewer,0,1.0
iclr_metareview_LSHSaY4gYM,binary,iclr_metareview,1.0,reviewertoo_metareviewer,0,1.0
iclr_metareview_LSxWHNHpGf,binary,iclr_metareview,0.0,reviewertoo_metareviewer,0,1.0
iclr_metareview_LTMMRq8jtH,binary,iclr_metareview,0.0,reviewertoo_metareviewer,0,1.0
iclr_metareview_LWYZ1nNkJl,binary,iclr_metareview,1.0,reviewertoo_metareviewer,0,0.0
iclr_metareview_LYsA3jrJxK,binary,iclr_metareview,0.0,reviewertoo_metareviewer,0,0.0
iclr_metareview_LYt5NnOoVM,binary,iclr_metareview,0.0,reviewertoo_metareviewer,0,0.0
iclr_metareview_LZ6Osh3DDD,binary,iclr_metareview,0.0,reviewertoo_metareviewer,0,0.0
iclr_metareview_LZij3Zavmr,binary,iclr_metareview,0.0,reviewertoo_metareviewer,0,0.0
iclr_metareview_LZwHsK40qW,binary,iclr_metareview,0.0,reviewertoo_metareviewer,0,1.0
iclr_metareview_LafrTql67m,binary,iclr_metareview,0.0,reviewertoo_metareviewer,0,0.0
iclr_metareview_LeatkxrBCi,binary,iclr_metareview,1.0,reviewertoo_metareviewer,0,0.0
iclr_metareview_Lej4WvdpFE,binary,iclr_metareview,1.0,reviewertoo_metareviewer,0,0.0
iclr_metareview_LjOElgYIsV,binary,iclr_metareview,0.0,reviewertoo_metareviewer,0,0.0
iclr_metareview_Lk9SqMQzhX,binary,iclr_metareview,1.0,reviewertoo_metareviewer,0,1.0
iclr_metareview_LkRlZSo2RA,binary,iclr_metareview,0.0,reviewertoo_metareviewer,0,1.0
iclr_metareview_LktUOZayG9,binary,iclr_metareview,1.0,reviewertoo_metareviewer,0,1.0
iclr_metareview_Lm46gJA0q8,binary,iclr_metareview,1.0,reviewertoo_metareviewer,0,1.0
iclr_metareview_Lmqs7qBpzk,binary,iclr_metareview,0.0,reviewertoo_metareviewer,0,1.0
iclr_metareview_LnbMSnQpXb,binary,iclr_metareview,0.0,reviewertoo_metareviewer,0,0.0
iclr_metareview_LoPF9Zl7ic,binary,iclr_metareview,0.0,reviewertoo_metareviewer,0,1.0
iclr_metareview_LoisXFZL3k,binary,iclr_metareview,1.0,reviewertoo_metareviewer,0,0.0
iclr_metareview_LqpDVoYWtq,binary,iclr_metareview,0.0,reviewertoo_metareviewer,0,1.0
iclr_metareview_LquoWQaEyw,binary,iclr_metareview,0.0,reviewertoo_metareviewer,0,1.0
iclr_metareview_LqvvgdvKOc,binary,iclr_metareview,0.0,reviewertoo_metareviewer,0,0.0
iclr_metareview_LrFCmRuKwc,binary,iclr_metareview,0.0,reviewertoo_metareviewer,0,1.0
iclr_metareview_LrK8nwGUgl,binary,iclr_metareview,0.0,reviewertoo_metareviewer,0,0.0
iclr_metareview_LrWpq1zmeb,binary,iclr_metareview,0.0,reviewertoo_metareviewer,0,1.0
iclr_metareview_LrXGarwVO8,binary,iclr_metareview,0.0,reviewertoo_metareviewer,0,0.0
iclr_metareview_LrmyW9JLYq,binary,iclr_metareview,1.0,reviewertoo_metareviewer,0,1.0
iclr_metareview_Lu7WPPkmOq,binary,iclr_metareview,0.0,reviewertoo_metareviewer,0,0.0
iclr_metareview_LuZjiUNuFL,binary,iclr_metareview,1.0,reviewertoo_metareviewer,0,1.0
iclr_metareview_LwdxjLUa64,binary,iclr_metareview,0.0,reviewertoo_metareviewer,0,0.0
iclr_metareview_LwjUKEWAvt,binary,iclr_metareview,0.0,reviewertoo_metareviewer,0,1.0
iclr_metareview_Lx4MhiIzhH,binary,iclr_metareview,0.0,reviewertoo_metareviewer,0,1.0
iclr_metareview_LxkfjD81xB,binary,iclr_metareview,0.0,reviewertoo_metareviewer,0,1.0
iclr_metareview_Lxlz6v2frb,binary,iclr_metareview,0.0,reviewertoo_metareviewer,0,0.0
iclr_metareview_LzOz7NKZI2,binary,iclr_metareview,0.0,reviewertoo_metareviewer,0,0.0
iclr_metareview_M01TqTyVjv,binary,iclr_metareview,0.0,reviewertoo_metareviewer,0,1.0
iclr_metareview_M0czNtnviA,binary,iclr_metareview,0.0,reviewertoo_metareviewer,0,1.0
iclr_metareview_M0n3gtwHNg,binary,iclr_metareview,1.0,reviewertoo_metareviewer,0,1.0
iclr_metareview_M2AXTAKXbz,binary,iclr_metareview,0.0,reviewertoo_metareviewer,0,1.0
iclr_metareview_M2xifZ9wn0,binary,iclr_metareview,0.0,reviewertoo_metareviewer,0,1.0
iclr_metareview_M34Eyawzm5,binary,iclr_metareview,0.0,reviewertoo_metareviewer,0,0.0
iclr_metareview_M4He5YzG44,binary,iclr_metareview,0.0,reviewertoo_metareviewer,0,1.0
iclr_metareview_M5TPYxgmd2,binary,iclr_metareview,0.0,reviewertoo_metareviewer,0,0.0
iclr_metareview_M7PDJTrqcS,binary,iclr_metareview,1.0,reviewertoo_metareviewer,0,0.0
iclr_metareview_M8RZOT1XWm,binary,iclr_metareview,0.0,reviewertoo_metareviewer,0,1.0
iclr_metareview_M9jciGcJpC,binary,iclr_metareview,0.0,reviewertoo_metareviewer,0,0.0
iclr_metareview_MAApSY32Z6,binary,iclr_metareview,1.0,reviewertoo_metareviewer,0,1.0
iclr_metareview_MAB0rl5k9M,binary,iclr_metareview,0.0,reviewertoo_metareviewer,0,1.0
iclr_metareview_MBJCUQ2Iez,binary,iclr_metareview,0.0,reviewertoo_metareviewer,0,0.0
iclr_metareview_MCb0u5GpLj,binary,iclr_metareview,0.0,reviewertoo_metareviewer,0,0.0
iclr_metareview_MDECkMARVE,binary,iclr_metareview,0.0,reviewertoo_metareviewer,0,0.0
iclr_metareview_MDRp9XhGtS,binary,iclr_metareview,1.0,reviewertoo_metareviewer,0,1.0
iclr_metareview_MDxLNScqiK,binary,iclr_metareview,0.0,reviewertoo_metareviewer,0,1.0
iclr_metareview_MFrJ3NzA5H,binary,iclr_metareview,1.0,reviewertoo_metareviewer,0,1.0
iclr_metareview_MGSIggp1mV,binary,iclr_metareview,0.0,reviewertoo_metareviewer,0,1.0
iclr_metareview_MKXIYeLMQU,binary,iclr_metareview,0.0,reviewertoo_metareviewer,0,0.0
iclr_metareview_MMGRlDnhtI,binary,iclr_metareview,1.0,reviewertoo_metareviewer,0,1.0
iclr_metareview_MMp1idQVTg,binary,iclr_metareview,0.0,reviewertoo_metareviewer,0,0.0
iclr_metareview_MNOrwRlchp,binary,iclr_metareview,0.0,reviewertoo_metareviewer,0,0.0
iclr_metareview_MQV4TJyqnb,binary,iclr_metareview,1.0,reviewertoo_metareviewer,0,0.0
iclr_metareview_MQmrcX5jnk,binary,iclr_metareview,1.0,reviewertoo_metareviewer,0,0.0
iclr_metareview_MSi0whiWQA,binary,iclr_metareview,0.0,reviewertoo_metareviewer,0,1.0
iclr_metareview_MT1CuTuLXf,binary,iclr_metareview,0.0,reviewertoo_metareviewer,0,0.0
iclr_metareview_MTlBNELM9S,binary,iclr_metareview,0.0,reviewertoo_metareviewer,0,1.0
iclr_metareview_MW9fbt9q1g,binary,iclr_metareview,0.0,reviewertoo_metareviewer,0,0.0
iclr_metareview_MY0NHvqzi2,binary,iclr_metareview,1.0,reviewertoo_metareviewer,0,0.0
iclr_metareview_MavR6fJmUx,binary,iclr_metareview,0.0,reviewertoo_metareviewer,0,0.0
iclr_metareview_MbkgZu9v7S,binary,iclr_metareview,0.0,reviewertoo_metareviewer,0,0.0
iclr_metareview_MeheqamU9a,binary,iclr_metareview,0.0,reviewertoo_metareviewer,0,0.0
iclr_metareview_MfVpY7E7Xw,binary,iclr_metareview,0.0,reviewertoo_metareviewer,0,1.0
iclr_metareview_Mfo432o1pB,binary,iclr_metareview,0.0,reviewertoo_metareviewer,0,1.0
iclr_metareview_MgJUj9Sk3C,binary,iclr_metareview,1.0,reviewertoo_metareviewer,0,1.0
iclr_metareview_MiV3WXDYJb,binary,iclr_metareview,1.0,reviewertoo_metareviewer,0,1.0
iclr_metareview_Mj9eFarwPM,binary,iclr_metareview,0.0,reviewertoo_metareviewer,0,0.0
iclr_metareview_MjJrhfAmRG,binary,iclr_metareview,0.0,reviewertoo_metareviewer,0,1.0
iclr_metareview_MjmORKLHUI,binary,iclr_metareview,1.0,reviewertoo_metareviewer,0,1.0
iclr_metareview_Mk3lwSCW0Q,binary,iclr_metareview,0.0,reviewertoo_metareviewer,0,1.0
iclr_metareview_Mkjcuo6PN4,binary,iclr_metareview,1.0,reviewertoo_metareviewer,0,0.0
iclr_metareview_Ml4AtrrfQT,binary,iclr_metareview,1.0,reviewertoo_metareviewer,0,1.0
iclr_metareview_MmWZ2xVJ7z,binary,iclr_metareview,1.0,reviewertoo_metareviewer,0,0.0
iclr_metareview_MqSSkWM48D,binary,iclr_metareview,0.0,reviewertoo_metareviewer,0,0.0
iclr_metareview_MtOPVSMTz0,binary,iclr_metareview,0.0,reviewertoo_metareviewer,0,1.0
iclr_metareview_MtsmJZXIu5,binary,iclr_metareview,0.0,reviewertoo_metareviewer,0,1.0
iclr_metareview_MuTv2itpoj,binary,iclr_metareview,0.0,reviewertoo_metareviewer,0,0.0
iclr_metareview_MvlBFwAwK8,binary,iclr_metareview,0.0,reviewertoo_metareviewer,0,0.0
iclr_metareview_N1v0kQwy92,binary,iclr_metareview,0.0,reviewertoo_metareviewer,0,0.0
iclr_metareview_N32MEJqbPu,binary,iclr_metareview,0.0,reviewertoo_metareviewer,0,0.0
iclr_metareview_N4O70NauD9,binary,iclr_metareview,0.0,reviewertoo_metareviewer,0,0.0
iclr_metareview_N4l4Jp50R4,binary,iclr_metareview,1.0,reviewertoo_metareviewer,0,0.0
iclr_metareview_N5ggpxl8Os,binary,iclr_metareview,0.0,reviewertoo_metareviewer,0,0.0
iclr_metareview_N6MIqE11eF,binary,iclr_metareview,0.0,reviewertoo_metareviewer,0,1.0
iclr_metareview_NBGfdY7vRN,binary,iclr_metareview,0.0,reviewertoo_metareviewer,0,1.0
iclr_metareview_NBIdT91VZh,binary,iclr_metareview,0.0,reviewertoo_metareviewer,0,0.0
iclr_metareview_NCN8oUsiNf,binary,iclr_metareview,1.0,reviewertoo_metareviewer,0,1.0
iclr_metareview_NEFldJX4zb,binary,iclr_metareview,1.0,reviewertoo_metareviewer,0,0.0
iclr_metareview_NEkYHQSXvQ,binary,iclr_metareview,0.0,reviewertoo_metareviewer,0,1.0
iclr_metareview_NHOLsaHuFv,binary,iclr_metareview,1.0,reviewertoo_metareviewer,0,0.0
iclr_metareview_NHP2Y8IVMU,binary,iclr_metareview,1.0,reviewertoo_metareviewer,0,0.0
iclr_metareview_NI42ANbHBk,binary,iclr_metareview,0.0,reviewertoo_metareviewer,0,1.0
iclr_metareview_NIA49K1k1N,binary,iclr_metareview,0.0,reviewertoo_metareviewer,0,1.0
iclr_metareview_NJGBIuLfK1,binary,iclr_metareview,0.0,reviewertoo_metareviewer,0,0.0
iclr_metareview_NN0ab41ifX,binary,iclr_metareview,0.0,reviewertoo_metareviewer,0,0.0
iclr_metareview_NNpE9iiPNR,binary,iclr_metareview,0.0,reviewertoo_metareviewer,0,0.0
iclr_metareview_NNqi3tBcZr,binary,iclr_metareview,0.0,reviewertoo_metareviewer,0,1.0
iclr_metareview_NO2m5hHuXy,binary,iclr_metareview,0.0,reviewertoo_metareviewer,0,0.0
iclr_metareview_NOvH1e0H4R,binary,iclr_metareview,0.0,reviewertoo_metareviewer,0,1.0
iclr_metareview_NPcdp9OIf8,binary,iclr_metareview,0.0,reviewertoo_metareviewer,0,0.0
iclr_metareview_NPoMZuiHnM,binary,iclr_metareview,0.0,reviewertoo_metareviewer,0,0.0
iclr_metareview_NQWk6sTyl4,binary,iclr_metareview,0.0,reviewertoo_metareviewer,0,0.0
iclr_metareview_NQsdnYkCar,binary,iclr_metareview,1.0,reviewertoo_metareviewer,0,1.0
iclr_metareview_NRJQYTploS,binary,iclr_metareview,0.0,reviewertoo_metareviewer,0,0.0
iclr_metareview_NRX1iNUrZ3,binary,iclr_metareview,0.0,reviewertoo_metareviewer,0,0.0
iclr_metareview_NT6o1Yv3V5,binary,iclr_metareview,0.0,reviewertoo_metareviewer,0,1.0
iclr_metareview_NTbAH4UD6K,binary,iclr_metareview,0.0,reviewertoo_metareviewer,0,0.0
iclr_metareview_NTvlBYvnoM,binary,iclr_metareview,0.0,reviewertoo_metareviewer,0,0.0
iclr_metareview_NU5i4gZJev,binary,iclr_metareview,0.0,reviewertoo_metareviewer,0,0.0
iclr_metareview_NVRVyyNCAl,binary,iclr_metareview,0.0,reviewertoo_metareviewer,0,0.0
iclr_metareview_NVggl3a16p,binary,iclr_metareview,0.0,reviewertoo_metareviewer,0,1.0
iclr_metareview_NYUxN6plEh,binary,iclr_metareview,0.0,reviewertoo_metareviewer,0,1.0
iclr_metareview_NYphgYTloq,binary,iclr_metareview,1.0,reviewertoo_metareviewer,0,0.0
iclr_metareview_NYvvkBlSX2,binary,iclr_metareview,1.0,reviewertoo_metareviewer,0,1.0
iclr_metareview_NZSsN8cL0r,binary,iclr_metareview,0.0,reviewertoo_metareviewer,0,1.0
iclr_metareview_NaSQ6l4swN,binary,iclr_metareview,0.0,reviewertoo_metareviewer,0,1.0
iclr_metareview_NcFtbEJ4EH,binary,iclr_metareview,0.0,reviewertoo_metareviewer,0,0.0
iclr_metareview_NdVJhqnotp,binary,iclr_metareview,0.0,reviewertoo_metareviewer,0,1.0
iclr_metareview_NfO2Lt2WY7,binary,iclr_metareview,0.0,reviewertoo_metareviewer,0,1.0
iclr_metareview_NlizdhvhvM,binary,iclr_metareview,0.0,reviewertoo_metareviewer,0,1.0
iclr_metareview_NlkykTqAId,binary,iclr_metareview,1.0,reviewertoo_metareviewer,0,0.0
iclr_metareview_NlnDselrtl,binary,iclr_metareview,1.0,reviewertoo_metareviewer,0,1.0
iclr_metareview_Nlsv8Z8fX7,binary,iclr_metareview,0.0,reviewertoo_metareviewer,0,1.0
iclr_metareview_NnEfjLA50a,binary,iclr_metareview,0.0,reviewertoo_metareviewer,0,0.0
iclr_metareview_NnX0KVNceR,binary,iclr_metareview,0.0,reviewertoo_metareviewer,0,0.0
iclr_metareview_NokbiILX9n,binary,iclr_metareview,0.0,reviewertoo_metareviewer,0,1.0
iclr_metareview_NpU7ZXafRi,binary,iclr_metareview,1.0,reviewertoo_metareviewer,0,0.0
iclr_metareview_NpkI32QYTI,binary,iclr_metareview,0.0,reviewertoo_metareviewer,0,0.0
iclr_metareview_NqTeVoz36v,binary,iclr_metareview,0.0,reviewertoo_metareviewer,0,0.0
iclr_metareview_Nqjyrvh3pf,binary,iclr_metareview,1.0,reviewertoo_metareviewer,0,1.0
iclr_metareview_NqtYz3A8tQ,binary,iclr_metareview,1.0,reviewertoo_metareviewer,0,0.0
iclr_metareview_Nt0cnag6n8,binary,iclr_metareview,0.0,reviewertoo_metareviewer,0,0.0
iclr_metareview_NteaYNay7g,binary,iclr_metareview,0.0,reviewertoo_metareviewer,0,0.0
iclr_metareview_NtxX9jyVxd,binary,iclr_metareview,0.0,reviewertoo_metareviewer,0,1.0
iclr_metareview_NuA9XtWY6s,binary,iclr_metareview,0.0,reviewertoo_metareviewer,0,0.0
iclr_metareview_NvHFk2D2g3,binary,iclr_metareview,0.0,reviewertoo_metareviewer,0,1.0
iclr_metareview_NvJppyxERB,binary,iclr_metareview,0.0,reviewertoo_metareviewer,0,0.0
iclr_metareview_NvKvW5k6Kk,binary,iclr_metareview,1.0,reviewertoo_metareviewer,0,0.0
iclr_metareview_NvSRYp0oaX,binary,iclr_metareview,1.0,reviewertoo_metareviewer,0,1.0
iclr_metareview_NyCMtrOSXP,binary,iclr_metareview,0.0,reviewertoo_metareviewer,0,0.0
iclr_metareview_Nz6hM8kuHh,binary,iclr_metareview,0.0,reviewertoo_metareviewer,0,1.0
iclr_metareview_O0BRg90v1Y,binary,iclr_metareview,0.0,reviewertoo_metareviewer,0,1.0
iclr_metareview_O0FcS21JVY,binary,iclr_metareview,0.0,reviewertoo_metareviewer,0,0.0
iclr_metareview_O0OPGytwpb,binary,iclr_metareview,0.0,reviewertoo_metareviewer,0,0.0
iclr_metareview_O1hfVE0UxG,binary,iclr_metareview,1.0,reviewertoo_metareviewer,0,1.0
iclr_metareview_O2FsAk8QGB,binary,iclr_metareview,0.0,reviewertoo_metareviewer,0,0.0
iclr_metareview_O2Y1laOELd,binary,iclr_metareview,0.0,reviewertoo_metareviewer,0,1.0
iclr_metareview_O3CuUy5XAX,binary,iclr_metareview,0.0,reviewertoo_metareviewer,0,0.0
iclr_metareview_O3Fx4d0nYH,binary,iclr_metareview,0.0,reviewertoo_metareviewer,0,0.0
iclr_metareview_O3shkBWM2s,binary,iclr_metareview,1.0,reviewertoo_metareviewer,0,1.0
iclr_metareview_O40rfqDGm4,binary,iclr_metareview,0.0,reviewertoo_metareviewer,0,0.0
iclr_metareview_O4rR59WKHL,binary,iclr_metareview,0.0,reviewertoo_metareviewer,0,1.0
iclr_metareview_O64T48CprS,binary,iclr_metareview,0.0,reviewertoo_metareviewer,0,0.0
iclr_metareview_O70LkLl3gW,binary,iclr_metareview,1.0,reviewertoo_metareviewer,0,1.0
iclr_metareview_O7q6UcYQHq,binary,iclr_metareview,0.0,reviewertoo_metareviewer,0,0.0
iclr_metareview_O8mKIlitVf,binary,iclr_metareview,0.0,reviewertoo_metareviewer,0,1.0
iclr_metareview_OALhVHiRba,binary,iclr_metareview,0.0,reviewertoo_metareviewer,0,1.0
iclr_metareview_OCVIGEitkg,binary,iclr_metareview,0.0,reviewertoo_metareviewer,0,1.0
iclr_metareview_OCkJKMhIzV,binary,iclr_metareview,0.0,reviewertoo_metareviewer,0,0.0
iclr_metareview_ODB82HDp0V,binary,iclr_metareview,1.0,reviewertoo_metareviewer,0,0.0
iclr_metareview_ODFmXdFAWx,binary,iclr_metareview,0.0,reviewertoo_metareviewer,0,0.0
iclr_metareview_OEMMsU8N48,binary,iclr_metareview,0.0,reviewertoo_metareviewer,0,1.0
iclr_metareview_OEXOAMvsc6,binary,iclr_metareview,0.0,reviewertoo_metareviewer,0,0.0
iclr_metareview_OGvXBluCHd,binary,iclr_metareview,0.0,reviewertoo_metareviewer,0,1.0
iclr_metareview_OHSXtOwKwI,binary,iclr_metareview,0.0,reviewertoo_metareviewer,0,1.0
iclr_metareview_OHqZ61ZqNO,binary,iclr_metareview,1.0,reviewertoo_metareviewer,0,1.0
iclr_metareview_OIXQUG0mf6,binary,iclr_metareview,0.0,reviewertoo_metareviewer,0,0.0
iclr_metareview_OJcic0GUBj,binary,iclr_metareview,0.0,reviewertoo_metareviewer,0,1.0
iclr_metareview_OKnM5rEUbg,binary,iclr_metareview,0.0,reviewertoo_metareviewer,0,1.0
iclr_metareview_OMf3w00d95,binary,iclr_metareview,1.0,reviewertoo_metareviewer,0,0.0
iclr_metareview_OMjcX1Z6Uu,binary,iclr_metareview,1.0,reviewertoo_metareviewer,0,0.0
iclr_metareview_OMmgRRh5YL,binary,iclr_metareview,0.0,reviewertoo_metareviewer,0,0.0
iclr_metareview_ONEyVpgK34,binary,iclr_metareview,0.0,reviewertoo_metareviewer,0,0.0
iclr_metareview_ONfuqbOys3,binary,iclr_metareview,0.0,reviewertoo_metareviewer,0,1.0
iclr_metareview_ONnCqx996U,binary,iclr_metareview,0.0,reviewertoo_metareviewer,0,1.0
iclr_metareview_OOTokVgBY6,binary,iclr_metareview,1.0,reviewertoo_metareviewer,0,1.0
iclr_metareview_OQRs4JYvuv,binary,iclr_metareview,0.0,reviewertoo_metareviewer,0,1.0
iclr_metareview_OQaEsUCzTj,binary,iclr_metareview,0.0,reviewertoo_metareviewer,0,1.0
iclr_metareview_OQf4ZnPizX,binary,iclr_metareview,0.0,reviewertoo_metareviewer,0,1.0
iclr_metareview_OR0FF4B0lt,binary,iclr_metareview,0.0,reviewertoo_metareviewer,0,1.0
iclr_metareview_ORSclmXC6X,binary,iclr_metareview,0.0,reviewertoo_metareviewer,0,0.0
iclr_metareview_ORv3SAzus1,binary,iclr_metareview,1.0,reviewertoo_metareviewer,0,1.0
iclr_metareview_OXOGZxjCsN,binary,iclr_metareview,0.0,reviewertoo_metareviewer,0,0.0
iclr_metareview_OXRnvOOiAf,binary,iclr_metareview,1.0,reviewertoo_metareviewer,0,0.0
iclr_metareview_OZjLqxUfO3,binary,iclr_metareview,0.0,reviewertoo_metareviewer,0,0.0
iclr_metareview_OaWiP9VTgO,binary,iclr_metareview,0.0,reviewertoo_metareviewer,0,1.0
iclr_metareview_ObF4WIMkY6,binary,iclr_metareview,1.0,reviewertoo_metareviewer,0,0.0
iclr_metareview_ObIJ9rsxgT,binary,iclr_metareview,0.0,reviewertoo_metareviewer,0,0.0
iclr_metareview_OcDLoWophn,binary,iclr_metareview,0.0,reviewertoo_metareviewer,0,0.0
iclr_metareview_OdKBFAmCYX,binary,iclr_metareview,0.0,reviewertoo_metareviewer,0,1.0
iclr_metareview_OdmnyuhrRY,binary,iclr_metareview,0.0,reviewertoo_metareviewer,0,1.0
iclr_metareview_OenyzvFZPs,binary,iclr_metareview,1.0,reviewertoo_metareviewer,0,0.0
iclr_metareview_OferBmc2zT,binary,iclr_metareview,0.0,reviewertoo_metareviewer,0,1.0
iclr_metareview_Og1klGbvlM,binary,iclr_metareview,1.0,reviewertoo_metareviewer,0,0.0
iclr_metareview_OgVBUtsYKo,binary,iclr_metareview,0.0,reviewertoo_metareviewer,0,0.0
iclr_metareview_OhBUZjj5NC,binary,iclr_metareview,0.0,reviewertoo_metareviewer,0,0.0
iclr_metareview_OhndOnT4Ih,binary,iclr_metareview,0.0,reviewertoo_metareviewer,0,0.0
iclr_metareview_OhvYHqvlJs,binary,iclr_metareview,0.0,reviewertoo_metareviewer,0,0.0
iclr_metareview_OjFPPP71O4,binary,iclr_metareview,0.0,reviewertoo_metareviewer,0,0.0
iclr_metareview_OkNxZGenYr,binary,iclr_metareview,1.0,reviewertoo_metareviewer,0,0.0
iclr_metareview_Oljnxmf4pc,binary,iclr_metareview,1.0,reviewertoo_metareviewer,0,1.0
iclr_metareview_OndDxNGrqJ,binary,iclr_metareview,0.0,reviewertoo_metareviewer,0,1.0
iclr_metareview_Oo5t7b1jQu,binary,iclr_metareview,0.0,reviewertoo_metareviewer,0,0.0
iclr_metareview_OqULklfJdv,binary,iclr_metareview,0.0,reviewertoo_metareviewer,0,0.0
iclr_metareview_OqZ7bm28Xx,binary,iclr_metareview,1.0,reviewertoo_metareviewer,0,1.0
iclr_metareview_OsXr7S8X4x,binary,iclr_metareview,0.0,reviewertoo_metareviewer,0,1.0
iclr_metareview_OswqOlTYR2,binary,iclr_metareview,1.0,reviewertoo_metareviewer,0,0.0
iclr_metareview_OuW3gCJRBK,binary,iclr_metareview,0.0,reviewertoo_metareviewer,0,0.0
iclr_metareview_Ovmvu3IZAp,binary,iclr_metareview,0.0,reviewertoo_metareviewer,0,0.0
iclr_metareview_OxHeFPz2Wr,binary,iclr_metareview,0.0,reviewertoo_metareviewer,0,0.0
iclr_metareview_OyIJvyyB3R,binary,iclr_metareview,1.0,reviewertoo_metareviewer,0,1.0
iclr_metareview_P05rwPJ7sS,binary,iclr_metareview,0.0,reviewertoo_metareviewer,0,1.0
iclr_metareview_P0XgfEmceK,binary,iclr_metareview,0.0,reviewertoo_metareviewer,0,1.0
iclr_metareview_P1PZBR6a4S,binary,iclr_metareview,1.0,reviewertoo_metareviewer,0,1.0
iclr_metareview_P2m7gvtfrE,binary,iclr_metareview,0.0,reviewertoo_metareviewer,0,0.0
iclr_metareview_P5PMlDS29K,binary,iclr_metareview,0.0,reviewertoo_metareviewer,0,0.0
iclr_metareview_P61Mb28dnY,binary,iclr_metareview,0.0,reviewertoo_metareviewer,0,0.0
iclr_metareview_P6F4MxtOKp,binary,iclr_metareview,1.0,reviewertoo_metareviewer,0,0.0
iclr_metareview_P798W8Ag7L,binary,iclr_metareview,0.0,reviewertoo_metareviewer,0,1.0
iclr_metareview_P9BzyDNLDc,binary,iclr_metareview,0.0,reviewertoo_metareviewer,0,1.0
iclr_metareview_PA0F35JTkf,binary,iclr_metareview,0.0,reviewertoo_metareviewer,0,0.0
iclr_metareview_PAS2SV70xU,binary,iclr_metareview,0.0,reviewertoo_metareviewer,0,1.0
iclr_metareview_PBpAyKe1cj,binary,iclr_metareview,0.0,reviewertoo_metareviewer,0,1.0
iclr_metareview_PCVSB0pX5P,binary,iclr_metareview,0.0,reviewertoo_metareviewer,0,0.0
iclr_metareview_PCXobVZf6V,binary,iclr_metareview,0.0,reviewertoo_metareviewer,0,0.0
iclr_metareview_PCuvo9uIXK,binary,iclr_metareview,1.0,reviewertoo_metareviewer,0,1.0
iclr_metareview_PDG8COkj7t,binary,iclr_metareview,0.0,reviewertoo_metareviewer,0,1.0
iclr_metareview_PDRVVcBZvE,binary,iclr_metareview,0.0,reviewertoo_metareviewer,0,0.0
iclr_metareview_PDYQuxyAYI,binary,iclr_metareview,0.0,reviewertoo_metareviewer,0,1.0
iclr_metareview_PGZInpg1Oj,binary,iclr_metareview,0.0,reviewertoo_metareviewer,0,0.0
iclr_metareview_PIfuPKATtm,binary,iclr_metareview,1.0,reviewertoo_metareviewer,0,1.0
iclr_metareview_PIxyvNPhSh,binary,iclr_metareview,0.0,reviewertoo_metareviewer,0,0.0
iclr_metareview_PJH4DhtksK,binary,iclr_metareview,0.0,reviewertoo_metareviewer,0,1.0
iclr_metareview_PJIOTqYHnm,binary,iclr_metareview,0.0,reviewertoo_metareviewer,0,0.0
iclr_metareview_PJyWrr4XqX,binary,iclr_metareview,0.0,reviewertoo_metareviewer,0,0.0
iclr_metareview_PKIEzYcoxD,binary,iclr_metareview,0.0,reviewertoo_metareviewer,0,0.0
iclr_metareview_PKidr9Ruli,binary,iclr_metareview,1.0,reviewertoo_metareviewer,0,0.0
iclr_metareview_PKifFVXtSR,binary,iclr_metareview,1.0,reviewertoo_metareviewer,0,1.0
iclr_metareview_PLidw19tPf,binary,iclr_metareview,0.0,reviewertoo_metareviewer,0,1.0
iclr_metareview_PLva6Rol4W,binary,iclr_metareview,0.0,reviewertoo_metareviewer,0,0.0
iclr_metareview_PMDxFlbxaj,binary,iclr_metareview,0.0,reviewertoo_metareviewer,0,0.0
iclr_metareview_PMz29A7Muq,binary,iclr_metareview,1.0,reviewertoo_metareviewer,0,0.0
iclr_metareview_PRHNKeaZpP,binary,iclr_metareview,0.0,reviewertoo_metareviewer,0,0.0
iclr_metareview_PRYl1mO1go,binary,iclr_metareview,1.0,reviewertoo_metareviewer,0,1.0
iclr_metareview_PS1YS8Wv4t,binary,iclr_metareview,1.0,reviewertoo_metareviewer,0,1.0
iclr_metareview_PS8iu4PxKz,binary,iclr_metareview,1.0,reviewertoo_metareviewer,0,0.0
iclr_metareview_PU1bkJJmAw,binary,iclr_metareview,0.0,reviewertoo_metareviewer,0,0.0
iclr_metareview_PWM6FERWz9,binary,iclr_metareview,1.0,reviewertoo_metareviewer,0,0.0
iclr_metareview_PWzsvHXNHM,binary,iclr_metareview,0.0,reviewertoo_metareviewer,0,0.0
iclr_metareview_PXWgzUkVwo,binary,iclr_metareview,1.0,reviewertoo_metareviewer,0,1.0
iclr_metareview_PXZ3V2CxHr,binary,iclr_metareview,0.0,reviewertoo_metareviewer,0,0.0
iclr_metareview_PYkGKPHBi0,binary,iclr_metareview,0.0,reviewertoo_metareviewer,0,1.0
iclr_metareview_PYnLd91wZY,binary,iclr_metareview,1.0,reviewertoo_metareviewer,0,1.0
iclr_metareview_PYz3v5fgqU,binary,iclr_metareview,0.0,reviewertoo_metareviewer,0,0.0
iclr_metareview_PZ02vYzmYX,binary,iclr_metareview,0.0,reviewertoo_metareviewer,0,0.0
iclr_metareview_PZJssYc6sr,binary,iclr_metareview,1.0,reviewertoo_metareviewer,0,1.0
iclr_metareview_PZWDq5BL4J,binary,iclr_metareview,0.0,reviewertoo_metareviewer,0,0.0
iclr_metareview_Pa8fQzpwjD,binary,iclr_metareview,0.0,reviewertoo_metareviewer,0,0.0
iclr_metareview_PbQJR95yl6,binary,iclr_metareview,0.0,reviewertoo_metareviewer,0,0.0
iclr_metareview_PeI4a4qeLY,binary,iclr_metareview,0.0,reviewertoo_metareviewer,0,0.0
iclr_metareview_Phv5G3rxOx,binary,iclr_metareview,0.0,reviewertoo_metareviewer,0,0.0
iclr_metareview_PsK8oG0VOt,binary,iclr_metareview,0.0,reviewertoo_metareviewer,0,0.0
iclr_metareview_PsfUiFVzh0,binary,iclr_metareview,0.0,reviewertoo_metareviewer,0,1.0
iclr_metareview_PtPYZYfa0h,binary,iclr_metareview,1.0,reviewertoo_metareviewer,0,1.0
iclr_metareview_PuA3aQAMIo,binary,iclr_metareview,0.0,reviewertoo_metareviewer,0,0.0
iclr_metareview_Pwag2BlEZC,binary,iclr_metareview,0.0,reviewertoo_metareviewer,0,1.0
iclr_metareview_Pwnf1vsucu,binary,iclr_metareview,1.0,reviewertoo_metareviewer,0,1.0
iclr_metareview_Pwz8xOM9jz,binary,iclr_metareview,0.0,reviewertoo_metareviewer,0,1.0
iclr_metareview_PxMUtBylKr,binary,iclr_metareview,0.0,reviewertoo_metareviewer,0,1.0
iclr_metareview_PxMtWs9bet,binary,iclr_metareview,0.0,reviewertoo_metareviewer,0,0.0
iclr_metareview_PxbkcxC9ew,binary,iclr_metareview,0.0,reviewertoo_metareviewer,0,0.0
iclr_metareview_PyPqhQSJKz,binary,iclr_metareview,0.0,reviewertoo_metareviewer,0,1.0
iclr_metareview_Q0ANR30XFh,binary,iclr_metareview,0.0,reviewertoo_metareviewer,0,0.0
iclr_metareview_Q1JpRZkR3S,binary,iclr_metareview,1.0,reviewertoo_metareviewer,0,1.0
iclr_metareview_Q1pjfNfdQn,binary,iclr_metareview,0.0,reviewertoo_metareviewer,0,0.0
iclr_metareview_Q3LPPs4XOZ,binary,iclr_metareview,0.0,reviewertoo_metareviewer,0,1.0
iclr_metareview_Q3MisVkuTu,binary,iclr_metareview,1.0,reviewertoo_metareviewer,0,0.0
iclr_metareview_Q3t0QBVFSG,binary,iclr_metareview,0.0,reviewertoo_metareviewer,0,0.0
iclr_metareview_Q3yLIIkt7z,binary,iclr_metareview,1.0,reviewertoo_metareviewer,0,1.0
iclr_metareview_Q40JCBKW1q,binary,iclr_metareview,0.0,reviewertoo_metareviewer,0,0.0
iclr_metareview_Q4LtkLD3r8,binary,iclr_metareview,0.0,reviewertoo_metareviewer,0,1.0
iclr_metareview_Q5Zp1KAFSi,binary,iclr_metareview,0.0,reviewertoo_metareviewer,0,0.0
iclr_metareview_Q5mkmW0cUD,binary,iclr_metareview,0.0,reviewertoo_metareviewer,0,1.0
iclr_metareview_Q60D8jF4KI,binary,iclr_metareview,0.0,reviewertoo_metareviewer,0,0.0
iclr_metareview_Q6OIA4KIGT,binary,iclr_metareview,0.0,reviewertoo_metareviewer,0,0.0
iclr_metareview_Q6ZkCHgcGr,binary,iclr_metareview,0.0,reviewertoo_metareviewer,0,1.0
iclr_metareview_Q6gNNXEb3D,binary,iclr_metareview,0.0,reviewertoo_metareviewer,0,1.0
iclr_metareview_Q6kNLxGfEN,binary,iclr_metareview,0.0,reviewertoo_metareviewer,0,0.0
iclr_metareview_Q6nlkPEgwW,binary,iclr_metareview,0.0,reviewertoo_metareviewer,0,0.0
iclr_metareview_Q7I6vYRHJg,binary,iclr_metareview,0.0,reviewertoo_metareviewer,0,0.0
iclr_metareview_Q7YUY7zGkZ,binary,iclr_metareview,1.0,reviewertoo_metareviewer,0,0.0
iclr_metareview_QASlwMxdeP,binary,iclr_metareview,0.0,reviewertoo_metareviewer,0,1.0
iclr_metareview_QBZoAChPv5,binary,iclr_metareview,0.0,reviewertoo_metareviewer,0,1.0
iclr_metareview_QBgHVmvN5S,binary,iclr_metareview,1.0,reviewertoo_metareviewer,0,1.0
iclr_metareview_QBzFrjEF59,binary,iclr_metareview,1.0,reviewertoo_metareviewer,0,1.0
iclr_metareview_QE1w9kikm7,binary,iclr_metareview,0.0,reviewertoo_metareviewer,0,1.0
iclr_metareview_QFJkvv3zMi,binary,iclr_metareview,1.0,reviewertoo_metareviewer,0,0.0
iclr_metareview_QGejSAi7U4,binary,iclr_metareview,0.0,reviewertoo_metareviewer,0,1.0
iclr_metareview_QH6RdbtWou,binary,iclr_metareview,0.0,reviewertoo_metareviewer,0,1.0
iclr_metareview_QIb9LvN0Xp,binary,iclr_metareview,0.0,reviewertoo_metareviewer,0,1.0
iclr_metareview_QJJMUErY1k,binary,iclr_metareview,0.0,reviewertoo_metareviewer,0,1.0
iclr_metareview_QKrtliKPXR,binary,iclr_metareview,0.0,reviewertoo_metareviewer,0,0.0
iclr_metareview_QN4WZ5QoqC,binary,iclr_metareview,0.0,reviewertoo_metareviewer,0,1.0
iclr_metareview_QNJjLE2Eog,binary,iclr_metareview,0.0,reviewertoo_metareviewer,0,0.0
iclr_metareview_QNpBrPiUUW,binary,iclr_metareview,0.0,reviewertoo_metareviewer,0,1.0
iclr_metareview_QOH42KyWDG,binary,iclr_metareview,0.0,reviewertoo_metareviewer,0,0.0
iclr_metareview_QOloPYGG2c,binary,iclr_metareview,0.0,reviewertoo_metareviewer,0,1.0
iclr_metareview_QPi5h6B1RB,binary,iclr_metareview,0.0,reviewertoo_metareviewer,0,1.0
iclr_metareview_QQCadccQqU,binary,iclr_metareview,1.0,reviewertoo_metareviewer,0,1.0
iclr_metareview_QQCrZXWG9s,binary,iclr_metareview,1.0,reviewertoo_metareviewer,0,0.0
iclr_metareview_QQdn8nNqgi,binary,iclr_metareview,0.0,reviewertoo_metareviewer,0,0.0
iclr_metareview_QRSeFZfu8E,binary,iclr_metareview,1.0,reviewertoo_metareviewer,0,0.0
iclr_metareview_QRm2CEZH41,binary,iclr_metareview,0.0,reviewertoo_metareviewer,0,0.0
iclr_metareview_QSxnB2PXJb,binary,iclr_metareview,0.0,reviewertoo_metareviewer,0,1.0
iclr_metareview_QTNkVX15o5,binary,iclr_metareview,0.0,reviewertoo_metareviewer,0,0.0
iclr_metareview_QTgx2ThiAb,binary,iclr_metareview,1.0,reviewertoo_metareviewer,0,1.0
iclr_metareview_QTkWE35rTd,binary,iclr_metareview,0.0,reviewertoo_metareviewer,0,1.0
iclr_metareview_QU8raq5UhG,binary,iclr_metareview,0.0,reviewertoo_metareviewer,0,1.0
iclr_metareview_QUJBPSfyui,binary,iclr_metareview,1.0,reviewertoo_metareviewer,0,0.0
iclr_metareview_QX0oi9Vlsg,binary,iclr_metareview,0.0,reviewertoo_metareviewer,0,0.0
iclr_metareview_Qc4RLl7t3S,binary,iclr_metareview,0.0,reviewertoo_metareviewer,0,0.0
iclr_metareview_QdCp9VTOlO,binary,iclr_metareview,1.0,reviewertoo_metareviewer,0,0.0
iclr_metareview_QecQZjh2tz,binary,iclr_metareview,0.0,reviewertoo_metareviewer,0,1.0
iclr_metareview_QfZ5RqXl8q,binary,iclr_metareview,0.0,reviewertoo_metareviewer,0,1.0
iclr_metareview_QfpIBMal8K,binary,iclr_metareview,0.0,reviewertoo_metareviewer,0,0.0
iclr_metareview_Qg0SnLzN1o,binary,iclr_metareview,0.0,reviewertoo_metareviewer,0,0.0
iclr_metareview_QgXJSNPPvH,binary,iclr_metareview,0.0,reviewertoo_metareviewer,0,1.0
iclr_metareview_QiWKa3muIC,binary,iclr_metareview,0.0,reviewertoo_metareviewer,0,0.0
iclr_metareview_QjWQxmKGlL,binary,iclr_metareview,0.0,reviewertoo_metareviewer,0,0.0
iclr_metareview_QjccE4QU4M,binary,iclr_metareview,0.0,reviewertoo_metareviewer,0,0.0
iclr_metareview_QkEEy1dQW6,binary,iclr_metareview,0.0,reviewertoo_metareviewer,0,0.0
iclr_metareview_Qlk5I6TI2D,binary,iclr_metareview,0.0,reviewertoo_metareviewer,0,1.0
iclr_metareview_QlsjfYADcg,binary,iclr_metareview,1.0,reviewertoo_metareviewer,0,1.0
iclr_metareview_QmHT6f5txa,binary,iclr_metareview,0.0,reviewertoo_metareviewer,0,0.0
iclr_metareview_QpRZY8rLxk,binary,iclr_metareview,0.0,reviewertoo_metareviewer,0,1.0
iclr_metareview_QpbtT95S95,binary,iclr_metareview,1.0,reviewertoo_metareviewer,0,1.0
iclr_metareview_Qq3efdQp3f,binary,iclr_metareview,0.0,reviewertoo_metareviewer,0,0.0
iclr_metareview_QqvQ3iAdpC,binary,iclr_metareview,1.0,reviewertoo_metareviewer,0,0.0
iclr_metareview_Qr9FAtcpeR,binary,iclr_metareview,0.0,reviewertoo_metareviewer,0,0.0
iclr_metareview_QrqBq7RRsb,binary,iclr_metareview,0.0,reviewertoo_metareviewer,0,1.0
iclr_metareview_QryPmx2MNh,binary,iclr_metareview,0.0,reviewertoo_metareviewer,0,0.0
iclr_metareview_Qtskmby7SF,binary,iclr_metareview,0.0,reviewertoo_metareviewer,0,1.0
iclr_metareview_QxvDyJP7g9,binary,iclr_metareview,1.0,reviewertoo_metareviewer,0,1.0
iclr_metareview_QzCOeNN3vJ,binary,iclr_metareview,0.0,reviewertoo_metareviewer,0,1.0
iclr_metareview_QzWXBy83kf,binary,iclr_metareview,1.0,reviewertoo_metareviewer,0,1.0
iclr_metareview_R0JM3BWP7W,binary,iclr_metareview,1.0,reviewertoo_metareviewer,0,1.0
iclr_metareview_R1HcIN90A1,binary,iclr_metareview,0.0,reviewertoo_metareviewer,0,1.0
iclr_metareview_R1u1qWfosc,binary,iclr_metareview,0.0,reviewertoo_metareviewer,0,0.0
iclr_metareview_R3EJ2IjgOI,binary,iclr_metareview,0.0,reviewertoo_metareviewer,0,0.0
iclr_metareview_R3VBfYVK1x,binary,iclr_metareview,0.0,reviewertoo_metareviewer,0,0.0
iclr_metareview_R4SgZt0wNd,binary,iclr_metareview,0.0,reviewertoo_metareviewer,0,1.0
iclr_metareview_R59Nk7DS3a,binary,iclr_metareview,0.0,reviewertoo_metareviewer,0,0.0
iclr_metareview_R5ETdN6ifA,binary,iclr_metareview,1.0,reviewertoo_metareviewer,0,1.0
iclr_metareview_R7lveZtPEk,binary,iclr_metareview,0.0,reviewertoo_metareviewer,0,1.0
iclr_metareview_R8yxnNirY9,binary,iclr_metareview,0.0,reviewertoo_metareviewer,0,1.0
iclr_metareview_R900G8z0cm,binary,iclr_metareview,0.0,reviewertoo_metareviewer,0,1.0
iclr_metareview_R96mXloI0e,binary,iclr_metareview,0.0,reviewertoo_metareviewer,0,0.0
iclr_metareview_RAEJAW5Gfi,binary,iclr_metareview,0.0,reviewertoo_metareviewer,0,1.0
iclr_metareview_RAUMsywTko,binary,iclr_metareview,0.0,reviewertoo_metareviewer,0,1.0
iclr_metareview_RAdC1K4JXq,binary,iclr_metareview,0.0,reviewertoo_metareviewer,0,0.0
iclr_metareview_RBdSRJtpjk,binary,iclr_metareview,0.0,reviewertoo_metareviewer,0,1.0
iclr_metareview_RDAhLHEHDm,binary,iclr_metareview,1.0,reviewertoo_metareviewer,0,1.0
iclr_metareview_REEdaR0zqj,binary,iclr_metareview,1.0,reviewertoo_metareviewer,0,0.0
iclr_metareview_RGmDtMs9w7,binary,iclr_metareview,0.0,reviewertoo_metareviewer,0,0.0
iclr_metareview_RHPqr2egJO,binary,iclr_metareview,1.0,reviewertoo_metareviewer,0,0.0
iclr_metareview_RIdmav4MZ7,binary,iclr_metareview,0.0,reviewertoo_metareviewer,0,1.0
iclr_metareview_RJXwuAMUiI,binary,iclr_metareview,1.0,reviewertoo_metareviewer,0,1.0
iclr_metareview_RKDkqkkZ5m,binary,iclr_metareview,1.0,reviewertoo_metareviewer,0,0.0
iclr_metareview_RKHtowV9Yc,binary,iclr_metareview,0.0,reviewertoo_metareviewer,0,0.0
iclr_metareview_RMWcdp5IUy,binary,iclr_metareview,1.0,reviewertoo_metareviewer,0,1.0
iclr_metareview_RNTWTJe4x6,binary,iclr_metareview,1.0,reviewertoo_metareviewer,0,0.0
iclr_metareview_ROGCckKICU,binary,iclr_metareview,1.0,reviewertoo_metareviewer,0,1.0
iclr_metareview_ROioaZ45Yz,binary,iclr_metareview,1.0,reviewertoo_metareviewer,0,0.0
iclr_metareview_RQhHdNJQlE,binary,iclr_metareview,0.0,reviewertoo_metareviewer,0,0.0
iclr_metareview_RRtwIvoYoh,binary,iclr_metareview,0.0,reviewertoo_metareviewer,0,0.0
iclr_metareview_RRyduOtDim,binary,iclr_metareview,0.0,reviewertoo_metareviewer,0,0.0
iclr_metareview_RS7T9S16Bl,binary,iclr_metareview,1.0,reviewertoo_metareviewer,0,0.0
iclr_metareview_RSIoYWIzaP,binary,iclr_metareview,1.0,reviewertoo_metareviewer,0,0.0
iclr_metareview_RSvfY6dRVN,binary,iclr_metareview,0.0,reviewertoo_metareviewer,0,0.0
iclr_metareview_RTXA1hknOO,binary,iclr_metareview,0.0,reviewertoo_metareviewer,0,0.0
iclr_metareview_RU76KTF1Da,binary,iclr_metareview,1.0,reviewertoo_metareviewer,0,1.0
iclr_metareview_RUzxUqTpzW,binary,iclr_metareview,1.0,reviewertoo_metareviewer,0,1.0
iclr_metareview_RXkiFbiSvE,binary,iclr_metareview,0.0,reviewertoo_metareviewer,0,0.0
iclr_metareview_RY5cPitjk8,binary,iclr_metareview,0.0,reviewertoo_metareviewer,0,0.0
iclr_metareview_RYrFUkraWM,binary,iclr_metareview,0.0,reviewertoo_metareviewer,0,1.0
iclr_metareview_RZGs4OAH6g,binary,iclr_metareview,0.0,reviewertoo_metareviewer,0,0.0
iclr_metareview_RbsLsTYi4H,binary,iclr_metareview,0.0,reviewertoo_metareviewer,0,1.0
iclr_metareview_Re3A6vzCTC,binary,iclr_metareview,1.0,reviewertoo_metareviewer,0,0.0
iclr_metareview_Rf2esC7NHG,binary,iclr_metareview,0.0,reviewertoo_metareviewer,0,0.0
iclr_metareview_RfInhGNgVL,binary,iclr_metareview,0.0,reviewertoo_metareviewer,0,0.0
iclr_metareview_Rg8PBd9Ow2,binary,iclr_metareview,1.0,reviewertoo_metareviewer,0,0.0
iclr_metareview_RgOHRYHX5L,binary,iclr_metareview,0.0,reviewertoo_metareviewer,0,1.0
iclr_metareview_RhGT2HdYnS,binary,iclr_metareview,0.0,reviewertoo_metareviewer,0,0.0
iclr_metareview_RhW8yXgIxY,binary,iclr_metareview,0.0,reviewertoo_metareviewer,0,0.0
iclr_metareview_Ri9FViINBU,binary,iclr_metareview,0.0,reviewertoo_metareviewer,0,0.0
iclr_metareview_RiaCWdGVGk,binary,iclr_metareview,0.0,reviewertoo_metareviewer,0,1.0
iclr_metareview_Rip3EJc4nx,binary,iclr_metareview,0.0,reviewertoo_metareviewer,0,0.0
iclr_metareview_RivNdiqduZ,binary,iclr_metareview,0.0,reviewertoo_metareviewer,0,0.0
iclr_metareview_Rj5ZJk956j,binary,iclr_metareview,0.0,reviewertoo_metareviewer,0,1.0
iclr_metareview_RjDplwaI5H,binary,iclr_metareview,0.0,reviewertoo_metareviewer,0,1.0
iclr_metareview_RlPVSeKjoc,binary,iclr_metareview,1.0,reviewertoo_metareviewer,0,0.0
iclr_metareview_RnYc3hV2cs,binary,iclr_metareview,0.0,reviewertoo_metareviewer,0,0.0
iclr_metareview_RnZkoUslfv,binary,iclr_metareview,0.0,reviewertoo_metareviewer,0,0.0
iclr_metareview_Rngn25PSdd,binary,iclr_metareview,0.0,reviewertoo_metareviewer,0,0.0
iclr_metareview_RomWar2kVN,binary,iclr_metareview,1.0,reviewertoo_metareviewer,0,1.0
iclr_metareview_RpBnG6f4Re,binary,iclr_metareview,0.0,reviewertoo_metareviewer,0,0.0
iclr_metareview_RpKcrdxPpg,binary,iclr_metareview,0.0,reviewertoo_metareviewer,0,1.0
iclr_metareview_RqsJfZwcQ0,binary,iclr_metareview,0.0,reviewertoo_metareviewer,0,0.0
iclr_metareview_RqwEzZqMFv,binary,iclr_metareview,1.0,reviewertoo_metareviewer,0,1.0
iclr_metareview_RqxTIRLVzS,binary,iclr_metareview,0.0,reviewertoo_metareviewer,0,1.0
iclr_metareview_RrmcrAmuhO,binary,iclr_metareview,0.0,reviewertoo_metareviewer,0,0.0
iclr_metareview_RryrppAV70,binary,iclr_metareview,0.0,reviewertoo_metareviewer,0,0.0
iclr_metareview_Rs8qiI2GDb,binary,iclr_metareview,0.0,reviewertoo_metareviewer,0,0.0
iclr_metareview_RsCqOnkAKE,binary,iclr_metareview,0.0,reviewertoo_metareviewer,0,0.0
iclr_metareview_RsletK8757,binary,iclr_metareview,0.0,reviewertoo_metareviewer,0,1.0
iclr_metareview_RsrzrnVZ2r,binary,iclr_metareview,0.0,reviewertoo_metareviewer,0,0.0
iclr_metareview_RtjeGHURQS,binary,iclr_metareview,0.0,reviewertoo_metareviewer,0,0.0
iclr_metareview_Rtp2JfoYrP,binary,iclr_metareview,0.0,reviewertoo_metareviewer,0,1.0
iclr_metareview_RvAvRC3cUW,binary,iclr_metareview,0.0,reviewertoo_metareviewer,0,1.0
iclr_metareview_RwPHqH8UlK,binary,iclr_metareview,0.0,reviewertoo_metareviewer,0,1.0
iclr_metareview_RwdGIIjPlC,binary,iclr_metareview,1.0,reviewertoo_metareviewer,0,0.0
iclr_metareview_RxIBw0r4BA,binary,iclr_metareview,0.0,reviewertoo_metareviewer,0,0.0
iclr_metareview_RxsImkHOYj,binary,iclr_metareview,0.0,reviewertoo_metareviewer,0,1.0
iclr_metareview_Ry8jLSYIUG,binary,iclr_metareview,0.0,reviewertoo_metareviewer,0,1.0
iclr_metareview_RyAyH8ufGu,binary,iclr_metareview,1.0,reviewertoo_metareviewer,0,0.0
iclr_metareview_RzbsHcFqIf,binary,iclr_metareview,1.0,reviewertoo_metareviewer,0,1.0
iclr_metareview_RzcCrU0tXP,binary,iclr_metareview,1.0,reviewertoo_metareviewer,0,1.0
iclr_metareview_S0IIgb33fO,binary,iclr_metareview,0.0,reviewertoo_metareviewer,0,1.0
iclr_metareview_S2X9A4q06U,binary,iclr_metareview,0.0,reviewertoo_metareviewer,0,1.0
iclr_metareview_S3U0m4Z3ZT,binary,iclr_metareview,0.0,reviewertoo_metareviewer,0,0.0
iclr_metareview_S3YAqJk653,binary,iclr_metareview,0.0,reviewertoo_metareviewer,0,0.0
iclr_metareview_S49kVhSn4t,binary,iclr_metareview,0.0,reviewertoo_metareviewer,0,0.0
iclr_metareview_S4dg60APOk,binary,iclr_metareview,1.0,reviewertoo_metareviewer,0,1.0
iclr_metareview_S5Io33pc78,binary,iclr_metareview,1.0,reviewertoo_metareviewer,0,1.0
iclr_metareview_S6DWxaWyfA,binary,iclr_metareview,0.0,reviewertoo_metareviewer,0,0.0
iclr_metareview_S7iS6dY2Qi,binary,iclr_metareview,0.0,reviewertoo_metareviewer,0,0.0
iclr_metareview_S8bmkHXqgT,binary,iclr_metareview,0.0,reviewertoo_metareviewer,0,1.0
iclr_metareview_SAtokoHpij,binary,iclr_metareview,0.0,reviewertoo_metareviewer,0,0.0
iclr_metareview_SBdMBTSwx1,binary,iclr_metareview,0.0,reviewertoo_metareviewer,0,0.0
iclr_metareview_SD8Z231C45,binary,iclr_metareview,1.0,reviewertoo_metareviewer,0,0.0
iclr_metareview_SDKhoZ9GOh,binary,iclr_metareview,0.0,reviewertoo_metareviewer,0,0.0
iclr_metareview_SEkfuZtf75,binary,iclr_metareview,0.0,reviewertoo_metareviewer,0,0.0
iclr_metareview_SEv6F8hxMC,binary,iclr_metareview,0.0,reviewertoo_metareviewer,0,0.0
iclr_metareview_SFXX5Pjl5K,binary,iclr_metareview,1.0,reviewertoo_metareviewer,0,0.0
iclr_metareview_SGSF9t9Vq2,binary,iclr_metareview,1.0,reviewertoo_metareviewer,0,0.0
iclr_metareview_SHRNQHueMm,binary,iclr_metareview,0.0,reviewertoo_metareviewer,0,1.0
iclr_metareview_SIE9fNq8lk,binary,iclr_metareview,1.0,reviewertoo_metareviewer,0,1.0
iclr_metareview_SIaH5RWfzm,binary,iclr_metareview,0.0,reviewertoo_metareviewer,0,0.0
iclr_metareview_SIyJ5JizgA,binary,iclr_metareview,0.0,reviewertoo_metareviewer,0,1.0
iclr_metareview_SJ2WK6kdPJ,binary,iclr_metareview,0.0,reviewertoo_metareviewer,0,1.0
iclr_metareview_SJQj5INbyl,binary,iclr_metareview,0.0,reviewertoo_metareviewer,0,0.0
iclr_metareview_SKGRMy3nXi,binary,iclr_metareview,0.0,reviewertoo_metareviewer,0,1.0
iclr_metareview_SKVbtpld3s,binary,iclr_metareview,0.0,reviewertoo_metareviewer,0,1.0
iclr_metareview_SL8o2trbQN,binary,iclr_metareview,0.0,reviewertoo_metareviewer,0,1.0
iclr_metareview_SLXqxnJXPt,binary,iclr_metareview,0.0,reviewertoo_metareviewer,0,0.0
iclr_metareview_SP7W06tphZ,binary,iclr_metareview,0.0,reviewertoo_metareviewer,0,1.0
iclr_metareview_SPXCXAStbi,binary,iclr_metareview,0.0,reviewertoo_metareviewer,0,0.0
iclr_metareview_SPxRgjtsd5,binary,iclr_metareview,0.0,reviewertoo_metareviewer,0,0.0
iclr_metareview_SSKO69FenF,binary,iclr_metareview,0.0,reviewertoo_metareviewer,0,1.0
iclr_metareview_SSd3GENRAU,binary,iclr_metareview,1.0,reviewertoo_metareviewer,0,0.0
iclr_metareview_SUNC1eJGMr,binary,iclr_metareview,1.0,reviewertoo_metareviewer,0,1.0
iclr_metareview_SY78p0rIYt,binary,iclr_metareview,0.0,reviewertoo_metareviewer,0,0.0
iclr_metareview_SZVpOKw0YD,binary,iclr_metareview,1.0,reviewertoo_metareviewer,0,0.0
iclr_metareview_SZzpGvBRv5,binary,iclr_metareview,1.0,reviewertoo_metareviewer,0,1.0
iclr_metareview_SaAzsJQECU,binary,iclr_metareview,0.0,reviewertoo_metareviewer,0,0.0
iclr_metareview_SbBX2dCw3y,binary,iclr_metareview,1.0,reviewertoo_metareviewer,0,0.0
iclr_metareview_SbGuz8DfPH,binary,iclr_metareview,0.0,reviewertoo_metareviewer,0,0.0
iclr_metareview_SbahKA6FTf,binary,iclr_metareview,0.0,reviewertoo_metareviewer,0,0.0
iclr_metareview_ScEgZR6x9r,binary,iclr_metareview,0.0,reviewertoo_metareviewer,0,0.0
iclr_metareview_SeQqnw5eNj,binary,iclr_metareview,0.0,reviewertoo_metareviewer,0,1.0
iclr_metareview_ShzgaMO3lZ,binary,iclr_metareview,0.0,reviewertoo_metareviewer,0,0.0
iclr_metareview_Skm9fHAA1g,binary,iclr_metareview,0.0,reviewertoo_metareviewer,0,0.0
iclr_metareview_SkmkGKEZ1U,binary,iclr_metareview,0.0,reviewertoo_metareviewer,0,0.0
iclr_metareview_SnEywLKodN,binary,iclr_metareview,0.0,reviewertoo_metareviewer,0,0.0
iclr_metareview_Snfqe4lU3G,binary,iclr_metareview,1.0,reviewertoo_metareviewer,0,1.0
iclr_metareview_SsUjdSVdUl,binary,iclr_metareview,1.0,reviewertoo_metareviewer,0,0.0
iclr_metareview_Ssevs8KCsU,binary,iclr_metareview,1.0,reviewertoo_metareviewer,0,0.0
iclr_metareview_Sswng2ToR4,binary,iclr_metareview,1.0,reviewertoo_metareviewer,0,1.0
iclr_metareview_StD1GnueIb,binary,iclr_metareview,0.0,reviewertoo_metareviewer,0,1.0
iclr_metareview_StpFxymia9,binary,iclr_metareview,0.0,reviewertoo_metareviewer,0,0.0
iclr_metareview_StuinE1Ju2,binary,iclr_metareview,0.0,reviewertoo_metareviewer,0,0.0
iclr_metareview_SvveYgtpXi,binary,iclr_metareview,0.0,reviewertoo_metareviewer,0,1.0
iclr_metareview_SxFYOnpohf,binary,iclr_metareview,0.0,reviewertoo_metareviewer,0,0.0
iclr_metareview_Sxj4o3qXtl,binary,iclr_metareview,1.0,reviewertoo_metareviewer,0,0.0
iclr_metareview_SyQqXAdWUq,binary,iclr_metareview,1.0,reviewertoo_metareviewer,0,1.0
iclr_metareview_SzaRhPom4o,binary,iclr_metareview,1.0,reviewertoo_metareviewer,0,0.0
iclr_metareview_Szh0ELyQxL,binary,iclr_metareview,1.0,reviewertoo_metareviewer,0,0.0
iclr_metareview_SzoowJtd14,binary,iclr_metareview,1.0,reviewertoo_metareviewer,0,1.0
iclr_metareview_T0ii3nAxk4,binary,iclr_metareview,0.0,reviewertoo_metareviewer,0,0.0
iclr_metareview_T1V8f4SUjw,binary,iclr_metareview,0.0,reviewertoo_metareviewer,0,1.0
iclr_metareview_T1vtzzv6vO,binary,iclr_metareview,0.0,reviewertoo_metareviewer,0,1.0
iclr_metareview_T2nP2IQasd,binary,iclr_metareview,1.0,reviewertoo_metareviewer,0,1.0
iclr_metareview_T4dvY146Tk,binary,iclr_metareview,0.0,reviewertoo_metareviewer,0,0.0
iclr_metareview_T5KBO4IeM2,binary,iclr_metareview,0.0,reviewertoo_metareviewer,0,1.0
iclr_metareview_T5VXF7haLt,binary,iclr_metareview,0.0,reviewertoo_metareviewer,0,0.0
iclr_metareview_T5hD0as3jb,binary,iclr_metareview,1.0,reviewertoo_metareviewer,0,1.0
iclr_metareview_T6DvVW90ar,binary,iclr_metareview,0.0,reviewertoo_metareviewer,0,1.0
iclr_metareview_T6T0JUgGFQ,binary,iclr_metareview,1.0,reviewertoo_metareviewer,0,0.0
iclr_metareview_T7vcbdwHYH,binary,iclr_metareview,0.0,reviewertoo_metareviewer,0,0.0
iclr_metareview_T7yd7xEoC2,binary,iclr_metareview,0.0,reviewertoo_metareviewer,0,1.0
iclr_metareview_T8Dev99qnz,binary,iclr_metareview,1.0,reviewertoo_metareviewer,0,0.0
iclr_metareview_T8IJojfaOh,binary,iclr_metareview,1.0,reviewertoo_metareviewer,0,0.0
iclr_metareview_T9ikO8tXfY,binary,iclr_metareview,0.0,reviewertoo_metareviewer,0,0.0
iclr_metareview_TAOpnCPnjg,binary,iclr_metareview,1.0,reviewertoo_metareviewer,0,0.0
iclr_metareview_TBsTStMK41,binary,iclr_metareview,0.0,reviewertoo_metareviewer,0,0.0
iclr_metareview_TH1Tgbjkm7,binary,iclr_metareview,1.0,reviewertoo_metareviewer,0,1.0
iclr_metareview_TIOFvhliLA,binary,iclr_metareview,0.0,reviewertoo_metareviewer,0,0.0
iclr_metareview_TIu1RM84P0,binary,iclr_metareview,1.0,reviewertoo_metareviewer,0,0.0
iclr_metareview_TL4cvNviw6,binary,iclr_metareview,1.0,reviewertoo_metareviewer,0,1.0
iclr_metareview_TLSUIyBIfs,binary,iclr_metareview,1.0,reviewertoo_metareviewer,0,1.0
iclr_metareview_TNjPVp4iFB,binary,iclr_metareview,0.0,reviewertoo_metareviewer,0,1.0
iclr_metareview_TNqbfqSPoD,binary,iclr_metareview,0.0,reviewertoo_metareviewer,0,0.0
iclr_metareview_TPTtWC0pGk,binary,iclr_metareview,1.0,reviewertoo_metareviewer,0,0.0
iclr_metareview_TQfiykRlOV,binary,iclr_metareview,0.0,reviewertoo_metareviewer,0,0.0
iclr_metareview_TRVLwnAY4n,binary,iclr_metareview,0.0,reviewertoo_metareviewer,0,1.0
iclr_metareview_TS9BsfzjOJ,binary,iclr_metareview,0.0,reviewertoo_metareviewer,0,1.0
iclr_metareview_TUd4vln0we,binary,iclr_metareview,0.0,reviewertoo_metareviewer,0,0.0
iclr_metareview_TVrSkWHh03,binary,iclr_metareview,0.0,reviewertoo_metareviewer,0,1.0
iclr_metareview_TW8ps0YirX,binary,iclr_metareview,0.0,reviewertoo_metareviewer,0,1.0
iclr_metareview_TWUpicQMeS,binary,iclr_metareview,0.0,reviewertoo_metareviewer,0,0.0
iclr_metareview_TWzZK9OTgH,binary,iclr_metareview,0.0,reviewertoo_metareviewer,0,0.0
iclr_metareview_TXdKKABtWB,binary,iclr_metareview,0.0,reviewertoo_metareviewer,0,0.0
iclr_metareview_TalHOvvLZu,binary,iclr_metareview,0.0,reviewertoo_metareviewer,0,1.0
iclr_metareview_TbEyl6krsY,binary,iclr_metareview,1.0,reviewertoo_metareviewer,0,1.0
iclr_metareview_TbLryV1dyT,binary,iclr_metareview,0.0,reviewertoo_metareviewer,0,0.0
iclr_metareview_TbWQJI5OIn,binary,iclr_metareview,0.0,reviewertoo_metareviewer,0,1.0
iclr_metareview_Te2nrVBVo5,binary,iclr_metareview,0.0,reviewertoo_metareviewer,0,0.0
iclr_metareview_Te9wGKtakV,binary,iclr_metareview,0.0,reviewertoo_metareviewer,0,0.0
iclr_metareview_TfwePIKzXJ,binary,iclr_metareview,0.0,reviewertoo_metareviewer,0,0.0
iclr_metareview_ThZeZdRxna,binary,iclr_metareview,0.0,reviewertoo_metareviewer,0,1.0
iclr_metareview_TimC6hxVHj,binary,iclr_metareview,1.0,reviewertoo_metareviewer,0,1.0
iclr_metareview_TjF9WLcu8o,binary,iclr_metareview,0.0,reviewertoo_metareviewer,0,0.0
iclr_metareview_TjYl55QdhJ,binary,iclr_metareview,0.0,reviewertoo_metareviewer,0,0.0
iclr_metareview_TlTygHKvRt,binary,iclr_metareview,0.0,reviewertoo_metareviewer,0,1.0
iclr_metareview_TmB7xhr8SK,binary,iclr_metareview,0.0,reviewertoo_metareviewer,0,1.0
iclr_metareview_ToP9Cr0PUq,binary,iclr_metareview,0.0,reviewertoo_metareviewer,0,0.0
iclr_metareview_TqjmCEjrEa,binary,iclr_metareview,0.0,reviewertoo_metareviewer,0,0.0
iclr_metareview_TsXmqOepa5,binary,iclr_metareview,0.0,reviewertoo_metareviewer,0,0.0
iclr_metareview_Tsag0RrOW7,binary,iclr_metareview,0.0,reviewertoo_metareviewer,0,0.0
iclr_metareview_TtlCRjCJOT,binary,iclr_metareview,0.0,reviewertoo_metareviewer,0,1.0
iclr_metareview_TuCeE6yY1F,binary,iclr_metareview,0.0,reviewertoo_metareviewer,0,1.0
iclr_metareview_TuYC5Fpp7M,binary,iclr_metareview,0.0,reviewertoo_metareviewer,0,1.0
iclr_metareview_TuzsCiHocG,binary,iclr_metareview,0.0,reviewertoo_metareviewer,0,0.0
iclr_metareview_TwEkaC2fRk,binary,iclr_metareview,0.0,reviewertoo_metareviewer,0,0.0
iclr_metareview_TwUeP9uUJT,binary,iclr_metareview,0.0,reviewertoo_metareviewer,0,0.0
iclr_metareview_Twpdb61nE0,binary,iclr_metareview,0.0,reviewertoo_metareviewer,0,1.0
iclr_metareview_TwvnG6mobR,binary,iclr_metareview,0.0,reviewertoo_metareviewer,0,1.0
iclr_metareview_Tx9HKhGeQW,binary,iclr_metareview,0.0,reviewertoo_metareviewer,0,0.0
iclr_metareview_Tyqty7Wa8k,binary,iclr_metareview,0.0,reviewertoo_metareviewer,0,1.0
iclr_metareview_TyslRDlFqD,binary,iclr_metareview,0.0,reviewertoo_metareviewer,0,0.0
iclr_metareview_U0I590wrsm,binary,iclr_metareview,0.0,reviewertoo_metareviewer,0,1.0
iclr_metareview_U1kBsSGmpC,binary,iclr_metareview,0.0,reviewertoo_metareviewer,0,0.0
iclr_metareview_U23A2BUKYt,binary,iclr_metareview,1.0,reviewertoo_metareviewer,0,0.0
iclr_metareview_U2j9ZNgHqw,binary,iclr_metareview,1.0,reviewertoo_metareviewer,0,1.0
iclr_metareview_U4GXPqm3Va,binary,iclr_metareview,1.0,reviewertoo_metareviewer,0,1.0
iclr_metareview_U54w0g2lvy,binary,iclr_metareview,0.0,reviewertoo_metareviewer,0,1.0
iclr_metareview_U616C5HpG2,binary,iclr_metareview,0.0,reviewertoo_metareviewer,0,1.0
iclr_metareview_U6ROetm5nW,binary,iclr_metareview,0.0,reviewertoo_metareviewer,0,0.0
iclr_metareview_U7Hkjx3SUA,binary,iclr_metareview,0.0,reviewertoo_metareviewer,0,0.0
iclr_metareview_U7uNGoM1oB,binary,iclr_metareview,0.0,reviewertoo_metareviewer,0,0.0
iclr_metareview_U8A5nGuw7M,binary,iclr_metareview,1.0,reviewertoo_metareviewer,0,1.0
iclr_metareview_U9meoc0Sau,binary,iclr_metareview,1.0,reviewertoo_metareviewer,0,1.0
iclr_metareview_UAM4Kvab4z,binary,iclr_metareview,0.0,reviewertoo_metareviewer,0,0.0
iclr_metareview_UBhY1c4r2W,binary,iclr_metareview,1.0,reviewertoo_metareviewer,0,1.0
iclr_metareview_UDIYU1X3vC,binary,iclr_metareview,1.0,reviewertoo_metareviewer,0,1.0
iclr_metareview_UEmNW2DnuL,binary,iclr_metareview,0.0,reviewertoo_metareviewer,0,1.0
iclr_metareview_UF1pV5JObZ,binary,iclr_metareview,0.0,reviewertoo_metareviewer,0,1.0
iclr_metareview_UFwgg44VZq,binary,iclr_metareview,1.0,reviewertoo_metareviewer,0,1.0
iclr_metareview_UH8uUA6ShK,binary,iclr_metareview,0.0,reviewertoo_metareviewer,0,0.0
iclr_metareview_UHm5HIo8CO,binary,iclr_metareview,0.0,reviewertoo_metareviewer,0,0.0
iclr_metareview_UImL9UykUM,binary,iclr_metareview,0.0,reviewertoo_metareviewer,0,1.0
iclr_metareview_UJ0pv2KKVh,binary,iclr_metareview,0.0,reviewertoo_metareviewer,0,0.0
iclr_metareview_UJB2uOS9MR,binary,iclr_metareview,0.0,reviewertoo_metareviewer,0,0.0
iclr_metareview_UJYhBfKuBE,binary,iclr_metareview,0.0,reviewertoo_metareviewer,0,0.0
iclr_metareview_UK0j7E1f4i,binary,iclr_metareview,0.0,reviewertoo_metareviewer,0,0.0
iclr_metareview_UKOqoULbZS,binary,iclr_metareview,1.0,reviewertoo_metareviewer,0,1.0
iclr_metareview_ULEHJkolxB,binary,iclr_metareview,1.0,reviewertoo_metareviewer,0,1.0
iclr_metareview_ULXYZCms41,binary,iclr_metareview,1.0,reviewertoo_metareviewer,0,1.0
iclr_metareview_ULqzEEkyxk,binary,iclr_metareview,0.0,reviewertoo_metareviewer,0,1.0
iclr_metareview_UMu4JPQxti,binary,iclr_metareview,0.0,reviewertoo_metareviewer,0,1.0
iclr_metareview_UNeL5NdLzc,binary,iclr_metareview,1.0,reviewertoo_metareviewer,0,0.0
iclr_metareview_URtz3JhoWh,binary,iclr_metareview,0.0,reviewertoo_metareviewer,0,1.0
iclr_metareview_US4YPh2mwZ,binary,iclr_metareview,0.0,reviewertoo_metareviewer,0,0.0
iclr_metareview_USbGgzaIiy,binary,iclr_metareview,0.0,reviewertoo_metareviewer,0,0.0
iclr_metareview_USjSdem7WO,binary,iclr_metareview,0.0,reviewertoo_metareviewer,0,0.0
iclr_metareview_UUW0DHqs4f,binary,iclr_metareview,0.0,reviewertoo_metareviewer,0,1.0
iclr_metareview_UVJeljeleU,binary,iclr_metareview,0.0,reviewertoo_metareviewer,0,0.0
iclr_metareview_UVgbFuXPaO,binary,iclr_metareview,0.0,reviewertoo_metareviewer,0,1.0
iclr_metareview_UVhAIvnmbz,binary,iclr_metareview,0.0,reviewertoo_metareviewer,0,1.0
iclr_metareview_UXCXjRSx0T,binary,iclr_metareview,0.0,reviewertoo_metareviewer,0,1.0
iclr_metareview_UXWhVL3iPF,binary,iclr_metareview,0.0,reviewertoo_metareviewer,0,0.0
iclr_metareview_UZ00ac4eqA,binary,iclr_metareview,1.0,reviewertoo_metareviewer,0,1.0
iclr_metareview_UZlJY3uV6P,binary,iclr_metareview,0.0,reviewertoo_metareviewer,0,1.0
iclr_metareview_UZovxtlIym,binary,iclr_metareview,0.0,reviewertoo_metareviewer,0,1.0
iclr_metareview_UZtVUqbXGE,binary,iclr_metareview,0.0,reviewertoo_metareviewer,0,1.0
iclr_metareview_Uc1EAICxTD,binary,iclr_metareview,1.0,reviewertoo_metareviewer,0,0.0
iclr_metareview_UeTYIHoeCd,binary,iclr_metareview,0.0,reviewertoo_metareviewer,0,1.0
iclr_metareview_UfbyxnSus9,binary,iclr_metareview,0.0,reviewertoo_metareviewer,0,1.0
iclr_metareview_Uh17FiwF4q,binary,iclr_metareview,1.0,reviewertoo_metareviewer,0,0.0
iclr_metareview_Uh8NGna3VE,binary,iclr_metareview,0.0,reviewertoo_metareviewer,0,1.0
iclr_metareview_UhmEdfAk46,binary,iclr_metareview,1.0,reviewertoo_metareviewer,0,0.0
iclr_metareview_UlyWAFSuws,binary,iclr_metareview,0.0,reviewertoo_metareviewer,0,1.0
iclr_metareview_UnvaQLYFMJ,binary,iclr_metareview,0.0,reviewertoo_metareviewer,0,1.0
iclr_metareview_Uo71tJRfrk,binary,iclr_metareview,0.0,reviewertoo_metareviewer,0,1.0
iclr_metareview_UoWb01t8XI,binary,iclr_metareview,0.0,reviewertoo_metareviewer,0,0.0
iclr_metareview_UrGsJphPnJ,binary,iclr_metareview,0.0,reviewertoo_metareviewer,0,1.0
iclr_metareview_UspMJlGusi,binary,iclr_metareview,1.0,reviewertoo_metareviewer,0,1.0
iclr_metareview_UtEY8lF8q2,binary,iclr_metareview,0.0,reviewertoo_metareviewer,0,1.0
iclr_metareview_UtzdSeit84,binary,iclr_metareview,0.0,reviewertoo_metareviewer,0,1.0
iclr_metareview_Uu2MI8ifrm,binary,iclr_metareview,0.0,reviewertoo_metareviewer,0,1.0
iclr_metareview_V0Fb4pwhS4,binary,iclr_metareview,0.0,reviewertoo_metareviewer,0,0.0
iclr_metareview_V1i58pZmp3,binary,iclr_metareview,1.0,reviewertoo_metareviewer,0,0.0
iclr_metareview_V2ETVv9qpb,binary,iclr_metareview,0.0,reviewertoo_metareviewer,0,1.0
iclr_metareview_V38yAoqddQ,binary,iclr_metareview,1.0,reviewertoo_metareviewer,0,0.0
iclr_metareview_V3fEo612nE,binary,iclr_metareview,1.0,reviewertoo_metareviewer,0,1.0
iclr_metareview_V4YGa3V2QO,binary,iclr_metareview,0.0,reviewertoo_metareviewer,0,1.0
iclr_metareview_V7bo8kSsKj,binary,iclr_metareview,0.0,reviewertoo_metareviewer,0,0.0
iclr_metareview_V7dux7T9M4,binary,iclr_metareview,0.0,reviewertoo_metareviewer,0,0.0
iclr_metareview_V83a0sPhRl,binary,iclr_metareview,0.0,reviewertoo_metareviewer,0,1.0
iclr_metareview_VAEkLS9VBr,binary,iclr_metareview,1.0,reviewertoo_metareviewer,0,0.0
iclr_metareview_VAgRyr8R5t,binary,iclr_metareview,0.0,reviewertoo_metareviewer,0,1.0
iclr_metareview_VAv1rrPR1A,binary,iclr_metareview,1.0,reviewertoo_metareviewer,0,1.0
iclr_metareview_VCjlm003WL,binary,iclr_metareview,1.0,reviewertoo_metareviewer,0,1.0
iclr_metareview_VExNUuQAWq,binary,iclr_metareview,0.0,reviewertoo_metareviewer,0,1.0
iclr_metareview_VFYGBTSNWK,binary,iclr_metareview,0.0,reviewertoo_metareviewer,0,1.0
iclr_metareview_VG5iE3rzLz,binary,iclr_metareview,0.0,reviewertoo_metareviewer,0,1.0
iclr_metareview_VJLRgDLKwP,binary,iclr_metareview,0.0,reviewertoo_metareviewer,0,0.0
iclr_metareview_VLLcv3B2vE,binary,iclr_metareview,0.0,reviewertoo_metareviewer,0,1.0
iclr_metareview_VMlajIH1oF,binary,iclr_metareview,0.0,reviewertoo_metareviewer,0,1.0
iclr_metareview_VNUDPmevv3,binary,iclr_metareview,0.0,reviewertoo_metareviewer,0,1.0
iclr_metareview_VP204Aa0gH,binary,iclr_metareview,0.0,reviewertoo_metareviewer,0,1.0
iclr_metareview_VPmsAr1OTl,binary,iclr_metareview,1.0,reviewertoo_metareviewer,0,1.0
iclr_metareview_VPtHqcafIY,binary,iclr_metareview,1.0,reviewertoo_metareviewer,0,0.0
iclr_metareview_VQFLvbnzGy,binary,iclr_metareview,0.0,reviewertoo_metareviewer,0,1.0
iclr_metareview_VS9fKe0bLn,binary,iclr_metareview,0.0,reviewertoo_metareviewer,0,1.0
iclr_metareview_VSNmchfjgB,binary,iclr_metareview,0.0,reviewertoo_metareviewer,0,1.0
iclr_metareview_VSPQjfWEzC,binary,iclr_metareview,0.0,reviewertoo_metareviewer,0,0.0
iclr_metareview_VScnURO2g1,binary,iclr_metareview,0.0,reviewertoo_metareviewer,0,0.0
iclr_metareview_VUD6vh46os,binary,iclr_metareview,0.0,reviewertoo_metareviewer,0,1.0
iclr_metareview_VVJ6Ck9JBl,binary,iclr_metareview,1.0,reviewertoo_metareviewer,0,0.0
iclr_metareview_VVbKS5Ar3A,binary,iclr_metareview,0.0,reviewertoo_metareviewer,0,0.0
iclr_metareview_VWuScx0iqH,binary,iclr_metareview,0.0,reviewertoo_metareviewer,0,1.0
iclr_metareview_VWyPsYaSg2,binary,iclr_metareview,0.0,reviewertoo_metareviewer,0,1.0
iclr_metareview_VY9hVzmxg6,binary,iclr_metareview,0.0,reviewertoo_metareviewer,0,1.0
iclr_metareview_VYLwMvhdXI,binary,iclr_metareview,0.0,reviewertoo_metareviewer,0,1.0
iclr_metareview_VZCHc1OOrD,binary,iclr_metareview,0.0,reviewertoo_metareviewer,0,0.0
iclr_metareview_VaFqN9dnCa,binary,iclr_metareview,0.0,reviewertoo_metareviewer,0,0.0
iclr_metareview_VaXFVeFkKD,binary,iclr_metareview,0.0,reviewertoo_metareviewer,0,1.0
iclr_metareview_VafxuFOb3f,binary,iclr_metareview,0.0,reviewertoo_metareviewer,0,0.0
iclr_metareview_VbvXjs5f72,binary,iclr_metareview,1.0,reviewertoo_metareviewer,0,1.0
iclr_metareview_Vc1G038bRw,binary,iclr_metareview,0.0,reviewertoo_metareviewer,0,0.0
iclr_metareview_VcT9KJeB89,binary,iclr_metareview,0.0,reviewertoo_metareviewer,0,0.0
iclr_metareview_VdVV24KSWK,binary,iclr_metareview,1.0,reviewertoo_metareviewer,0,1.0
iclr_metareview_VesLZukY5E,binary,iclr_metareview,1.0,reviewertoo_metareviewer,0,1.0
iclr_metareview_VfYhzgPB53,binary,iclr_metareview,0.0,reviewertoo_metareviewer,0,1.0
iclr_metareview_Vg511oJScS,binary,iclr_metareview,1.0,reviewertoo_metareviewer,0,0.0
iclr_metareview_VgNs9dzyp6,binary,iclr_metareview,0.0,reviewertoo_metareviewer,0,1.0
iclr_metareview_VgVeQpagf7,binary,iclr_metareview,0.0,reviewertoo_metareviewer,0,1.0
iclr_metareview_Vhohl7EcvO,binary,iclr_metareview,1.0,reviewertoo_metareviewer,0,0.0
iclr_metareview_Vit5M0G5Gb,binary,iclr_metareview,1.0,reviewertoo_metareviewer,0,1.0
iclr_metareview_VjAOHI1owB,binary,iclr_metareview,0.0,reviewertoo_metareviewer,0,1.0
iclr_metareview_VjGU55hEwV,binary,iclr_metareview,0.0,reviewertoo_metareviewer,0,0.0
iclr_metareview_VlTHxRcP3A,binary,iclr_metareview,0.0,reviewertoo_metareviewer,0,0.0
iclr_metareview_VlcP90XLMV,binary,iclr_metareview,0.0,reviewertoo_metareviewer,0,1.0
iclr_metareview_VmojW15eRc,binary,iclr_metareview,0.0,reviewertoo_metareviewer,0,1.0
iclr_metareview_VoMQN1GDB2,binary,iclr_metareview,0.0,reviewertoo_metareviewer,0,0.0
iclr_metareview_VpZ8YYdBmT,binary,iclr_metareview,1.0,reviewertoo_metareviewer,0,1.0
iclr_metareview_VqI7rDJqiI,binary,iclr_metareview,0.0,reviewertoo_metareviewer,0,1.0
iclr_metareview_VqnBaeu43F,binary,iclr_metareview,1.0,reviewertoo_metareviewer,0,0.0
iclr_metareview_Vr0VniKoen,binary,iclr_metareview,0.0,reviewertoo_metareviewer,0,1.0
iclr_metareview_VrFBRFByI2,binary,iclr_metareview,0.0,reviewertoo_metareviewer,0,0.0
iclr_metareview_VrXdmCjni4,binary,iclr_metareview,1.0,reviewertoo_metareviewer,0,0.0
iclr_metareview_VsVAVgzwOs,binary,iclr_metareview,0.0,reviewertoo_metareviewer,0,1.0
iclr_metareview_VvqFbXDb1J,binary,iclr_metareview,0.0,reviewertoo_metareviewer,0,0.0
iclr_metareview_VxBh4rtg9Y,binary,iclr_metareview,0.0,reviewertoo_metareviewer,0,0.0
iclr_metareview_VzGINDmlE4,binary,iclr_metareview,0.0,reviewertoo_metareviewer,0,1.0
iclr_metareview_W2eNfLmCHY,binary,iclr_metareview,1.0,reviewertoo_metareviewer,0,0.0
iclr_metareview_W3Csbs2oEl,binary,iclr_metareview,0.0,reviewertoo_metareviewer,0,1.0
iclr_metareview_W6gbWvvovB,binary,iclr_metareview,1.0,reviewertoo_metareviewer,0,0.0
iclr_metareview_W7RNxsTKKZ,binary,iclr_metareview,1.0,reviewertoo_metareviewer,0,1.0
iclr_metareview_W7jtBYjNO4,binary,iclr_metareview,0.0,reviewertoo_metareviewer,0,1.0
iclr_metareview_W8N4eZ9KSU,binary,iclr_metareview,0.0,reviewertoo_metareviewer,0,1.0
iclr_metareview_W8ZFwYKbXo,binary,iclr_metareview,0.0,reviewertoo_metareviewer,0,1.0
iclr_metareview_W8ZXfNaqku,binary,iclr_metareview,1.0,reviewertoo_metareviewer,0,1.0
iclr_metareview_W9oGZd4B8R,binary,iclr_metareview,0.0,reviewertoo_metareviewer,0,0.0
iclr_metareview_WA0AYaYAtS,binary,iclr_metareview,1.0,reviewertoo_metareviewer,0,1.0
iclr_metareview_WAF8eIYsae,binary,iclr_metareview,0.0,reviewertoo_metareviewer,0,0.0
iclr_metareview_WAQIxi7ifb,binary,iclr_metareview,1.0,reviewertoo_metareviewer,0,1.0
iclr_metareview_WAaj0BnDP7,binary,iclr_metareview,0.0,reviewertoo_metareviewer,0,1.0
iclr_metareview_WAk6tf8VkQ,binary,iclr_metareview,0.0,reviewertoo_metareviewer,0,1.0
iclr_metareview_WBlH3uAwki,binary,iclr_metareview,0.0,reviewertoo_metareviewer,0,0.0
iclr_metareview_WCHe7B8idL,binary,iclr_metareview,0.0,reviewertoo_metareviewer,0,0.0
iclr_metareview_WEuJlEJmX8,binary,iclr_metareview,1.0,reviewertoo_metareviewer,0,1.0
iclr_metareview_WGqibe5H3W,binary,iclr_metareview,1.0,reviewertoo_metareviewer,0,1.0
iclr_metareview_WHVk2qoCIY,binary,iclr_metareview,0.0,reviewertoo_metareviewer,0,1.0
iclr_metareview_WIXohR7mEo,binary,iclr_metareview,1.0,reviewertoo_metareviewer,0,1.0
iclr_metareview_WJOgneFtVi,binary,iclr_metareview,0.0,reviewertoo_metareviewer,0,0.0
iclr_metareview_WK1iMXRTiH,binary,iclr_metareview,0.0,reviewertoo_metareviewer,0,0.0
iclr_metareview_WL4GEBzQLP,binary,iclr_metareview,0.0,reviewertoo_metareviewer,0,1.0
iclr_metareview_WL4qCY0nBk,binary,iclr_metareview,0.0,reviewertoo_metareviewer,0,0.0
iclr_metareview_WMeIXD8r81,binary,iclr_metareview,0.0,reviewertoo_metareviewer,0,1.0
iclr_metareview_WO6ngOsEL3,binary,iclr_metareview,0.0,reviewertoo_metareviewer,0,1.0
iclr_metareview_WPJnLvQrP3,binary,iclr_metareview,1.0,reviewertoo_metareviewer,0,0.0
iclr_metareview_WR2RPLKPR8,binary,iclr_metareview,0.0,reviewertoo_metareviewer,0,1.0
iclr_metareview_WRk1aOhKNk,binary,iclr_metareview,0.0,reviewertoo_metareviewer,0,0.0
iclr_metareview_WSoBhpZpdD,binary,iclr_metareview,0.0,reviewertoo_metareviewer,0,1.0
iclr_metareview_WV7xIboTDK,binary,iclr_metareview,1.0,reviewertoo_metareviewer,0,0.0
iclr_metareview_WX8uuLUSR4,binary,iclr_metareview,0.0,reviewertoo_metareviewer,0,1.0
iclr_metareview_WYzDAFeYMS,binary,iclr_metareview,0.0,reviewertoo_metareviewer,0,0.0
iclr_metareview_WZWLnivZAj,binary,iclr_metareview,0.0,reviewertoo_metareviewer,0,1.0
iclr_metareview_WZYxJhvAvD,binary,iclr_metareview,1.0,reviewertoo_metareviewer,0,0.0
iclr_metareview_WZxgyxL6rw,binary,iclr_metareview,0.0,reviewertoo_metareviewer,0,0.0
iclr_metareview_Wa3cfE3Iay,binary,iclr_metareview,1.0,reviewertoo_metareviewer,0,1.0
iclr_metareview_Wa9Bg9b50B,binary,iclr_metareview,1.0,reviewertoo_metareviewer,0,1.0
iclr_metareview_WaH0qMsD7H,binary,iclr_metareview,0.0,reviewertoo_metareviewer,0,1.0
iclr_metareview_WbRULwqsIy,binary,iclr_metareview,1.0,reviewertoo_metareviewer,0,1.0
iclr_metareview_Wf0tGnQOIh,binary,iclr_metareview,1.0,reviewertoo_metareviewer,0,1.0
iclr_metareview_Wg4KB2JAip,binary,iclr_metareview,0.0,reviewertoo_metareviewer,0,1.0
iclr_metareview_Wg9Rx5rjgo,binary,iclr_metareview,1.0,reviewertoo_metareviewer,0,1.0
iclr_metareview_WgRyl6fzLx,binary,iclr_metareview,0.0,reviewertoo_metareviewer,0,0.0
iclr_metareview_WgZJCnb8lJ,binary,iclr_metareview,1.0,reviewertoo_metareviewer,0,1.0
iclr_metareview_WgyDYMUfSK,binary,iclr_metareview,0.0,reviewertoo_metareviewer,0,1.0
iclr_metareview_WjPGR5z8AV,binary,iclr_metareview,0.0,reviewertoo_metareviewer,0,0.0
iclr_metareview_Wjf3OMJxpn,binary,iclr_metareview,1.0,reviewertoo_metareviewer,0,0.0
iclr_metareview_WliHWqTfAb,binary,iclr_metareview,1.0,reviewertoo_metareviewer,0,1.0
iclr_metareview_Wlmji1kHql,binary,iclr_metareview,0.0,reviewertoo_metareviewer,0,1.0
iclr_metareview_WomSyH0LwN,binary,iclr_metareview,0.0,reviewertoo_metareviewer,0,0.0
iclr_metareview_WqCRSn2WAY,binary,iclr_metareview,1.0,reviewertoo_metareviewer,0,1.0
iclr_metareview_WqSEVQRlUB,binary,iclr_metareview,0.0,reviewertoo_metareviewer,0,0.0
iclr_metareview_Wr1IDzjttB,binary,iclr_metareview,0.0,reviewertoo_metareviewer,0,0.0
iclr_metareview_Wr5JAZrdgO,binary,iclr_metareview,0.0,reviewertoo_metareviewer,0,0.0
iclr_metareview_WrTjCHs2tS,binary,iclr_metareview,0.0,reviewertoo_metareviewer,0,1.0
iclr_metareview_WrUIGjX73K,binary,iclr_metareview,0.0,reviewertoo_metareviewer,0,1.0
iclr_metareview_WsN88Ns0i6,binary,iclr_metareview,1.0,reviewertoo_metareviewer,0,1.0
iclr_metareview_Wt4kD66lp9,binary,iclr_metareview,0.0,reviewertoo_metareviewer,0,0.0
iclr_metareview_WtbPaWO8lH,binary,iclr_metareview,1.0,reviewertoo_metareviewer,0,0.0
iclr_metareview_WuknbEIFbz,binary,iclr_metareview,0.0,reviewertoo_metareviewer,0,0.0
iclr_metareview_WxTlAbRUE6,binary,iclr_metareview,0.0,reviewertoo_metareviewer,0,1.0
iclr_metareview_X0QxVexIJX,binary,iclr_metareview,1.0,reviewertoo_metareviewer,0,1.0
iclr_metareview_X1qCXASXd1,binary,iclr_metareview,0.0,reviewertoo_metareviewer,0,0.0
iclr_metareview_X4Oo6ovLT3,binary,iclr_metareview,0.0,reviewertoo_metareviewer,0,1.0
iclr_metareview_X4U5ZUB6bY,binary,iclr_metareview,0.0,reviewertoo_metareviewer,0,1.0
iclr_metareview_X4w1dJ2FUo,binary,iclr_metareview,0.0,reviewertoo_metareviewer,0,0.0
iclr_metareview_X7YW6STzeL,binary,iclr_metareview,1.0,reviewertoo_metareviewer,0,1.0
iclr_metareview_X7eYISNf01,binary,iclr_metareview,1.0,reviewertoo_metareviewer,0,0.0
iclr_metareview_X96Ei9n34a,binary,iclr_metareview,1.0,reviewertoo_metareviewer,0,0.0
iclr_metareview_X9QPmuosA7,binary,iclr_metareview,0.0,reviewertoo_metareviewer,0,1.0
iclr_metareview_XAnQOoFfBw,binary,iclr_metareview,0.0,reviewertoo_metareviewer,0,0.0
iclr_metareview_XAoht8iLj9,binary,iclr_metareview,0.0,reviewertoo_metareviewer,0,0.0
iclr_metareview_XBZepxWsuc,binary,iclr_metareview,0.0,reviewertoo_metareviewer,0,0.0
iclr_metareview_XBzIhhwv8d,binary,iclr_metareview,1.0,reviewertoo_metareviewer,0,1.0
iclr_metareview_XCqrMBh1Uj,binary,iclr_metareview,0.0,reviewertoo_metareviewer,0,0.0
iclr_metareview_XF9rcsXd1q,binary,iclr_metareview,0.0,reviewertoo_metareviewer,0,0.0
iclr_metareview_XFNMmznPTj,binary,iclr_metareview,0.0,reviewertoo_metareviewer,0,1.0
iclr_metareview_XFY7kvIFSw,binary,iclr_metareview,0.0,reviewertoo_metareviewer,0,0.0
iclr_metareview_XFcenszBe3,binary,iclr_metareview,0.0,reviewertoo_metareviewer,0,0.0
iclr_metareview_XGEZ9q02Ys,binary,iclr_metareview,1.0,reviewertoo_metareviewer,0,0.0
iclr_metareview_XGuljQzFO9,binary,iclr_metareview,0.0,reviewertoo_metareviewer,0,0.0
iclr_metareview_XIuhMkAbUz,binary,iclr_metareview,0.0,reviewertoo_metareviewer,0,0.0
iclr_metareview_XJxXSMLDoZ,binary,iclr_metareview,1.0,reviewertoo_metareviewer,0,1.0
iclr_metareview_XK2IC585o8,binary,iclr_metareview,0.0,reviewertoo_metareviewer,0,1.0
iclr_metareview_XKAcf5UbwD,binary,iclr_metareview,0.0,reviewertoo_metareviewer,0,1.0
iclr_metareview_XKxDS2jtAp,binary,iclr_metareview,0.0,reviewertoo_metareviewer,0,0.0
iclr_metareview_XLiUcvHfzS,binary,iclr_metareview,1.0,reviewertoo_metareviewer,0,1.0
iclr_metareview_XOyyign1Rj,binary,iclr_metareview,0.0,reviewertoo_metareviewer,0,1.0
iclr_metareview_XPIEkFdEDi,binary,iclr_metareview,1.0,reviewertoo_metareviewer,0,1.0
iclr_metareview_XPxfT3ttAi,binary,iclr_metareview,0.0,reviewertoo_metareviewer,0,1.0
iclr_metareview_XQlcvkzMuv,binary,iclr_metareview,0.0,reviewertoo_metareviewer,0,0.0
iclr_metareview_XQv3jegXqt,binary,iclr_metareview,0.0,reviewertoo_metareviewer,0,1.0
iclr_metareview_XRQVIeBnB0,binary,iclr_metareview,1.0,reviewertoo_metareviewer,0,1.0
iclr_metareview_XRpPi0JzRx,binary,iclr_metareview,0.0,reviewertoo_metareviewer,0,0.0
iclr_metareview_XTWqhhyzcG,binary,iclr_metareview,0.0,reviewertoo_metareviewer,0,0.0
iclr_metareview_XUVqFRp9oi,binary,iclr_metareview,1.0,reviewertoo_metareviewer,0,1.0
iclr_metareview_XV8hoBrPJ6,binary,iclr_metareview,1.0,reviewertoo_metareviewer,0,1.0
iclr_metareview_XVonoE8dWs,binary,iclr_metareview,0.0,reviewertoo_metareviewer,0,0.0
iclr_metareview_XW4mROtaVb,binary,iclr_metareview,1.0,reviewertoo_metareviewer,0,0.0
iclr_metareview_XWqzWHoSsc,binary,iclr_metareview,0.0,reviewertoo_metareviewer,0,0.0
iclr_metareview_XX5EZoe4ec,binary,iclr_metareview,0.0,reviewertoo_metareviewer,0,0.0
iclr_metareview_XXSPoq3uik,binary,iclr_metareview,0.0,reviewertoo_metareviewer,0,1.0
iclr_metareview_XYmLpiIgZa,binary,iclr_metareview,0.0,reviewertoo_metareviewer,0,1.0
iclr_metareview_XbMp83tvK7,binary,iclr_metareview,1.0,reviewertoo_metareviewer,0,0.0
iclr_metareview_XcPDT615Gd,binary,iclr_metareview,1.0,reviewertoo_metareviewer,0,1.0
iclr_metareview_XdGnm08ubz,binary,iclr_metareview,0.0,reviewertoo_metareviewer,0,1.0
iclr_metareview_XdLgOm5giq,binary,iclr_metareview,0.0,reviewertoo_metareviewer,0,0.0
iclr_metareview_XeLrfKEOZS,binary,iclr_metareview,1.0,reviewertoo_metareviewer,0,0.0
iclr_metareview_Xekof9okBD,binary,iclr_metareview,0.0,reviewertoo_metareviewer,0,0.0
iclr_metareview_XfG4qLXMk0,binary,iclr_metareview,0.0,reviewertoo_metareviewer,0,0.0
iclr_metareview_XgqeYL1mgm,binary,iclr_metareview,0.0,reviewertoo_metareviewer,0,1.0
iclr_metareview_Xh2MzYH1h9,binary,iclr_metareview,0.0,reviewertoo_metareviewer,0,0.0
iclr_metareview_XhXMzPJJ7J,binary,iclr_metareview,1.0,reviewertoo_metareviewer,0,0.0
iclr_metareview_XjEmO6Znz9,binary,iclr_metareview,0.0,reviewertoo_metareviewer,0,0.0
iclr_metareview_XjcHRIu0iF,binary,iclr_metareview,1.0,reviewertoo_metareviewer,0,1.0
iclr_metareview_XlRbpFj3lJ,binary,iclr_metareview,1.0,reviewertoo_metareviewer,0,1.0
iclr_metareview_XlW6kBaOk9,binary,iclr_metareview,0.0,reviewertoo_metareviewer,0,1.0
iclr_metareview_Xn33bU71m4,binary,iclr_metareview,0.0,reviewertoo_metareviewer,0,0.0
iclr_metareview_Xo0uuCThYG,binary,iclr_metareview,0.0,reviewertoo_metareviewer,0,0.0
iclr_metareview_Xo1h3mIN9O,binary,iclr_metareview,0.0,reviewertoo_metareviewer,0,0.0
iclr_metareview_Xpj0yeMhpz,binary,iclr_metareview,1.0,reviewertoo_metareviewer,0,0.0
iclr_metareview_XqhNrLN3Gh,binary,iclr_metareview,0.0,reviewertoo_metareviewer,0,0.0
iclr_metareview_XrP8dp1rCg,binary,iclr_metareview,1.0,reviewertoo_metareviewer,0,1.0
iclr_metareview_Xrf3ypaNpt,binary,iclr_metareview,0.0,reviewertoo_metareviewer,0,0.0
iclr_metareview_Xs7DhA88bd,binary,iclr_metareview,0.0,reviewertoo_metareviewer,0,0.0
iclr_metareview_Xuf8VzxUx0,binary,iclr_metareview,0.0,reviewertoo_metareviewer,0,1.0
iclr_metareview_XuvhmSMbCE,binary,iclr_metareview,0.0,reviewertoo_metareviewer,0,0.0
iclr_metareview_XvWe1P7P8A,binary,iclr_metareview,0.0,reviewertoo_metareviewer,0,0.0
iclr_metareview_Xw0SudV0UB,binary,iclr_metareview,0.0,reviewertoo_metareviewer,0,1.0
iclr_metareview_XwnOHJgXDp,binary,iclr_metareview,0.0,reviewertoo_metareviewer,0,0.0
iclr_metareview_XxgMs3Hl4F,binary,iclr_metareview,0.0,reviewertoo_metareviewer,0,1.0
iclr_metareview_XxqdbYD74l,binary,iclr_metareview,1.0,reviewertoo_metareviewer,0,1.0
iclr_metareview_XyC9QIhWjL,binary,iclr_metareview,0.0,reviewertoo_metareviewer,0,1.0
iclr_metareview_XzXKnazRBF,binary,iclr_metareview,1.0,reviewertoo_metareviewer,0,1.0
iclr_metareview_Y1UhUy7qAQ,binary,iclr_metareview,0.0,reviewertoo_metareviewer,0,0.0
iclr_metareview_Y2kTq1Lk0b,binary,iclr_metareview,0.0,reviewertoo_metareviewer,0,0.0
iclr_metareview_Y4g1XjT0qd,binary,iclr_metareview,0.0,reviewertoo_metareviewer,0,1.0
iclr_metareview_Y54P2BBPPh,binary,iclr_metareview,1.0,reviewertoo_metareviewer,0,1.0
iclr_metareview_Y5kuPDwLJB,binary,iclr_metareview,0.0,reviewertoo_metareviewer,0,1.0
iclr_metareview_Y6DPEdWUGI,binary,iclr_metareview,0.0,reviewertoo_metareviewer,0,0.0
iclr_metareview_Y6NULorfY2,binary,iclr_metareview,0.0,reviewertoo_metareviewer,0,1.0
iclr_metareview_Y6XPFxRbjb,binary,iclr_metareview,0.0,reviewertoo_metareviewer,0,1.0
iclr_metareview_Y74tGjpsjq,binary,iclr_metareview,0.0,reviewertoo_metareviewer,0,0.0
iclr_metareview_Y7IZlDttMM,binary,iclr_metareview,0.0,reviewertoo_metareviewer,0,0.0
iclr_metareview_Y7qzhvWhcz,binary,iclr_metareview,1.0,reviewertoo_metareviewer,0,0.0
iclr_metareview_Y9EQunbxfv,binary,iclr_metareview,0.0,reviewertoo_metareviewer,0,0.0
iclr_metareview_YA4IaLOaHH,binary,iclr_metareview,0.0,reviewertoo_metareviewer,0,0.0
iclr_metareview_YAhTj2VgBw,binary,iclr_metareview,1.0,reviewertoo_metareviewer,0,0.0
iclr_metareview_YBKg2mEcHA,binary,iclr_metareview,0.0,reviewertoo_metareviewer,0,0.0
iclr_metareview_YBt6cvPK0k,binary,iclr_metareview,0.0,reviewertoo_metareviewer,0,1.0
iclr_metareview_YCMDpRL7SP,binary,iclr_metareview,0.0,reviewertoo_metareviewer,0,1.0
iclr_metareview_YDaxkBBRB5,binary,iclr_metareview,0.0,reviewertoo_metareviewer,0,0.0
iclr_metareview_YEgnvoxZLq,binary,iclr_metareview,0.0,reviewertoo_metareviewer,0,1.0
iclr_metareview_YGHkH6oSOQ,binary,iclr_metareview,0.0,reviewertoo_metareviewer,0,0.0
iclr_metareview_YGUKPGO182,binary,iclr_metareview,1.0,reviewertoo_metareviewer,0,0.0
iclr_metareview_YH1gieQrxH,binary,iclr_metareview,0.0,reviewertoo_metareviewer,0,1.0
iclr_metareview_YHQlUgyGq8,binary,iclr_metareview,0.0,reviewertoo_metareviewer,0,0.0
iclr_metareview_YHz6PybFqK,binary,iclr_metareview,0.0,reviewertoo_metareviewer,0,1.0
iclr_metareview_YIP1CxHCue,binary,iclr_metareview,0.0,reviewertoo_metareviewer,0,0.0
iclr_metareview_YKRoqKsK8W,binary,iclr_metareview,0.0,reviewertoo_metareviewer,0,0.0
iclr_metareview_YKTJJCNXF4,binary,iclr_metareview,0.0,reviewertoo_metareviewer,0,1.0
iclr_metareview_YL2NgqN3Vh,binary,iclr_metareview,1.0,reviewertoo_metareviewer,0,1.0
iclr_metareview_YLTQbMoAaX,binary,iclr_metareview,1.0,reviewertoo_metareviewer,0,0.0
iclr_metareview_YPPD3Gf8mc,binary,iclr_metareview,0.0,reviewertoo_metareviewer,0,0.0
iclr_metareview_YQ1muQBDV4,binary,iclr_metareview,1.0,reviewertoo_metareviewer,0,1.0
iclr_metareview_YSLFKaVTWL,binary,iclr_metareview,0.0,reviewertoo_metareviewer,0,1.0
iclr_metareview_YSkby14i2v,binary,iclr_metareview,0.0,reviewertoo_metareviewer,0,0.0
iclr_metareview_YTF8492sT5,binary,iclr_metareview,0.0,reviewertoo_metareviewer,0,1.0
iclr_metareview_YTFPvjbtia,binary,iclr_metareview,0.0,reviewertoo_metareviewer,0,0.0
iclr_metareview_YU1VAT8BEG,binary,iclr_metareview,0.0,reviewertoo_metareviewer,0,1.0
iclr_metareview_YUOxux1lIu,binary,iclr_metareview,0.0,reviewertoo_metareviewer,0,0.0
iclr_metareview_YURHABfZIP,binary,iclr_metareview,0.0,reviewertoo_metareviewer,0,0.0
iclr_metareview_YV5aJAKtOt,binary,iclr_metareview,0.0,reviewertoo_metareviewer,0,1.0
iclr_metareview_YYUql89hHi,binary,iclr_metareview,0.0,reviewertoo_metareviewer,0,0.0
iclr_metareview_YYdEZeBAsE,binary,iclr_metareview,0.0,reviewertoo_metareviewer,0,1.0
iclr_metareview_YZ5k2dVj6O,binary,iclr_metareview,1.0,reviewertoo_metareviewer,0,1.0
iclr_metareview_YaKWwVIoWN,binary,iclr_metareview,0.0,reviewertoo_metareviewer,0,0.0
iclr_metareview_YbQxus1KEa,binary,iclr_metareview,1.0,reviewertoo_metareviewer,0,0.0
iclr_metareview_YcTxVpRRf9,binary,iclr_metareview,0.0,reviewertoo_metareviewer,0,0.0
iclr_metareview_YcdfEa1355,binary,iclr_metareview,0.0,reviewertoo_metareviewer,0,0.0
iclr_metareview_Ye2MkxAF8X,binary,iclr_metareview,0.0,reviewertoo_metareviewer,0,1.0
iclr_metareview_YeCwgukgnQ,binary,iclr_metareview,0.0,reviewertoo_metareviewer,0,0.0
iclr_metareview_YeagC09j2K,binary,iclr_metareview,1.0,reviewertoo_metareviewer,0,0.0
iclr_metareview_Yfk4ex3Z1G,binary,iclr_metareview,1.0,reviewertoo_metareviewer,0,1.0
iclr_metareview_Yh5Yg9SQvE,binary,iclr_metareview,0.0,reviewertoo_metareviewer,0,0.0
iclr_metareview_Yhqa8Ljzrj,binary,iclr_metareview,0.0,reviewertoo_metareviewer,0,0.0
iclr_metareview_YhshUcnE78,binary,iclr_metareview,0.0,reviewertoo_metareviewer,0,0.0
iclr_metareview_YiV2rJOIUJ,binary,iclr_metareview,0.0,reviewertoo_metareviewer,0,1.0
iclr_metareview_YjlepjYxAd,binary,iclr_metareview,0.0,reviewertoo_metareviewer,0,0.0
iclr_metareview_YkfhTzq3hL,binary,iclr_metareview,0.0,reviewertoo_metareviewer,0,0.0
iclr_metareview_Ylgds6UMxf,binary,iclr_metareview,0.0,reviewertoo_metareviewer,0,1.0
iclr_metareview_YnJ2s4WeNF,binary,iclr_metareview,1.0,reviewertoo_metareviewer,0,0.0
iclr_metareview_Yo7eG3lC3y,binary,iclr_metareview,0.0,reviewertoo_metareviewer,0,1.0
iclr_metareview_Yq3kc0OrKy,binary,iclr_metareview,0.0,reviewertoo_metareviewer,0,0.0
iclr_metareview_YqoFFNYKYB,binary,iclr_metareview,1.0,reviewertoo_metareviewer,0,1.0
iclr_metareview_YrX77XRgku,binary,iclr_metareview,1.0,reviewertoo_metareviewer,0,1.0
iclr_metareview_YsruHaTNYS,binary,iclr_metareview,0.0,reviewertoo_metareviewer,0,1.0
iclr_metareview_YtHtgNReeg,binary,iclr_metareview,0.0,reviewertoo_metareviewer,0,0.0
iclr_metareview_YtWZdwEG5K,binary,iclr_metareview,1.0,reviewertoo_metareviewer,0,1.0
iclr_metareview_Ytlj8Ckv9n,binary,iclr_metareview,1.0,reviewertoo_metareviewer,0,1.0
iclr_metareview_YupieFePP5,binary,iclr_metareview,0.0,reviewertoo_metareviewer,0,0.0
iclr_metareview_YvMkU4BYOA,binary,iclr_metareview,0.0,reviewertoo_metareviewer,0,1.0
iclr_metareview_YxuKCME576,binary,iclr_metareview,1.0,reviewertoo_metareviewer,0,1.0
iclr_metareview_YyCgWQFGtL,binary,iclr_metareview,0.0,reviewertoo_metareviewer,0,1.0
iclr_metareview_YzjS4jcfmS,binary,iclr_metareview,1.0,reviewertoo_metareviewer,0,0.0
iclr_metareview_Yzr27JSBiV,binary,iclr_metareview,0.0,reviewertoo_metareviewer,0,1.0
iclr_metareview_Z06LNjqU1g,binary,iclr_metareview,1.0,reviewertoo_metareviewer,0,1.0
iclr_metareview_Z0CX62CSJQ,binary,iclr_metareview,1.0,reviewertoo_metareviewer,0,0.0
iclr_metareview_Z0wK97A4WY,binary,iclr_metareview,0.0,reviewertoo_metareviewer,0,0.0
iclr_metareview_Z29e9WM0FY,binary,iclr_metareview,0.0,reviewertoo_metareviewer,0,0.0
iclr_metareview_Z2Dxz2gLWI,binary,iclr_metareview,0.0,reviewertoo_metareviewer,0,1.0
iclr_metareview_Z2QOfhoVSy,binary,iclr_metareview,0.0,reviewertoo_metareviewer,0,1.0
iclr_metareview_Z2SRrwSS9O,binary,iclr_metareview,0.0,reviewertoo_metareviewer,0,0.0
iclr_metareview_Z6GStCfccl,binary,iclr_metareview,0.0,reviewertoo_metareviewer,0,0.0
iclr_metareview_Z6fMBQ86XU,binary,iclr_metareview,0.0,reviewertoo_metareviewer,0,0.0
iclr_metareview_Z7TUUQPSzY,binary,iclr_metareview,0.0,reviewertoo_metareviewer,0,1.0
iclr_metareview_Z7i20ZO1qw,binary,iclr_metareview,0.0,reviewertoo_metareviewer,0,1.0
iclr_metareview_Z8Jv1Wsl7n,binary,iclr_metareview,0.0,reviewertoo_metareviewer,0,0.0
iclr_metareview_Z8qaTd5JIv,binary,iclr_metareview,0.0,reviewertoo_metareviewer,0,0.0
iclr_metareview_ZA7i5Otjqd,binary,iclr_metareview,1.0,reviewertoo_metareviewer,0,0.0
iclr_metareview_ZAY8HKg5ZK,binary,iclr_metareview,0.0,reviewertoo_metareviewer,0,1.0
iclr_metareview_ZAcUiIwUwu,binary,iclr_metareview,0.0,reviewertoo_metareviewer,0,0.0
iclr_metareview_ZBhZT307xx,binary,iclr_metareview,0.0,reviewertoo_metareviewer,0,1.0
iclr_metareview_ZC2N9q8USm,binary,iclr_metareview,1.0,reviewertoo_metareviewer,0,1.0
iclr_metareview_ZC5lbHnKPt,binary,iclr_metareview,0.0,reviewertoo_metareviewer,0,0.0
iclr_metareview_ZCCK901R9i,binary,iclr_metareview,0.0,reviewertoo_metareviewer,0,0.0
iclr_metareview_ZCjWUBwCwE,binary,iclr_metareview,1.0,reviewertoo_metareviewer,0,0.0
iclr_metareview_ZCpjdiNhsP,binary,iclr_metareview,0.0,reviewertoo_metareviewer,0,1.0
iclr_metareview_ZDscKnCiuJ,binary,iclr_metareview,0.0,reviewertoo_metareviewer,0,1.0
iclr_metareview_ZDuyNJI56H,binary,iclr_metareview,1.0,reviewertoo_metareviewer,0,1.0
iclr_metareview_ZFZhV7Snf4,binary,iclr_metareview,1.0,reviewertoo_metareviewer,0,1.0
iclr_metareview_ZFh9n579va,binary,iclr_metareview,0.0,reviewertoo_metareviewer,0,0.0
iclr_metareview_ZGWbBqBHCv,binary,iclr_metareview,0.0,reviewertoo_metareviewer,0,1.0
iclr_metareview_ZH8j1bawk2,binary,iclr_metareview,0.0,reviewertoo_metareviewer,0,0.0
iclr_metareview_ZJlVXZ5dmK,binary,iclr_metareview,1.0,reviewertoo_metareviewer,0,1.0
iclr_metareview_ZL1QqLkfLD,binary,iclr_metareview,0.0,reviewertoo_metareviewer,0,1.0
iclr_metareview_ZLJsJ8IWUz,binary,iclr_metareview,1.0,reviewertoo_metareviewer,0,0.0
iclr_metareview_ZNAY3ivd62,binary,iclr_metareview,0.0,reviewertoo_metareviewer,0,1.0
iclr_metareview_ZOuU0udyA4,binary,iclr_metareview,1.0,reviewertoo_metareviewer,0,0.0
iclr_metareview_ZSDmfoVvCs,binary,iclr_metareview,0.0,reviewertoo_metareviewer,0,1.0
iclr_metareview_ZSMDuKtYbt,binary,iclr_metareview,1.0,reviewertoo_metareviewer,0,0.0
iclr_metareview_ZSfgsh43vT,binary,iclr_metareview,1.0,reviewertoo_metareviewer,0,0.0
iclr_metareview_ZTAvANYFL5,binary,iclr_metareview,1.0,reviewertoo_metareviewer,0,0.0
iclr_metareview_ZTFbk7e3SN,binary,iclr_metareview,0.0,reviewertoo_metareviewer,0,1.0
iclr_metareview_ZVaVKRhq8l,binary,iclr_metareview,0.0,reviewertoo_metareviewer,0,1.0
iclr_metareview_ZVg8y3ibyM,binary,iclr_metareview,1.0,reviewertoo_metareviewer,0,1.0
iclr_metareview_ZWfDRKNeFe,binary,iclr_metareview,0.0,reviewertoo_metareviewer,0,1.0
iclr_metareview_ZXJ74KEVUu,binary,iclr_metareview,0.0,reviewertoo_metareviewer,0,1.0
iclr_metareview_ZXRlSzHoDE,binary,iclr_metareview,0.0,reviewertoo_metareviewer,0,1.0
iclr_metareview_ZY8xFHpxHR,binary,iclr_metareview,0.0,reviewertoo_metareviewer,0,1.0
iclr_metareview_ZY9nFE36OY,binary,iclr_metareview,0.0,reviewertoo_metareviewer,0,1.0
iclr_metareview_ZYuPaFsqsS,binary,iclr_metareview,0.0,reviewertoo_metareviewer,0,1.0
iclr_metareview_ZZAIF9fjlU,binary,iclr_metareview,0.0,reviewertoo_metareviewer,0,0.0
iclr_metareview_ZZGn6GXJDH,binary,iclr_metareview,0.0,reviewertoo_metareviewer,0,1.0
iclr_metareview_Za3f4GdjqS,binary,iclr_metareview,0.0,reviewertoo_metareviewer,0,1.0
iclr_metareview_ZaPmQ0NHs4,binary,iclr_metareview,1.0,reviewertoo_metareviewer,0,0.0
iclr_metareview_ZecACxqqKo,binary,iclr_metareview,0.0,reviewertoo_metareviewer,0,0.0
iclr_metareview_ZenwrTwNcj,binary,iclr_metareview,1.0,reviewertoo_metareviewer,0,0.0
iclr_metareview_ZfCCwJ4Wcs,binary,iclr_metareview,1.0,reviewertoo_metareviewer,0,1.0
iclr_metareview_Zhckizkww1,binary,iclr_metareview,1.0,reviewertoo_metareviewer,0,0.0
iclr_metareview_ZiiPltOhWS,binary,iclr_metareview,0.0,reviewertoo_metareviewer,0,0.0
iclr_metareview_Zl9oEm9mib,binary,iclr_metareview,0.0,reviewertoo_metareviewer,0,0.0
iclr_metareview_ZlLOpA5rN8,binary,iclr_metareview,0.0,reviewertoo_metareviewer,0,0.0
iclr_metareview_ZmGirmNJqE,binary,iclr_metareview,1.0,reviewertoo_metareviewer,0,0.0
iclr_metareview_ZpgyPxdxiL,binary,iclr_metareview,0.0,reviewertoo_metareviewer,0,0.0
iclr_metareview_ZumPVUHibk,binary,iclr_metareview,0.0,reviewertoo_metareviewer,0,0.0
iclr_metareview_Zzf6ExJZXj,binary,iclr_metareview,0.0,reviewertoo_metareviewer,0,0.0
iclr_metareview_a3tdvmPn6U,binary,iclr_metareview,0.0,reviewertoo_metareviewer,0,0.0
iclr_metareview_a4DbIONcpb,binary,iclr_metareview,1.0,reviewertoo_metareviewer,0,1.0
iclr_metareview_a6mORbW095,binary,iclr_metareview,0.0,reviewertoo_metareviewer,0,1.0
iclr_metareview_aBJjeqiJJb,binary,iclr_metareview,0.0,reviewertoo_metareviewer,0,0.0
iclr_metareview_aBTz92bueJ,binary,iclr_metareview,0.0,reviewertoo_metareviewer,0,0.0
iclr_metareview_aBo3NVC6Kg,binary,iclr_metareview,0.0,reviewertoo_metareviewer,0,0.0
iclr_metareview_aCluco67rx,binary,iclr_metareview,0.0,reviewertoo_metareviewer,0,1.0
iclr_metareview_aECIKvAYcd,binary,iclr_metareview,1.0,reviewertoo_metareviewer,0,0.0
iclr_metareview_aFjSjkB6CV,binary,iclr_metareview,1.0,reviewertoo_metareviewer,0,1.0
iclr_metareview_aIB8eQc9Au,binary,iclr_metareview,0.0,reviewertoo_metareviewer,0,0.0
iclr_metareview_aIULmVHnl8,binary,iclr_metareview,0.0,reviewertoo_metareviewer,0,1.0
iclr_metareview_aN1s7Aeeqz,binary,iclr_metareview,0.0,reviewertoo_metareviewer,0,1.0
iclr_metareview_aNUVttHlU8,binary,iclr_metareview,0.0,reviewertoo_metareviewer,0,1.0
iclr_metareview_aPnLQ6WfQQ,binary,iclr_metareview,0.0,reviewertoo_metareviewer,0,1.0
iclr_metareview_aPyFj7sL6F,binary,iclr_metareview,0.0,reviewertoo_metareviewer,0,1.0
iclr_metareview_aQ6RiOijal,binary,iclr_metareview,0.0,reviewertoo_metareviewer,0,1.0
iclr_metareview_aRB1zr1DU8,binary,iclr_metareview,0.0,reviewertoo_metareviewer,0,0.0
iclr_metareview_aTCXvJKnkE,binary,iclr_metareview,1.0,reviewertoo_metareviewer,0,1.0
iclr_metareview_aTxnsFFO7t,binary,iclr_metareview,1.0,reviewertoo_metareviewer,0,1.0
iclr_metareview_aUlHK31TAz,binary,iclr_metareview,1.0,reviewertoo_metareviewer,0,1.0
iclr_metareview_aUsx1G6RVQ,binary,iclr_metareview,0.0,reviewertoo_metareviewer,0,1.0
iclr_metareview_aVGg6lRCVi,binary,iclr_metareview,0.0,reviewertoo_metareviewer,0,1.0
iclr_metareview_aWt2SkfVhq,binary,iclr_metareview,0.0,reviewertoo_metareviewer,0,0.0
iclr_metareview_aXWD2Abyfs,binary,iclr_metareview,0.0,reviewertoo_metareviewer,0,0.0
iclr_metareview_aYDpQUcJTn,binary,iclr_metareview,1.0,reviewertoo_metareviewer,0,1.0
iclr_metareview_aZjdkgvPbh,binary,iclr_metareview,0.0,reviewertoo_metareviewer,0,1.0
iclr_metareview_aa91WoBZeg,binary,iclr_metareview,1.0,reviewertoo_metareviewer,0,1.0
iclr_metareview_acXXwAb7OZ,binary,iclr_metareview,0.0,reviewertoo_metareviewer,0,1.0
iclr_metareview_adIRd7KZsw,binary,iclr_metareview,0.0,reviewertoo_metareviewer,0,0.0
iclr_metareview_adacb4JTIv,binary,iclr_metareview,1.0,reviewertoo_metareviewer,0,1.0
iclr_metareview_ae6gnbWlga,binary,iclr_metareview,0.0,reviewertoo_metareviewer,0,1.0
iclr_metareview_aemqAxScl9,binary,iclr_metareview,1.0,reviewertoo_metareviewer,0,1.0
iclr_metareview_agohD5ewsR,binary,iclr_metareview,0.0,reviewertoo_metareviewer,0,1.0
iclr_metareview_aiM6bRd6bG,binary,iclr_metareview,0.0,reviewertoo_metareviewer,0,0.0
iclr_metareview_aiZG7mRi43,binary,iclr_metareview,0.0,reviewertoo_metareviewer,0,1.0
iclr_metareview_ajPeZCRvZk,binary,iclr_metareview,0.0,reviewertoo_metareviewer,0,0.0
iclr_metareview_akbtPEZnDZ,binary,iclr_metareview,1.0,reviewertoo_metareviewer,0,1.0
iclr_metareview_anLMfUzl0C,binary,iclr_metareview,0.0,reviewertoo_metareviewer,0,0.0
iclr_metareview_ao9uaOLvi2,binary,iclr_metareview,0.0,reviewertoo_metareviewer,0,0.0
iclr_metareview_aoEtzdRkGh,binary,iclr_metareview,1.0,reviewertoo_metareviewer,0,0.0
iclr_metareview_aqwtK0OIGs,binary,iclr_metareview,0.0,reviewertoo_metareviewer,0,1.0
iclr_metareview_armP3O3eoV,binary,iclr_metareview,0.0,reviewertoo_metareviewer,0,1.0
iclr_metareview_arms7s9dDK,binary,iclr_metareview,1.0,reviewertoo_metareviewer,0,1.0
iclr_metareview_asEBSfChXc,binary,iclr_metareview,0.0,reviewertoo_metareviewer,0,0.0
iclr_metareview_avdPTUXdPG,binary,iclr_metareview,0.0,reviewertoo_metareviewer,0,1.0
iclr_metareview_avs94SOBLO,binary,iclr_metareview,0.0,reviewertoo_metareviewer,0,1.0
iclr_metareview_awBRdqA09x,binary,iclr_metareview,0.0,reviewertoo_metareviewer,0,1.0
iclr_metareview_axp6zNdvUo,binary,iclr_metareview,0.0,reviewertoo_metareviewer,0,1.0
iclr_metareview_ayAx2YnfmD,binary,iclr_metareview,0.0,reviewertoo_metareviewer,0,1.0
iclr_metareview_azBKlwMKIa,binary,iclr_metareview,0.0,reviewertoo_metareviewer,0,0.0
iclr_metareview_azZZukIriZ,binary,iclr_metareview,0.0,reviewertoo_metareviewer,0,1.0
iclr_metareview_azj53PLJRL,binary,iclr_metareview,1.0,reviewertoo_metareviewer,0,0.0
iclr_metareview_b0B6JQF8Xj,binary,iclr_metareview,0.0,reviewertoo_metareviewer,0,1.0
iclr_metareview_b0PBnjY9n6,binary,iclr_metareview,0.0,reviewertoo_metareviewer,0,1.0
iclr_metareview_b0cH883WjV,binary,iclr_metareview,0.0,reviewertoo_metareviewer,0,1.0
iclr_metareview_b0gKCXLzuB,binary,iclr_metareview,0.0,reviewertoo_metareviewer,0,0.0
iclr_metareview_b1BdNPeg9d,binary,iclr_metareview,0.0,reviewertoo_metareviewer,0,0.0
iclr_metareview_b1HJLCzYN5,binary,iclr_metareview,1.0,reviewertoo_metareviewer,0,1.0
iclr_metareview_b2ZE4TCiXj,binary,iclr_metareview,0.0,reviewertoo_metareviewer,0,0.0
iclr_metareview_b73Y33YaaG,binary,iclr_metareview,0.0,reviewertoo_metareviewer,0,1.0
iclr_metareview_bA51NZVNFT,binary,iclr_metareview,0.0,reviewertoo_metareviewer,0,1.0
iclr_metareview_bFvacHT9F6,binary,iclr_metareview,0.0,reviewertoo_metareviewer,0,1.0
iclr_metareview_bLO9HrTn3n,binary,iclr_metareview,0.0,reviewertoo_metareviewer,0,0.0
iclr_metareview_bLgkkEGgBy,binary,iclr_metareview,1.0,reviewertoo_metareviewer,0,0.0
iclr_metareview_bMDdjg75NS,binary,iclr_metareview,0.0,reviewertoo_metareviewer,0,1.0
iclr_metareview_bMOdN4jYCZ,binary,iclr_metareview,0.0,reviewertoo_metareviewer,0,0.0
iclr_metareview_bMi5ssfPoM,binary,iclr_metareview,1.0,reviewertoo_metareviewer,0,1.0
iclr_metareview_bP48r4dt7Z,binary,iclr_metareview,1.0,reviewertoo_metareviewer,0,1.0
iclr_metareview_bQQkWXYjuy,binary,iclr_metareview,0.0,reviewertoo_metareviewer,0,0.0
iclr_metareview_bRVJcc89Em,binary,iclr_metareview,0.0,reviewertoo_metareviewer,0,1.0
iclr_metareview_bUnG3WcSYX,binary,iclr_metareview,0.0,reviewertoo_metareviewer,0,0.0
iclr_metareview_bVsVbmI0qC,binary,iclr_metareview,0.0,reviewertoo_metareviewer,0,0.0
iclr_metareview_bVyCzNDNX8,binary,iclr_metareview,0.0,reviewertoo_metareviewer,0,0.0
iclr_metareview_bVyg58mjhF,binary,iclr_metareview,0.0,reviewertoo_metareviewer,0,0.0
iclr_metareview_bXRrwS4ViR,binary,iclr_metareview,0.0,reviewertoo_metareviewer,0,0.0
iclr_metareview_bXZCUh1MQp,binary,iclr_metareview,0.0,reviewertoo_metareviewer,0,0.0
iclr_metareview_bXmsFyuQ0d,binary,iclr_metareview,0.0,reviewertoo_metareviewer,0,1.0
iclr_metareview_bYzGyEssk4,binary,iclr_metareview,0.0,reviewertoo_metareviewer,0,0.0
iclr_metareview_bZAKJwyn1n,binary,iclr_metareview,1.0,reviewertoo_metareviewer,0,1.0
iclr_metareview_bZBJFrxH1H,binary,iclr_metareview,1.0,reviewertoo_metareviewer,0,1.0
iclr_metareview_bZnERPFWpe,binary,iclr_metareview,0.0,reviewertoo_metareviewer,0,1.0
iclr_metareview_batDcksZsh,binary,iclr_metareview,1.0,reviewertoo_metareviewer,0,1.0
iclr_metareview_batLZG0bDw,binary,iclr_metareview,0.0,reviewertoo_metareviewer,0,1.0
iclr_metareview_bb4nYKkmAn,binary,iclr_metareview,0.0,reviewertoo_metareviewer,0,1.0
iclr_metareview_bbAN9PPcI1,binary,iclr_metareview,1.0,reviewertoo_metareviewer,0,0.0
iclr_metareview_bbbcARy3Hf,binary,iclr_metareview,0.0,reviewertoo_metareviewer,0,1.0
iclr_metareview_bbmcIaEmJG,binary,iclr_metareview,1.0,reviewertoo_metareviewer,0,1.0
iclr_metareview_bdpZCtPtzH,binary,iclr_metareview,0.0,reviewertoo_metareviewer,0,0.0
iclr_metareview_behsr8o1Xz,binary,iclr_metareview,0.0,reviewertoo_metareviewer,0,1.0
iclr_metareview_bg0AwExOt4,binary,iclr_metareview,0.0,reviewertoo_metareviewer,0,0.0
iclr_metareview_bhPaXhWVKG,binary,iclr_metareview,0.0,reviewertoo_metareviewer,0,0.0
iclr_metareview_bhR00j6Mku,binary,iclr_metareview,1.0,reviewertoo_metareviewer,0,0.0
iclr_metareview_bhdvdYJ8WZ,binary,iclr_metareview,1.0,reviewertoo_metareviewer,0,1.0
iclr_metareview_bhuFwR5rOS,binary,iclr_metareview,0.0,reviewertoo_metareviewer,0,0.0
iclr_metareview_biJqDcw6i9,binary,iclr_metareview,0.0,reviewertoo_metareviewer,0,0.0
iclr_metareview_biegtqdqmg,binary,iclr_metareview,1.0,reviewertoo_metareviewer,0,1.0
iclr_metareview_bkhsrCOZTu,binary,iclr_metareview,0.0,reviewertoo_metareviewer,0,1.0
iclr_metareview_blFpxJ3A08,binary,iclr_metareview,0.0,reviewertoo_metareviewer,0,0.0
iclr_metareview_blWpAPLurW,binary,iclr_metareview,0.0,reviewertoo_metareviewer,0,1.0
iclr_metareview_bn47cqGQ7l,binary,iclr_metareview,1.0,reviewertoo_metareviewer,0,0.0
iclr_metareview_boxKMr17zV,binary,iclr_metareview,0.0,reviewertoo_metareviewer,0,0.0
iclr_metareview_bpF8zgSt41,binary,iclr_metareview,1.0,reviewertoo_metareviewer,0,0.0
iclr_metareview_bq8HqoYLQK,binary,iclr_metareview,0.0,reviewertoo_metareviewer,0,1.0
iclr_metareview_bqEnnzfhBZ,binary,iclr_metareview,1.0,reviewertoo_metareviewer,0,1.0
iclr_metareview_br8nm3CzR0,binary,iclr_metareview,0.0,reviewertoo_metareviewer,0,0.0
iclr_metareview_briHoZDErt,binary,iclr_metareview,0.0,reviewertoo_metareviewer,0,0.0
iclr_metareview_bsEX1h0og2,binary,iclr_metareview,0.0,reviewertoo_metareviewer,0,1.0
iclr_metareview_bvE9NXyJeb,binary,iclr_metareview,0.0,reviewertoo_metareviewer,0,1.0
iclr_metareview_bxC7wUMjTQ,binary,iclr_metareview,0.0,reviewertoo_metareviewer,0,0.0
iclr_metareview_bxGQx7mrnR,binary,iclr_metareview,0.0,reviewertoo_metareviewer,0,0.0
iclr_metareview_bxZUPQbvp0,binary,iclr_metareview,0.0,reviewertoo_metareviewer,0,0.0
iclr_metareview_bya3KOdLeS,binary,iclr_metareview,0.0,reviewertoo_metareviewer,0,0.0
iclr_metareview_bz9fu4cL3W,binary,iclr_metareview,0.0,reviewertoo_metareviewer,0,1.0
iclr_metareview_bzHrNdiD4T,binary,iclr_metareview,0.0,reviewertoo_metareviewer,0,0.0
iclr_metareview_bzjrWNlWjG,binary,iclr_metareview,0.0,reviewertoo_metareviewer,0,0.0
iclr_metareview_c0QRZMKwSb,binary,iclr_metareview,1.0,reviewertoo_metareviewer,0,0.0
iclr_metareview_c1VgleBVlw,binary,iclr_metareview,0.0,reviewertoo_metareviewer,0,1.0
iclr_metareview_c1fr8fmiaW,binary,iclr_metareview,0.0,reviewertoo_metareviewer,0,1.0
iclr_metareview_c21yqwf02V,binary,iclr_metareview,1.0,reviewertoo_metareviewer,0,0.0
iclr_metareview_c2dqbma1pj,binary,iclr_metareview,0.0,reviewertoo_metareviewer,0,1.0
iclr_metareview_c2fQBcoKhU,binary,iclr_metareview,1.0,reviewertoo_metareviewer,0,1.0
iclr_metareview_c4nZkkyl6E,binary,iclr_metareview,0.0,reviewertoo_metareviewer,0,0.0
iclr_metareview_c4r7iLhGcQ,binary,iclr_metareview,0.0,reviewertoo_metareviewer,0,0.0
iclr_metareview_c6IRL2mdDR,binary,iclr_metareview,0.0,reviewertoo_metareviewer,0,1.0
iclr_metareview_c7OsKOOZo8,binary,iclr_metareview,0.0,reviewertoo_metareviewer,0,0.0
iclr_metareview_c8r3lzyVTS,binary,iclr_metareview,1.0,reviewertoo_metareviewer,0,1.0
iclr_metareview_cBhqgPtEqw,binary,iclr_metareview,0.0,reviewertoo_metareviewer,0,0.0
iclr_metareview_cBoYkLG3EJ,binary,iclr_metareview,1.0,reviewertoo_metareviewer,0,1.0
iclr_metareview_cC3TW1s309,binary,iclr_metareview,0.0,reviewertoo_metareviewer,0,0.0
iclr_metareview_cCm2EX7MUb,binary,iclr_metareview,0.0,reviewertoo_metareviewer,0,0.0
iclr_metareview_cEDngMukJp,binary,iclr_metareview,0.0,reviewertoo_metareviewer,0,1.0
iclr_metareview_cFhcd4WGjO,binary,iclr_metareview,1.0,reviewertoo_metareviewer,0,0.0
iclr_metareview_cFzPNWC9Qb,binary,iclr_metareview,1.0,reviewertoo_metareviewer,0,1.0
iclr_metareview_cGhpmJIOAh,binary,iclr_metareview,0.0,reviewertoo_metareviewer,0,1.0
iclr_metareview_cGjTMuhqz3,binary,iclr_metareview,0.0,reviewertoo_metareviewer,0,0.0
iclr_metareview_cIU9KNr4Gj,binary,iclr_metareview,0.0,reviewertoo_metareviewer,0,1.0
iclr_metareview_cJOG5tXYtv,binary,iclr_metareview,0.0,reviewertoo_metareviewer,0,1.0
iclr_metareview_cJZQQ9Uew4,binary,iclr_metareview,0.0,reviewertoo_metareviewer,0,0.0
iclr_metareview_cLvzWgk8Lt,binary,iclr_metareview,0.0,reviewertoo_metareviewer,0,1.0
iclr_metareview_cMEnMVvMw9,binary,iclr_metareview,1.0,reviewertoo_metareviewer,0,0.0
iclr_metareview_cMc5mFC7ib,binary,iclr_metareview,0.0,reviewertoo_metareviewer,0,0.0
iclr_metareview_cMpOvMuyYa,binary,iclr_metareview,1.0,reviewertoo_metareviewer,0,1.0
iclr_metareview_cNZ5W1f4tE,binary,iclr_metareview,0.0,reviewertoo_metareviewer,0,0.0
iclr_metareview_cNZEPEKKEh,binary,iclr_metareview,0.0,reviewertoo_metareviewer,0,1.0
iclr_metareview_cNqY2YuUoL,binary,iclr_metareview,0.0,reviewertoo_metareviewer,0,1.0
iclr_metareview_cNsoOr1hTH,binary,iclr_metareview,1.0,reviewertoo_metareviewer,0,1.0
iclr_metareview_cQR0d0CnH9,binary,iclr_metareview,0.0,reviewertoo_metareviewer,0,0.0
iclr_metareview_cRJNk4bhZi,binary,iclr_metareview,1.0,reviewertoo_metareviewer,0,0.0
iclr_metareview_cS2zLrJ3qN,binary,iclr_metareview,0.0,reviewertoo_metareviewer,0,1.0
iclr_metareview_cSDXx8V6K9,binary,iclr_metareview,1.0,reviewertoo_metareviewer,0,1.0
iclr_metareview_cSNijSgcC6,binary,iclr_metareview,0.0,reviewertoo_metareviewer,0,0.0
iclr_metareview_cSpjHOf04S,binary,iclr_metareview,1.0,reviewertoo_metareviewer,0,1.0
iclr_metareview_cTQ72zSohs,binary,iclr_metareview,0.0,reviewertoo_metareviewer,0,1.0
iclr_metareview_cTekVoqmpm,binary,iclr_metareview,0.0,reviewertoo_metareviewer,0,0.0
iclr_metareview_cUstrwemq8,binary,iclr_metareview,0.0,reviewertoo_metareviewer,0,1.0
iclr_metareview_cXMZbIBR1T,binary,iclr_metareview,0.0,reviewertoo_metareviewer,0,1.0
iclr_metareview_cYZkZp3m8F,binary,iclr_metareview,0.0,reviewertoo_metareviewer,0,1.0
iclr_metareview_cYq0O9Z5iv,binary,iclr_metareview,0.0,reviewertoo_metareviewer,0,1.0
iclr_metareview_cZ74yWoKYr,binary,iclr_metareview,0.0,reviewertoo_metareviewer,0,1.0
iclr_metareview_cbDEAfoilt,binary,iclr_metareview,0.0,reviewertoo_metareviewer,0,1.0
iclr_metareview_ccUlvMG31m,binary,iclr_metareview,0.0,reviewertoo_metareviewer,0,1.0
iclr_metareview_cdhk58Z761,binary,iclr_metareview,0.0,reviewertoo_metareviewer,0,0.0
iclr_metareview_cdvppYbBE1,binary,iclr_metareview,0.0,reviewertoo_metareviewer,0,0.0
iclr_metareview_cf604XrSHa,binary,iclr_metareview,0.0,reviewertoo_metareviewer,0,1.0
iclr_metareview_cg9nIA1HhH,binary,iclr_metareview,0.0,reviewertoo_metareviewer,0,0.0
iclr_metareview_chLlLbI7de,binary,iclr_metareview,0.0,reviewertoo_metareviewer,0,1.0
iclr_metareview_cizuvfyQXs,binary,iclr_metareview,1.0,reviewertoo_metareviewer,0,1.0
iclr_metareview_cjoO4CNC41,binary,iclr_metareview,0.0,reviewertoo_metareviewer,0,0.0
iclr_metareview_ck0aZTAnwK,binary,iclr_metareview,1.0,reviewertoo_metareviewer,0,1.0
iclr_metareview_ck5T7QeiDh,binary,iclr_metareview,1.0,reviewertoo_metareviewer,0,1.0
iclr_metareview_clyjBLBnKE,binary,iclr_metareview,0.0,reviewertoo_metareviewer,0,1.0
iclr_metareview_cmmu25plng,binary,iclr_metareview,0.0,reviewertoo_metareviewer,0,0.0
iclr_metareview_cmuHsIGlqC,binary,iclr_metareview,0.0,reviewertoo_metareviewer,0,0.0
iclr_metareview_cnHG1yMTSt,binary,iclr_metareview,0.0,reviewertoo_metareviewer,0,1.0
iclr_metareview_col1qqZUAk,binary,iclr_metareview,0.0,reviewertoo_metareviewer,0,0.0
iclr_metareview_cpHhVrrug4,binary,iclr_metareview,0.0,reviewertoo_metareviewer,0,1.0
iclr_metareview_cpc63YrVWN,binary,iclr_metareview,1.0,reviewertoo_metareviewer,0,1.0
iclr_metareview_csZndfXLpC,binary,iclr_metareview,0.0,reviewertoo_metareviewer,0,1.0
iclr_metareview_cthzUgBUn7,binary,iclr_metareview,1.0,reviewertoo_metareviewer,0,1.0
iclr_metareview_ctmyCjo18u,binary,iclr_metareview,1.0,reviewertoo_metareviewer,0,0.0
iclr_metareview_ctq8BfUXWz,binary,iclr_metareview,1.0,reviewertoo_metareviewer,0,0.0
iclr_metareview_ctspw4CqbS,binary,iclr_metareview,1.0,reviewertoo_metareviewer,0,0.0
iclr_metareview_cu6xWUNOzQ,binary,iclr_metareview,0.0,reviewertoo_metareviewer,0,1.0
iclr_metareview_cwwb77xxa4,binary,iclr_metareview,0.0,reviewertoo_metareviewer,0,0.0
iclr_metareview_czJqKToDGq,binary,iclr_metareview,1.0,reviewertoo_metareviewer,0,1.0
iclr_metareview_czLIvk2bKZ,binary,iclr_metareview,0.0,reviewertoo_metareviewer,0,0.0
iclr_metareview_czTaUHz4G4,binary,iclr_metareview,0.0,reviewertoo_metareviewer,0,0.0
iclr_metareview_czozyUMx2M,binary,iclr_metareview,0.0,reviewertoo_metareviewer,0,1.0
iclr_metareview_d08yOXs1Dl,binary,iclr_metareview,1.0,reviewertoo_metareviewer,0,0.0
iclr_metareview_d0P96cRFWX,binary,iclr_metareview,0.0,reviewertoo_metareviewer,0,0.0
iclr_metareview_d0xqdsR41U,binary,iclr_metareview,0.0,reviewertoo_metareviewer,0,0.0
iclr_metareview_d1KDC56u5c,binary,iclr_metareview,0.0,reviewertoo_metareviewer,0,0.0
iclr_metareview_d1KbcYaWaE,binary,iclr_metareview,0.0,reviewertoo_metareviewer,0,0.0
iclr_metareview_d24zTCznJu,binary,iclr_metareview,0.0,reviewertoo_metareviewer,0,1.0
iclr_metareview_d2L1ndOKjq,binary,iclr_metareview,1.0,reviewertoo_metareviewer,0,1.0
iclr_metareview_d3R0TF7w5f,binary,iclr_metareview,1.0,reviewertoo_metareviewer,0,0.0
iclr_metareview_d4Ymeep2Rz,binary,iclr_metareview,0.0,reviewertoo_metareviewer,0,1.0
iclr_metareview_d4mJdezdHO,binary,iclr_metareview,0.0,reviewertoo_metareviewer,0,0.0
iclr_metareview_d4zZEeUC1J,binary,iclr_metareview,0.0,reviewertoo_metareviewer,0,1.0
iclr_metareview_d6Zsg9xGIT,binary,iclr_metareview,0.0,reviewertoo_metareviewer,0,0.0
iclr_metareview_d6mwFoLkg2,binary,iclr_metareview,0.0,reviewertoo_metareviewer,0,0.0
iclr_metareview_d97Q8r7ZKZ,binary,iclr_metareview,1.0,reviewertoo_metareviewer,0,1.0
iclr_metareview_d9zGXQoYMX,binary,iclr_metareview,0.0,reviewertoo_metareviewer,0,0.0
iclr_metareview_dADwCplxyC,binary,iclr_metareview,0.0,reviewertoo_metareviewer,0,1.0
iclr_metareview_dAn82lpLx4,binary,iclr_metareview,0.0,reviewertoo_metareviewer,0,0.0
iclr_metareview_dB6DYLpjw4,binary,iclr_metareview,0.0,reviewertoo_metareviewer,0,1.0
iclr_metareview_dCJZR0P4T5,binary,iclr_metareview,1.0,reviewertoo_metareviewer,0,0.0
iclr_metareview_dCtkwjkK0E,binary,iclr_metareview,0.0,reviewertoo_metareviewer,0,0.0
iclr_metareview_dDBT2N3wLG,binary,iclr_metareview,0.0,reviewertoo_metareviewer,0,1.0
iclr_metareview_dDnw3Pp70x,binary,iclr_metareview,1.0,reviewertoo_metareviewer,0,0.0
iclr_metareview_dF4gObeMCu,binary,iclr_metareview,0.0,reviewertoo_metareviewer,0,0.0
iclr_metareview_dGE8GNOLKs,binary,iclr_metareview,0.0,reviewertoo_metareviewer,0,1.0
iclr_metareview_dHNBlXCAZw,binary,iclr_metareview,0.0,reviewertoo_metareviewer,0,1.0
iclr_metareview_dHqPm0Rtdr,binary,iclr_metareview,0.0,reviewertoo_metareviewer,0,0.0
iclr_metareview_dHxM51W120,binary,iclr_metareview,0.0,reviewertoo_metareviewer,0,1.0
iclr_metareview_dHz2LBCyTh,binary,iclr_metareview,1.0,reviewertoo_metareviewer,0,1.0
iclr_metareview_dIJ6IU11yN,binary,iclr_metareview,0.0,reviewertoo_metareviewer,0,1.0
iclr_metareview_dIiV9FYt3i,binary,iclr_metareview,0.0,reviewertoo_metareviewer,0,1.0
iclr_metareview_dJgb3ngAvT,binary,iclr_metareview,1.0,reviewertoo_metareviewer,0,1.0
iclr_metareview_dKwyCqdLyS,binary,iclr_metareview,0.0,reviewertoo_metareviewer,0,1.0
iclr_metareview_dKyhgfe50H,binary,iclr_metareview,1.0,reviewertoo_metareviewer,0,1.0
iclr_metareview_dLaUZKBzta,binary,iclr_metareview,1.0,reviewertoo_metareviewer,0,1.0
iclr_metareview_dMVsdaawkE,binary,iclr_metareview,0.0,reviewertoo_metareviewer,0,0.0
iclr_metareview_dMeMArSVBN,binary,iclr_metareview,0.0,reviewertoo_metareviewer,0,1.0
iclr_metareview_dNUcKJEPTh,binary,iclr_metareview,0.0,reviewertoo_metareviewer,0,1.0
iclr_metareview_dPTXHBxa4Q,binary,iclr_metareview,0.0,reviewertoo_metareviewer,0,1.0
iclr_metareview_dPjlI12I8q,binary,iclr_metareview,0.0,reviewertoo_metareviewer,0,1.0
iclr_metareview_dRDcVyobhH,binary,iclr_metareview,1.0,reviewertoo_metareviewer,0,1.0
iclr_metareview_dS8yBzHV70,binary,iclr_metareview,0.0,reviewertoo_metareviewer,0,0.0
iclr_metareview_dSdLqg02tx,binary,iclr_metareview,1.0,reviewertoo_metareviewer,0,0.0
iclr_metareview_dUoqAziyKj,binary,iclr_metareview,0.0,reviewertoo_metareviewer,0,1.0
iclr_metareview_dVvKDzNgXx,binary,iclr_metareview,0.0,reviewertoo_metareviewer,0,1.0
iclr_metareview_dX1yxeQOF3,binary,iclr_metareview,0.0,reviewertoo_metareviewer,0,1.0
iclr_metareview_dXshexyFKx,binary,iclr_metareview,1.0,reviewertoo_metareviewer,0,1.0
iclr_metareview_dYO3XS9Wsm,binary,iclr_metareview,0.0,reviewertoo_metareviewer,0,1.0
iclr_metareview_dYW9MJyyK3,binary,iclr_metareview,0.0,reviewertoo_metareviewer,0,1.0
iclr_metareview_dYaos1ITw4,binary,iclr_metareview,1.0,reviewertoo_metareviewer,0,1.0
iclr_metareview_daVRWlIX0Z,binary,iclr_metareview,0.0,reviewertoo_metareviewer,0,1.0
iclr_metareview_dbgxBSRVfR,binary,iclr_metareview,0.0,reviewertoo_metareviewer,0,1.0
iclr_metareview_dcGUI2QmLa,binary,iclr_metareview,0.0,reviewertoo_metareviewer,0,1.0
iclr_metareview_dcPH77OVgN,binary,iclr_metareview,0.0,reviewertoo_metareviewer,0,1.0
iclr_metareview_dcfHcCAG3C,binary,iclr_metareview,0.0,reviewertoo_metareviewer,0,0.0
iclr_metareview_ddldsR43do,binary,iclr_metareview,0.0,reviewertoo_metareviewer,0,0.0
iclr_metareview_ddpLHL9JJo,binary,iclr_metareview,0.0,reviewertoo_metareviewer,0,1.0
iclr_metareview_deplugB2m5,binary,iclr_metareview,0.0,reviewertoo_metareviewer,0,0.0
iclr_metareview_df4mr7eQg7,binary,iclr_metareview,0.0,reviewertoo_metareviewer,0,1.0
iclr_metareview_df6AuIheKw,binary,iclr_metareview,0.0,reviewertoo_metareviewer,0,1.0
iclr_metareview_dfoN64vP4Q,binary,iclr_metareview,1.0,reviewertoo_metareviewer,0,0.0
iclr_metareview_dhnyoea2Qj,binary,iclr_metareview,1.0,reviewertoo_metareviewer,0,0.0
iclr_metareview_diVf17SNek,binary,iclr_metareview,1.0,reviewertoo_metareviewer,0,1.0
iclr_metareview_djwumu36TX,binary,iclr_metareview,0.0,reviewertoo_metareviewer,0,1.0
iclr_metareview_dmzlAUkulz,binary,iclr_metareview,1.0,reviewertoo_metareviewer,0,1.0
iclr_metareview_doWshSA5i3,binary,iclr_metareview,0.0,reviewertoo_metareviewer,0,0.0
iclr_metareview_dojxn0hE8m,binary,iclr_metareview,0.0,reviewertoo_metareviewer,0,0.0
iclr_metareview_drSqKrJelq,binary,iclr_metareview,0.0,reviewertoo_metareviewer,0,0.0
iclr_metareview_ds5w2xth93,binary,iclr_metareview,1.0,reviewertoo_metareviewer,0,1.0
iclr_metareview_dsIBpBJWhm,binary,iclr_metareview,0.0,reviewertoo_metareviewer,0,1.0
iclr_metareview_dsfOgH61ii,binary,iclr_metareview,0.0,reviewertoo_metareviewer,0,0.0
iclr_metareview_dt5RALuK2W,binary,iclr_metareview,0.0,reviewertoo_metareviewer,0,0.0
iclr_metareview_dtyTnqaKqn,binary,iclr_metareview,0.0,reviewertoo_metareviewer,0,0.0
iclr_metareview_duIZUIRKJB,binary,iclr_metareview,0.0,reviewertoo_metareviewer,0,0.0
iclr_metareview_ducWxOUc7Q,binary,iclr_metareview,0.0,reviewertoo_metareviewer,0,1.0
iclr_metareview_dvB0QDmnry,binary,iclr_metareview,1.0,reviewertoo_metareviewer,0,1.0
iclr_metareview_dw2vxWVrA9,binary,iclr_metareview,0.0,reviewertoo_metareviewer,0,1.0
iclr_metareview_dxHPqQindP,binary,iclr_metareview,1.0,reviewertoo_metareviewer,0,1.0
iclr_metareview_dy6tnQMeyI,binary,iclr_metareview,0.0,reviewertoo_metareviewer,0,1.0
iclr_metareview_dzmh4xA4Pq,binary,iclr_metareview,0.0,reviewertoo_metareviewer,0,1.0
iclr_metareview_e15SYMcsTs,binary,iclr_metareview,1.0,reviewertoo_metareviewer,0,1.0
iclr_metareview_e1JW30momq,binary,iclr_metareview,0.0,reviewertoo_metareviewer,0,0.0
iclr_metareview_e1Lmkw35DG,binary,iclr_metareview,0.0,reviewertoo_metareviewer,0,1.0
iclr_metareview_e1iCiitcMw,binary,iclr_metareview,0.0,reviewertoo_metareviewer,0,0.0
iclr_metareview_e26MPyczN9,binary,iclr_metareview,0.0,reviewertoo_metareviewer,0,1.0
iclr_metareview_e2uwm88WFG,binary,iclr_metareview,0.0,reviewertoo_metareviewer,0,1.0
iclr_metareview_e3Z60Ri5JP,binary,iclr_metareview,0.0,reviewertoo_metareviewer,0,0.0
iclr_metareview_e4B8QJfZnW,binary,iclr_metareview,0.0,reviewertoo_metareviewer,0,0.0
iclr_metareview_e58oGe3trd,binary,iclr_metareview,0.0,reviewertoo_metareviewer,0,0.0
iclr_metareview_e5a1ZlVcjN,binary,iclr_metareview,0.0,reviewertoo_metareviewer,0,0.0
iclr_metareview_e5l1sD0nk2,binary,iclr_metareview,1.0,reviewertoo_metareviewer,0,0.0
iclr_metareview_e6KvjsCXHf,binary,iclr_metareview,0.0,reviewertoo_metareviewer,0,0.0
iclr_metareview_e6Vne8vJHe,binary,iclr_metareview,0.0,reviewertoo_metareviewer,0,0.0
iclr_metareview_e80U2cGtv4,binary,iclr_metareview,0.0,reviewertoo_metareviewer,0,1.0
iclr_metareview_e8ycTWGTIR,binary,iclr_metareview,0.0,reviewertoo_metareviewer,0,0.0
iclr_metareview_e97PUwaiIi,binary,iclr_metareview,1.0,reviewertoo_metareviewer,0,1.0
iclr_metareview_eAZYBxI1fp,binary,iclr_metareview,0.0,reviewertoo_metareviewer,0,1.0
iclr_metareview_eBCk0nXz17,binary,iclr_metareview,0.0,reviewertoo_metareviewer,0,1.0
iclr_metareview_eC4ygDs02R,binary,iclr_metareview,1.0,reviewertoo_metareviewer,0,0.0
iclr_metareview_eCXpA14KHd,binary,iclr_metareview,1.0,reviewertoo_metareviewer,0,0.0
iclr_metareview_eChWBrh9mc,binary,iclr_metareview,0.0,reviewertoo_metareviewer,0,0.0
iclr_metareview_eCwzgXYYvK,binary,iclr_metareview,0.0,reviewertoo_metareviewer,0,1.0
iclr_metareview_eCx0fOWiSA,binary,iclr_metareview,0.0,reviewertoo_metareviewer,0,1.0
iclr_metareview_eD8IPvNoZB,binary,iclr_metareview,1.0,reviewertoo_metareviewer,0,1.0
iclr_metareview_eDxZ6MR2FL,binary,iclr_metareview,0.0,reviewertoo_metareviewer,0,0.0
iclr_metareview_eDyMFksVCl,binary,iclr_metareview,0.0,reviewertoo_metareviewer,0,0.0
iclr_metareview_eG0bpCwdKn,binary,iclr_metareview,1.0,reviewertoo_metareviewer,0,0.0
iclr_metareview_eGAGRKCeOI,binary,iclr_metareview,0.0,reviewertoo_metareviewer,0,0.0
iclr_metareview_eGwRxSuApK,binary,iclr_metareview,0.0,reviewertoo_metareviewer,0,1.0
iclr_metareview_eHb35nP5zC,binary,iclr_metareview,0.0,reviewertoo_metareviewer,0,1.0
iclr_metareview_eJV3JhJvZF,binary,iclr_metareview,1.0,reviewertoo_metareviewer,0,1.0
iclr_metareview_eM51kSFkoG,binary,iclr_metareview,0.0,reviewertoo_metareviewer,0,1.0
iclr_metareview_eMnRH5Yes3,binary,iclr_metareview,0.0,reviewertoo_metareviewer,0,0.0
iclr_metareview_eNLFrvhdEw,binary,iclr_metareview,0.0,reviewertoo_metareviewer,0,1.0
iclr_metareview_eNmANCkefl,binary,iclr_metareview,1.0,reviewertoo_metareviewer,0,0.0
iclr_metareview_eP1UcOigEH,binary,iclr_metareview,0.0,reviewertoo_metareviewer,0,1.0
iclr_metareview_ePrhcLbtGv,binary,iclr_metareview,1.0,reviewertoo_metareviewer,0,0.0
iclr_metareview_eQ0bqlU7Zi,binary,iclr_metareview,0.0,reviewertoo_metareviewer,0,0.0
iclr_metareview_eQ4kdm5iYj,binary,iclr_metareview,0.0,reviewertoo_metareviewer,0,0.0
iclr_metareview_eRSuwB78LH,binary,iclr_metareview,1.0,reviewertoo_metareviewer,0,0.0
iclr_metareview_eRu0UBXEh2,binary,iclr_metareview,0.0,reviewertoo_metareviewer,0,0.0
iclr_metareview_eSI3t4fAG8,binary,iclr_metareview,0.0,reviewertoo_metareviewer,0,1.0
iclr_metareview_eTG01ocwaP,binary,iclr_metareview,0.0,reviewertoo_metareviewer,0,1.0
iclr_metareview_eTThjhjzwZ,binary,iclr_metareview,1.0,reviewertoo_metareviewer,0,0.0
iclr_metareview_eTXTOUrrhY,binary,iclr_metareview,0.0,reviewertoo_metareviewer,0,1.0
iclr_metareview_eUtIZT2ONS,binary,iclr_metareview,1.0,reviewertoo_metareviewer,0,0.0
iclr_metareview_eUuxWAQA5F,binary,iclr_metareview,0.0,reviewertoo_metareviewer,0,1.0
iclr_metareview_eWBu4tY9ta,binary,iclr_metareview,1.0,reviewertoo_metareviewer,0,0.0
iclr_metareview_eWe8zqGvs5,binary,iclr_metareview,1.0,reviewertoo_metareviewer,0,1.0
iclr_metareview_eXXsUer975,binary,iclr_metareview,1.0,reviewertoo_metareviewer,0,1.0
iclr_metareview_eYLIjg9Sj2,binary,iclr_metareview,0.0,reviewertoo_metareviewer,0,1.0
iclr_metareview_eZ5jtFuk3e,binary,iclr_metareview,1.0,reviewertoo_metareviewer,0,0.0
iclr_metareview_eZO38vANPM,binary,iclr_metareview,1.0,reviewertoo_metareviewer,0,1.0
iclr_metareview_eZcJZliYws,binary,iclr_metareview,0.0,reviewertoo_metareviewer,0,1.0
iclr_metareview_ea6j8k8Rnw,binary,iclr_metareview,1.0,reviewertoo_metareviewer,0,0.0
iclr_metareview_eajZxJm9gt,binary,iclr_metareview,0.0,reviewertoo_metareviewer,0,1.0
iclr_metareview_ecbEfXdqrV,binary,iclr_metareview,0.0,reviewertoo_metareviewer,0,1.0
iclr_metareview_efJnaeB3vo,binary,iclr_metareview,0.0,reviewertoo_metareviewer,0,0.0
iclr_metareview_efLBYwunFF,binary,iclr_metareview,0.0,reviewertoo_metareviewer,0,1.0
iclr_metareview_egTQgf89Lm,binary,iclr_metareview,0.0,reviewertoo_metareviewer,0,0.0
iclr_metareview_ehbcigJ6wH,binary,iclr_metareview,0.0,reviewertoo_metareviewer,0,0.0
iclr_metareview_ej0i5eUOX2,binary,iclr_metareview,0.0,reviewertoo_metareviewer,0,0.0
iclr_metareview_ek6dQSumYx,binary,iclr_metareview,1.0,reviewertoo_metareviewer,0,0.0
iclr_metareview_elztN9Y4qw,binary,iclr_metareview,1.0,reviewertoo_metareviewer,0,1.0
iclr_metareview_enpCeRYBhe,binary,iclr_metareview,0.0,reviewertoo_metareviewer,0,1.0
iclr_metareview_eprVJ7NRYk,binary,iclr_metareview,0.0,reviewertoo_metareviewer,0,1.0
iclr_metareview_eqcDckWHik,binary,iclr_metareview,1.0,reviewertoo_metareviewer,0,1.0
iclr_metareview_eqyyvNT7eS,binary,iclr_metareview,0.0,reviewertoo_metareviewer,0,1.0
iclr_metareview_esM0zdV3NO,binary,iclr_metareview,0.0,reviewertoo_metareviewer,0,1.0
iclr_metareview_esXvdhwUQ5,binary,iclr_metareview,0.0,reviewertoo_metareviewer,0,0.0
iclr_metareview_eue8OGzkxI,binary,iclr_metareview,0.0,reviewertoo_metareviewer,0,0.0
iclr_metareview_ev9OcnAHOI,binary,iclr_metareview,0.0,reviewertoo_metareviewer,0,1.0
iclr_metareview_evepIXBxL8,binary,iclr_metareview,1.0,reviewertoo_metareviewer,0,0.0
iclr_metareview_ew0LpJErm6,binary,iclr_metareview,0.0,reviewertoo_metareviewer,0,1.0
iclr_metareview_ex0c04XV51,binary,iclr_metareview,0.0,reviewertoo_metareviewer,0,0.0
iclr_metareview_ex2CrZ6x1r,binary,iclr_metareview,0.0,reviewertoo_metareviewer,0,0.0
iclr_metareview_ey2w57KZTe,binary,iclr_metareview,0.0,reviewertoo_metareviewer,0,0.0
iclr_metareview_ezWEGpMmmK,binary,iclr_metareview,0.0,reviewertoo_metareviewer,0,0.0
iclr_metareview_f12Lo7ZUX5,binary,iclr_metareview,1.0,reviewertoo_metareviewer,0,1.0
iclr_metareview_f43lpq1Q8i,binary,iclr_metareview,0.0,reviewertoo_metareviewer,0,1.0
iclr_metareview_f4o9OdqAfy,binary,iclr_metareview,0.0,reviewertoo_metareviewer,0,0.0
iclr_metareview_f8hwLCAy7R,binary,iclr_metareview,0.0,reviewertoo_metareviewer,0,1.0
iclr_metareview_f9BuANYtJf,binary,iclr_metareview,0.0,reviewertoo_metareviewer,0,0.0
iclr_metareview_f9JOwSGO13,binary,iclr_metareview,0.0,reviewertoo_metareviewer,0,1.0
iclr_metareview_fAVvvZq6Y2,binary,iclr_metareview,0.0,reviewertoo_metareviewer,0,1.0
iclr_metareview_fBc9v8CVvm,binary,iclr_metareview,1.0,reviewertoo_metareviewer,0,1.0
iclr_metareview_fDC5WeLeqh,binary,iclr_metareview,1.0,reviewertoo_metareviewer,0,0.0
iclr_metareview_fESWypt9Zr,binary,iclr_metareview,0.0,reviewertoo_metareviewer,0,0.0
iclr_metareview_fFG4wZee3f,binary,iclr_metareview,1.0,reviewertoo_metareviewer,0,1.0
iclr_metareview_fFgzAQAUqs,binary,iclr_metareview,0.0,reviewertoo_metareviewer,0,1.0
iclr_metareview_fHKbqw5ZND,binary,iclr_metareview,0.0,reviewertoo_metareviewer,0,1.0
iclr_metareview_fHpRtccY4I,binary,iclr_metareview,0.0,reviewertoo_metareviewer,0,1.0
iclr_metareview_fI0AZpfe5e,binary,iclr_metareview,0.0,reviewertoo_metareviewer,0,0.0
iclr_metareview_fIpDd5UlFP,binary,iclr_metareview,0.0,reviewertoo_metareviewer,0,1.0
iclr_metareview_fJY2fKDqJM,binary,iclr_metareview,0.0,reviewertoo_metareviewer,0,0.0
iclr_metareview_fJZCNGRxFF,binary,iclr_metareview,0.0,reviewertoo_metareviewer,0,0.0
iclr_metareview_fNC3aaGeIa,binary,iclr_metareview,0.0,reviewertoo_metareviewer,0,1.0
iclr_metareview_fObtmKj0Ok,binary,iclr_metareview,0.0,reviewertoo_metareviewer,0,1.0
iclr_metareview_fOrlaEUG5H,binary,iclr_metareview,0.0,reviewertoo_metareviewer,0,1.0
iclr_metareview_fPMu3Afv3s,binary,iclr_metareview,1.0,reviewertoo_metareviewer,0,1.0
iclr_metareview_fQFX5G1rnJ,binary,iclr_metareview,0.0,reviewertoo_metareviewer,0,0.0
iclr_metareview_fQvVV6UN4p,binary,iclr_metareview,0.0,reviewertoo_metareviewer,0,1.0
iclr_metareview_fRt0Lvr0BK,binary,iclr_metareview,0.0,reviewertoo_metareviewer,0,0.0
iclr_metareview_fSRmZ7P1kb,binary,iclr_metareview,0.0,reviewertoo_metareviewer,0,0.0
iclr_metareview_fUN2Hm0ZUz,binary,iclr_metareview,0.0,reviewertoo_metareviewer,0,1.0
iclr_metareview_fVxfCEv8xG,binary,iclr_metareview,0.0,reviewertoo_metareviewer,0,0.0
iclr_metareview_fWWUPOb0CT,binary,iclr_metareview,1.0,reviewertoo_metareviewer,0,0.0
iclr_metareview_fWhRslwYri,binary,iclr_metareview,1.0,reviewertoo_metareviewer,0,1.0
iclr_metareview_fXn4Rk8B3l,binary,iclr_metareview,0.0,reviewertoo_metareviewer,0,1.0
iclr_metareview_fY4proGNFD,binary,iclr_metareview,0.0,reviewertoo_metareviewer,0,0.0
iclr_metareview_fYBdkqtFsm,binary,iclr_metareview,0.0,reviewertoo_metareviewer,0,0.0
iclr_metareview_faECRsdRav,binary,iclr_metareview,1.0,reviewertoo_metareviewer,0,0.0
iclr_metareview_fbrmmokJiU,binary,iclr_metareview,0.0,reviewertoo_metareviewer,0,0.0
iclr_metareview_fcKMFIiNFQ,binary,iclr_metareview,1.0,reviewertoo_metareviewer,0,1.0
iclr_metareview_fclyfPF3fJ,binary,iclr_metareview,0.0,reviewertoo_metareviewer,0,0.0
iclr_metareview_feJ5T9sFSJ,binary,iclr_metareview,0.0,reviewertoo_metareviewer,0,0.0
iclr_metareview_fhvjv6UDAj,binary,iclr_metareview,0.0,reviewertoo_metareviewer,0,0.0
iclr_metareview_fiW30OP7iY,binary,iclr_metareview,0.0,reviewertoo_metareviewer,0,1.0
iclr_metareview_fjLhF4cQCw,binary,iclr_metareview,0.0,reviewertoo_metareviewer,0,0.0
iclr_metareview_fkyebMiRHv,binary,iclr_metareview,0.0,reviewertoo_metareviewer,0,0.0
iclr_metareview_fm79KXJIUQ,binary,iclr_metareview,1.0,reviewertoo_metareviewer,0,0.0
iclr_metareview_fmnudIQxMp,binary,iclr_metareview,0.0,reviewertoo_metareviewer,0,1.0
iclr_metareview_fn6SeSt4l0,binary,iclr_metareview,0.0,reviewertoo_metareviewer,0,0.0
iclr_metareview_fnLfv5jieI,binary,iclr_metareview,0.0,reviewertoo_metareviewer,0,0.0
iclr_metareview_fnfG8pI00B,binary,iclr_metareview,1.0,reviewertoo_metareviewer,0,1.0
iclr_metareview_fotzssBy3o,binary,iclr_metareview,0.0,reviewertoo_metareviewer,0,0.0
iclr_metareview_fpQpQbFPCU,binary,iclr_metareview,1.0,reviewertoo_metareviewer,0,0.0
iclr_metareview_fqsM60cfuE,binary,iclr_metareview,0.0,reviewertoo_metareviewer,0,0.0
iclr_metareview_frMCrXOioZ,binary,iclr_metareview,0.0,reviewertoo_metareviewer,0,0.0
iclr_metareview_frqg27qMkd,binary,iclr_metareview,0.0,reviewertoo_metareviewer,0,0.0
iclr_metareview_frqrywj6Tv,binary,iclr_metareview,0.0,reviewertoo_metareviewer,0,1.0
iclr_metareview_frv3s3AtUD,binary,iclr_metareview,1.0,reviewertoo_metareviewer,0,0.0
iclr_metareview_fs2uDib85s,binary,iclr_metareview,1.0,reviewertoo_metareviewer,0,1.0
iclr_metareview_fsP1eBxACA,binary,iclr_metareview,0.0,reviewertoo_metareviewer,0,0.0
iclr_metareview_fsZkx8gek0,binary,iclr_metareview,1.0,reviewertoo_metareviewer,0,1.0
iclr_metareview_ftLqH4tgrh,binary,iclr_metareview,0.0,reviewertoo_metareviewer,0,0.0
iclr_metareview_ftxlvAZYse,binary,iclr_metareview,0.0,reviewertoo_metareviewer,0,0.0
iclr_metareview_fugnQxbvMm,binary,iclr_metareview,1.0,reviewertoo_metareviewer,0,1.0
iclr_metareview_fvL8IIEPxG,binary,iclr_metareview,1.0,reviewertoo_metareviewer,0,1.0
iclr_metareview_fwMEqaKgTd,binary,iclr_metareview,0.0,reviewertoo_metareviewer,0,0.0
iclr_metareview_fx3Ht2gYTR,binary,iclr_metareview,0.0,reviewertoo_metareviewer,0,0.0
iclr_metareview_fymSkvyNvy,binary,iclr_metareview,0.0,reviewertoo_metareviewer,0,0.0
iclr_metareview_fz1Gnrv9Wx,binary,iclr_metareview,0.0,reviewertoo_metareviewer,0,1.0
iclr_metareview_fzqvePtFld,binary,iclr_metareview,0.0,reviewertoo_metareviewer,0,0.0
iclr_metareview_g03rPJwRwS,binary,iclr_metareview,0.0,reviewertoo_metareviewer,0,1.0
iclr_metareview_g0EbJrKFQJ,binary,iclr_metareview,1.0,reviewertoo_metareviewer,0,1.0
iclr_metareview_g0aVCDY3gS,binary,iclr_metareview,1.0,reviewertoo_metareviewer,0,1.0
iclr_metareview_g3scMm4dDM,binary,iclr_metareview,0.0,reviewertoo_metareviewer,0,0.0
iclr_metareview_g5QqkCLbog,binary,iclr_metareview,1.0,reviewertoo_metareviewer,0,0.0
iclr_metareview_g6XnP7Sgui,binary,iclr_metareview,1.0,reviewertoo_metareviewer,0,1.0
iclr_metareview_g88nt4ieTG,binary,iclr_metareview,1.0,reviewertoo_metareviewer,0,1.0
iclr_metareview_gBT9HqV5n3,binary,iclr_metareview,0.0,reviewertoo_metareviewer,0,1.0
iclr_metareview_gBppFpDjyW,binary,iclr_metareview,0.0,reviewertoo_metareviewer,0,1.0
iclr_metareview_gCWLkqK45O,binary,iclr_metareview,1.0,reviewertoo_metareviewer,0,0.0
iclr_metareview_gCZYei3PLL,binary,iclr_metareview,0.0,reviewertoo_metareviewer,0,1.0
iclr_metareview_gEVZxRgPhZ,binary,iclr_metareview,0.0,reviewertoo_metareviewer,0,0.0
iclr_metareview_gEynjflkUq,binary,iclr_metareview,0.0,reviewertoo_metareviewer,0,0.0
iclr_metareview_gH3HhnfWLC,binary,iclr_metareview,1.0,reviewertoo_metareviewer,0,1.0
iclr_metareview_gHEm8A4zsJ,binary,iclr_metareview,0.0,reviewertoo_metareviewer,0,0.0
iclr_metareview_gHFeLx0QX7,binary,iclr_metareview,0.0,reviewertoo_metareviewer,0,1.0
iclr_metareview_gHRoX4vXm3,binary,iclr_metareview,1.0,reviewertoo_metareviewer,0,1.0
iclr_metareview_gJOHyD62v9,binary,iclr_metareview,0.0,reviewertoo_metareviewer,0,0.0
iclr_metareview_gJgcwQSMiq,binary,iclr_metareview,0.0,reviewertoo_metareviewer,0,0.0
iclr_metareview_gJi0Hp7nLI,binary,iclr_metareview,0.0,reviewertoo_metareviewer,0,0.0
iclr_metareview_gLcyM1khyp,binary,iclr_metareview,1.0,reviewertoo_metareviewer,0,0.0
iclr_metareview_gM6hJRzCtR,binary,iclr_metareview,0.0,reviewertoo_metareviewer,0,1.0
iclr_metareview_gMUZ8GKRFf,binary,iclr_metareview,0.0,reviewertoo_metareviewer,0,1.0
iclr_metareview_gMW2h9I697,binary,iclr_metareview,0.0,reviewertoo_metareviewer,0,1.0
iclr_metareview_gNEEOS4v5r,binary,iclr_metareview,0.0,reviewertoo_metareviewer,0,1.0
iclr_metareview_gNXZJ9pG3o,binary,iclr_metareview,0.0,reviewertoo_metareviewer,0,1.0
iclr_metareview_gP4LzwKFzW,binary,iclr_metareview,0.0,reviewertoo_metareviewer,0,0.0
iclr_metareview_gRXnaH3hDo,binary,iclr_metareview,0.0,reviewertoo_metareviewer,0,0.0
iclr_metareview_gSI7K0JbpS,binary,iclr_metareview,0.0,reviewertoo_metareviewer,0,0.0
iclr_metareview_gSNq3jcNCW,binary,iclr_metareview,0.0,reviewertoo_metareviewer,0,1.0
iclr_metareview_gTAhAebrV6,binary,iclr_metareview,0.0,reviewertoo_metareviewer,0,1.0
iclr_metareview_gUw8n109ki,binary,iclr_metareview,0.0,reviewertoo_metareviewer,0,0.0
iclr_metareview_gVbPWbA97s,binary,iclr_metareview,1.0,reviewertoo_metareviewer,0,0.0
iclr_metareview_gX42SSbjcC,binary,iclr_metareview,1.0,reviewertoo_metareviewer,0,0.0
iclr_metareview_gXjOsBcXIR,binary,iclr_metareview,1.0,reviewertoo_metareviewer,0,0.0
iclr_metareview_gdEWoxhb70,binary,iclr_metareview,1.0,reviewertoo_metareviewer,0,1.0
iclr_metareview_gdZ6J5hZzF,binary,iclr_metareview,1.0,reviewertoo_metareviewer,0,1.0
iclr_metareview_gdafM5zp1h,binary,iclr_metareview,1.0,reviewertoo_metareviewer,0,0.0
iclr_metareview_gdvOF1OMa7,binary,iclr_metareview,1.0,reviewertoo_metareviewer,0,1.0
iclr_metareview_gfamCTnXMg,binary,iclr_metareview,0.0,reviewertoo_metareviewer,0,1.0
iclr_metareview_ggAJSyCAKf,binary,iclr_metareview,0.0,reviewertoo_metareviewer,0,1.0
iclr_metareview_ggONlqUsUY,binary,iclr_metareview,0.0,reviewertoo_metareviewer,0,0.0
iclr_metareview_ggqNAGLQjR,binary,iclr_metareview,0.0,reviewertoo_metareviewer,0,1.0
iclr_metareview_ghwbZ3uhEd,binary,iclr_metareview,1.0,reviewertoo_metareviewer,0,0.0
iclr_metareview_giA3v1Lo0G,binary,iclr_metareview,1.0,reviewertoo_metareviewer,0,1.0
iclr_metareview_giL8Q1V26J,binary,iclr_metareview,1.0,reviewertoo_metareviewer,0,1.0
iclr_metareview_gigh6VJS4u,binary,iclr_metareview,0.0,reviewertoo_metareviewer,0,0.0
iclr_metareview_gk6OC3XIZW,binary,iclr_metareview,1.0,reviewertoo_metareviewer,0,1.0
iclr_metareview_gkuYvE5Fdu,binary,iclr_metareview,1.0,reviewertoo_metareviewer,0,1.0
iclr_metareview_gnBfA7bUQO,binary,iclr_metareview,0.0,reviewertoo_metareviewer,0,1.0
iclr_metareview_go44bcifFA,binary,iclr_metareview,0.0,reviewertoo_metareviewer,0,0.0
iclr_metareview_gqIv1sduP3,binary,iclr_metareview,0.0,reviewertoo_metareviewer,0,0.0
iclr_metareview_gqKw2hblMa,binary,iclr_metareview,0.0,reviewertoo_metareviewer,0,0.0
iclr_metareview_grLklvOJt2,binary,iclr_metareview,0.0,reviewertoo_metareviewer,0,0.0
iclr_metareview_gra9XQLf2i,binary,iclr_metareview,0.0,reviewertoo_metareviewer,0,1.0
iclr_metareview_guSVafqhrB,binary,iclr_metareview,1.0,reviewertoo_metareviewer,0,1.0
iclr_metareview_gufRimweSQ,binary,iclr_metareview,1.0,reviewertoo_metareviewer,0,0.0
iclr_metareview_gvFOB8VCMr,binary,iclr_metareview,0.0,reviewertoo_metareviewer,0,1.0
iclr_metareview_gvRf95K4im,binary,iclr_metareview,1.0,reviewertoo_metareviewer,0,1.0
iclr_metareview_gvUufgeJvV,binary,iclr_metareview,1.0,reviewertoo_metareviewer,0,0.0
iclr_metareview_gwHCXvPDBd,binary,iclr_metareview,1.0,reviewertoo_metareviewer,0,0.0
iclr_metareview_gwhQO3KaHI,binary,iclr_metareview,0.0,reviewertoo_metareviewer,0,0.0
iclr_metareview_gxf1BvFVfW,binary,iclr_metareview,0.0,reviewertoo_metareviewer,0,1.0
iclr_metareview_h0xG4JmGOP,binary,iclr_metareview,0.0,reviewertoo_metareviewer,0,1.0
iclr_metareview_h1XLREoCPf,binary,iclr_metareview,0.0,reviewertoo_metareviewer,0,1.0
iclr_metareview_h1rCBN6hWi,binary,iclr_metareview,0.0,reviewertoo_metareviewer,0,1.0
iclr_metareview_h2p5eOFpcF,binary,iclr_metareview,1.0,reviewertoo_metareviewer,0,1.0
iclr_metareview_h3hIapIeFi,binary,iclr_metareview,0.0,reviewertoo_metareviewer,0,1.0
iclr_metareview_h3pdqoIk1b,binary,iclr_metareview,0.0,reviewertoo_metareviewer,0,0.0
iclr_metareview_h5KLpGoqzC,binary,iclr_metareview,1.0,reviewertoo_metareviewer,0,1.0
iclr_metareview_h5nQybadry,binary,iclr_metareview,0.0,reviewertoo_metareviewer,0,0.0
iclr_metareview_h86255uFq8,binary,iclr_metareview,0.0,reviewertoo_metareviewer,0,0.0
iclr_metareview_h8u0KWgg9C,binary,iclr_metareview,0.0,reviewertoo_metareviewer,0,0.0
iclr_metareview_h9kXyRWZGQ,binary,iclr_metareview,0.0,reviewertoo_metareviewer,0,1.0
iclr_metareview_hAurIMOhOW,binary,iclr_metareview,0.0,reviewertoo_metareviewer,0,1.0
iclr_metareview_hB8r4cdFTh,binary,iclr_metareview,0.0,reviewertoo_metareviewer,0,1.0
iclr_metareview_hBoFfrg3HJ,binary,iclr_metareview,0.0,reviewertoo_metareviewer,0,0.0
iclr_metareview_hCIdPgTfUw,binary,iclr_metareview,0.0,reviewertoo_metareviewer,0,1.0
iclr_metareview_hCVGAnQ7eE,binary,iclr_metareview,0.0,reviewertoo_metareviewer,0,0.0
iclr_metareview_hD69qj15Os,binary,iclr_metareview,1.0,reviewertoo_metareviewer,0,1.0
iclr_metareview_hESsatbRee,binary,iclr_metareview,0.0,reviewertoo_metareviewer,0,1.0
iclr_metareview_hEe8IYhyhN,binary,iclr_metareview,0.0,reviewertoo_metareviewer,0,1.0
iclr_metareview_hEhxreaLdU,binary,iclr_metareview,1.0,reviewertoo_metareviewer,0,1.0
iclr_metareview_hFS7XWGqXi,binary,iclr_metareview,0.0,reviewertoo_metareviewer,0,1.0
iclr_metareview_hFzrP5mw24,binary,iclr_metareview,1.0,reviewertoo_metareviewer,0,1.0
iclr_metareview_hGipI51ljh,binary,iclr_metareview,0.0,reviewertoo_metareviewer,0,1.0
iclr_metareview_hHfUwjl3hF,binary,iclr_metareview,0.0,reviewertoo_metareviewer,0,1.0
iclr_metareview_hIwVFRLaFy,binary,iclr_metareview,1.0,reviewertoo_metareviewer,0,0.0
iclr_metareview_hJlYfenRMC,binary,iclr_metareview,0.0,reviewertoo_metareviewer,0,0.0
iclr_metareview_hNLy3TRZyH,binary,iclr_metareview,0.0,reviewertoo_metareviewer,0,1.0
iclr_metareview_hPY2jwJzZ4,binary,iclr_metareview,1.0,reviewertoo_metareviewer,0,1.0
iclr_metareview_hQElhp8NWW,binary,iclr_metareview,0.0,reviewertoo_metareviewer,0,1.0
iclr_metareview_hQZQVLJrH9,binary,iclr_metareview,0.0,reviewertoo_metareviewer,0,1.0
iclr_metareview_hQqHuukRZ2,binary,iclr_metareview,0.0,reviewertoo_metareviewer,0,0.0
iclr_metareview_hRIhAppr3a,binary,iclr_metareview,0.0,reviewertoo_metareviewer,0,0.0
iclr_metareview_hS9FLRBf7v,binary,iclr_metareview,0.0,reviewertoo_metareviewer,0,0.0
iclr_metareview_hSUlL8K1Ec,binary,iclr_metareview,0.0,reviewertoo_metareviewer,0,0.0
iclr_metareview_hSnsDdSrtK,binary,iclr_metareview,0.0,reviewertoo_metareviewer,0,0.0
iclr_metareview_hSpA4DAoMk,binary,iclr_metareview,1.0,reviewertoo_metareviewer,0,1.0
iclr_metareview_hTTfQG7fwN,binary,iclr_metareview,0.0,reviewertoo_metareviewer,0,1.0
iclr_metareview_hU2gT2Ucua,binary,iclr_metareview,1.0,reviewertoo_metareviewer,0,1.0
iclr_metareview_hWw269fPov,binary,iclr_metareview,1.0,reviewertoo_metareviewer,0,1.0
iclr_metareview_hWyeiVFZ0q,binary,iclr_metareview,0.0,reviewertoo_metareviewer,0,1.0
iclr_metareview_hXtUtnf3ms,binary,iclr_metareview,0.0,reviewertoo_metareviewer,0,0.0
iclr_metareview_hZnibTOke7,binary,iclr_metareview,1.0,reviewertoo_metareviewer,0,0.0
iclr_metareview_haNKHOak3J,binary,iclr_metareview,0.0,reviewertoo_metareviewer,0,1.0
iclr_metareview_hdcZGX3saZ,binary,iclr_metareview,0.0,reviewertoo_metareviewer,0,1.0
iclr_metareview_he8kYNcoMA,binary,iclr_metareview,1.0,reviewertoo_metareviewer,0,0.0
iclr_metareview_hfEVqiJyF6,binary,iclr_metareview,0.0,reviewertoo_metareviewer,0,1.0
iclr_metareview_hfMfYMoRLk,binary,iclr_metareview,1.0,reviewertoo_metareviewer,0,0.0
iclr_metareview_hg60pQXC6z,binary,iclr_metareview,0.0,reviewertoo_metareviewer,0,1.0
iclr_metareview_hgbQRPrFli,binary,iclr_metareview,0.0,reviewertoo_metareviewer,0,0.0
iclr_metareview_hiD1bo11Mm,binary,iclr_metareview,0.0,reviewertoo_metareviewer,0,1.0
iclr_metareview_hidBHy1CAw,binary,iclr_metareview,1.0,reviewertoo_metareviewer,0,0.0
iclr_metareview_hit3hGBheP,binary,iclr_metareview,1.0,reviewertoo_metareviewer,0,0.0
iclr_metareview_hkZpskx9mL,binary,iclr_metareview,0.0,reviewertoo_metareviewer,0,0.0
iclr_metareview_hlFD8pl4qD,binary,iclr_metareview,0.0,reviewertoo_metareviewer,0,0.0
iclr_metareview_hld4TzJsnD,binary,iclr_metareview,1.0,reviewertoo_metareviewer,0,0.0
iclr_metareview_hm2EcwFm2Q,binary,iclr_metareview,0.0,reviewertoo_metareviewer,0,1.0
iclr_metareview_hmQk2Iwdh0,binary,iclr_metareview,1.0,reviewertoo_metareviewer,0,0.0
iclr_metareview_hpD3tn7Xbp,binary,iclr_metareview,0.0,reviewertoo_metareviewer,0,0.0
iclr_metareview_hqq6GyYISN,binary,iclr_metareview,1.0,reviewertoo_metareviewer,0,1.0
iclr_metareview_hrd1qQ0kf6,binary,iclr_metareview,0.0,reviewertoo_metareviewer,0,1.0
iclr_metareview_hsgl5Owiio,binary,iclr_metareview,0.0,reviewertoo_metareviewer,0,1.0
iclr_metareview_htOZXpUPFZ,binary,iclr_metareview,1.0,reviewertoo_metareviewer,0,0.0
iclr_metareview_htQJRtgeck,binary,iclr_metareview,0.0,reviewertoo_metareviewer,0,1.0
iclr_metareview_htbzmulSaG,binary,iclr_metareview,1.0,reviewertoo_metareviewer,0,0.0
iclr_metareview_htvcTg32pj,binary,iclr_metareview,0.0,reviewertoo_metareviewer,0,0.0
iclr_metareview_hvT2vfxD84,binary,iclr_metareview,0.0,reviewertoo_metareviewer,0,1.0
iclr_metareview_hvpKqEYJjj,binary,iclr_metareview,1.0,reviewertoo_metareviewer,0,1.0
iclr_metareview_hwZi9LOTwS,binary,iclr_metareview,0.0,reviewertoo_metareviewer,0,0.0
iclr_metareview_hyI8cIOU2f,binary,iclr_metareview,0.0,reviewertoo_metareviewer,0,1.0
iclr_metareview_hyJV4HYCnw,binary,iclr_metareview,0.0,reviewertoo_metareviewer,0,0.0
iclr_metareview_hzf23XSDcs,binary,iclr_metareview,1.0,reviewertoo_metareviewer,0,0.0
iclr_metareview_hzikvjtIj4,binary,iclr_metareview,0.0,reviewertoo_metareviewer,0,1.0
iclr_metareview_i2IQRtYchF,binary,iclr_metareview,1.0,reviewertoo_metareviewer,0,0.0
iclr_metareview_i3edCAhdEy,binary,iclr_metareview,0.0,reviewertoo_metareviewer,0,0.0
iclr_metareview_i3lShrNln9,binary,iclr_metareview,0.0,reviewertoo_metareviewer,0,1.0
iclr_metareview_i4Mph3pvwr,binary,iclr_metareview,0.0,reviewertoo_metareviewer,0,0.0
iclr_metareview_i55jA7FSvZ,binary,iclr_metareview,0.0,reviewertoo_metareviewer,0,0.0
iclr_metareview_i6SA9rGTAB,binary,iclr_metareview,0.0,reviewertoo_metareviewer,0,0.0
iclr_metareview_i75XGv8oqj,binary,iclr_metareview,0.0,reviewertoo_metareviewer,0,0.0
iclr_metareview_i8b5T0ezsk,binary,iclr_metareview,0.0,reviewertoo_metareviewer,0,1.0
iclr_metareview_i9c9tT5dFq,binary,iclr_metareview,0.0,reviewertoo_metareviewer,0,1.0
iclr_metareview_i9cWwfSDz1,binary,iclr_metareview,0.0,reviewertoo_metareviewer,0,0.0
iclr_metareview_i9yuplD2ub,binary,iclr_metareview,0.0,reviewertoo_metareviewer,0,1.0
iclr_metareview_iCb9Fq4PBe,binary,iclr_metareview,0.0,reviewertoo_metareviewer,0,0.0
iclr_metareview_iE0dWuv6jU,binary,iclr_metareview,0.0,reviewertoo_metareviewer,0,0.0
iclr_metareview_iH7mSOTR4q,binary,iclr_metareview,0.0,reviewertoo_metareviewer,0,1.0
iclr_metareview_iI47RaZfWn,binary,iclr_metareview,0.0,reviewertoo_metareviewer,0,0.0
iclr_metareview_iJPiyQGhWf,binary,iclr_metareview,0.0,reviewertoo_metareviewer,0,0.0
iclr_metareview_iJl3L059s6,binary,iclr_metareview,1.0,reviewertoo_metareviewer,0,1.0
iclr_metareview_iKRQMeC7yO,binary,iclr_metareview,1.0,reviewertoo_metareviewer,0,1.0
iclr_metareview_iKduTdnvQf,binary,iclr_metareview,0.0,reviewertoo_metareviewer,0,1.0
iclr_metareview_iKiQwdPFib,binary,iclr_metareview,0.0,reviewertoo_metareviewer,0,0.0
iclr_metareview_iLgARrrln9,binary,iclr_metareview,0.0,reviewertoo_metareviewer,0,0.0
iclr_metareview_iNg5KL7eTC,binary,iclr_metareview,1.0,reviewertoo_metareviewer,0,1.0
iclr_metareview_iNiU0GdjKM,binary,iclr_metareview,0.0,reviewertoo_metareviewer,0,0.0
iclr_metareview_iPFlJESrsh,binary,iclr_metareview,1.0,reviewertoo_metareviewer,0,1.0
iclr_metareview_iPuAJTiiRS,binary,iclr_metareview,0.0,reviewertoo_metareviewer,0,1.0
iclr_metareview_iQLZChxwDu,binary,iclr_metareview,0.0,reviewertoo_metareviewer,0,0.0
iclr_metareview_iQw5cxWAnF,binary,iclr_metareview,0.0,reviewertoo_metareviewer,0,0.0
iclr_metareview_iRIoT8NUu2,binary,iclr_metareview,0.0,reviewertoo_metareviewer,0,1.0
iclr_metareview_iRWqcnBlLQ,binary,iclr_metareview,0.0,reviewertoo_metareviewer,0,0.0
iclr_metareview_iSqOXQ7bCc,binary,iclr_metareview,0.0,reviewertoo_metareviewer,0,0.0
iclr_metareview_iU026Hr90y,binary,iclr_metareview,1.0,reviewertoo_metareviewer,0,1.0
iclr_metareview_iVfjObam0o,binary,iclr_metareview,0.0,reviewertoo_metareviewer,0,1.0
iclr_metareview_iWT64hjOcM,binary,iclr_metareview,0.0,reviewertoo_metareviewer,0,0.0
iclr_metareview_iXo8oV3Pz0,binary,iclr_metareview,0.0,reviewertoo_metareviewer,0,0.0
iclr_metareview_iXp4UywUfr,binary,iclr_metareview,0.0,reviewertoo_metareviewer,0,0.0
iclr_metareview_ia5tQ6EebJ,binary,iclr_metareview,0.0,reviewertoo_metareviewer,0,1.0
iclr_metareview_ib1Mg4c5pl,binary,iclr_metareview,0.0,reviewertoo_metareviewer,0,0.0
iclr_metareview_idXrPgNmqx,binary,iclr_metareview,0.0,reviewertoo_metareviewer,0,0.0
iclr_metareview_ieCOL2YAqv,binary,iclr_metareview,1.0,reviewertoo_metareviewer,0,1.0
iclr_metareview_ieJoQoxW2M,binary,iclr_metareview,0.0,reviewertoo_metareviewer,0,0.0
iclr_metareview_igZItUbY6n,binary,iclr_metareview,1.0,reviewertoo_metareviewer,0,0.0
iclr_metareview_ijOAhcHI7S,binary,iclr_metareview,1.0,reviewertoo_metareviewer,0,0.0
iclr_metareview_ikqTXd8BAV,binary,iclr_metareview,0.0,reviewertoo_metareviewer,0,1.0
iclr_metareview_ilhWL2WPvS,binary,iclr_metareview,0.0,reviewertoo_metareviewer,0,1.0
iclr_metareview_ilr07ypuYl,binary,iclr_metareview,0.0,reviewertoo_metareviewer,0,0.0
iclr_metareview_ioGQhr1lhZ,binary,iclr_metareview,0.0,reviewertoo_metareviewer,0,1.0
iclr_metareview_iqAFhWistW,binary,iclr_metareview,1.0,reviewertoo_metareviewer,0,1.0
iclr_metareview_iqUMjxfDNH,binary,iclr_metareview,1.0,reviewertoo_metareviewer,0,1.0
iclr_metareview_isNjWnVsUR,binary,iclr_metareview,1.0,reviewertoo_metareviewer,0,0.0
iclr_metareview_isoLHssNcU,binary,iclr_metareview,0.0,reviewertoo_metareviewer,0,1.0
iclr_metareview_itSbHJklyd,binary,iclr_metareview,0.0,reviewertoo_metareviewer,0,1.0
iclr_metareview_itUo64aUeK,binary,iclr_metareview,1.0,reviewertoo_metareviewer,0,1.0
iclr_metareview_iu5fSByDUZ,binary,iclr_metareview,0.0,reviewertoo_metareviewer,0,1.0
iclr_metareview_iuIDQfnIy9,binary,iclr_metareview,0.0,reviewertoo_metareviewer,0,0.0
iclr_metareview_iwB6e5n7fQ,binary,iclr_metareview,0.0,reviewertoo_metareviewer,0,1.0
iclr_metareview_ix9C0Xqygb,binary,iclr_metareview,0.0,reviewertoo_metareviewer,0,1.0
iclr_metareview_ixYvy0wOTr,binary,iclr_metareview,0.0,reviewertoo_metareviewer,0,0.0
iclr_metareview_iyxRqYiCbF,binary,iclr_metareview,1.0,reviewertoo_metareviewer,0,0.0
iclr_metareview_izL9UiBziW,binary,iclr_metareview,0.0,reviewertoo_metareviewer,0,0.0
iclr_metareview_izbBqTL8vb,binary,iclr_metareview,1.0,reviewertoo_metareviewer,0,1.0
iclr_metareview_j0HKGS29cg,binary,iclr_metareview,0.0,reviewertoo_metareviewer,0,1.0
iclr_metareview_j20Eld6rmT,binary,iclr_metareview,0.0,reviewertoo_metareviewer,0,0.0
iclr_metareview_j3htU5i01r,binary,iclr_metareview,0.0,reviewertoo_metareviewer,0,1.0
iclr_metareview_j4C0nALrgK,binary,iclr_metareview,1.0,reviewertoo_metareviewer,0,1.0
iclr_metareview_jAg5iTFBvT,binary,iclr_metareview,0.0,reviewertoo_metareviewer,0,0.0
iclr_metareview_jBJkP5Fv0m,binary,iclr_metareview,1.0,reviewertoo_metareviewer,0,0.0
iclr_metareview_jBuMH3DOPQ,binary,iclr_metareview,1.0,reviewertoo_metareviewer,0,0.0
iclr_metareview_jEIhUhvNIi,binary,iclr_metareview,0.0,reviewertoo_metareviewer,0,0.0
iclr_metareview_jEgWebcmUc,binary,iclr_metareview,0.0,reviewertoo_metareviewer,0,1.0
iclr_metareview_jFHaK889Jv,binary,iclr_metareview,0.0,reviewertoo_metareviewer,0,1.0
iclr_metareview_jGXTx64gal,binary,iclr_metareview,1.0,reviewertoo_metareviewer,0,0.0
iclr_metareview_jGXnGsZ9Wk,binary,iclr_metareview,0.0,reviewertoo_metareviewer,0,0.0
iclr_metareview_jHfXoYId0S,binary,iclr_metareview,0.0,reviewertoo_metareviewer,0,1.0
iclr_metareview_jHlAq2rYUw,binary,iclr_metareview,1.0,reviewertoo_metareviewer,0,0.0
iclr_metareview_jITPFROpWN,binary,iclr_metareview,1.0,reviewertoo_metareviewer,0,1.0
iclr_metareview_jIeJJqG7dz,binary,iclr_metareview,1.0,reviewertoo_metareviewer,0,0.0
iclr_metareview_jJ0Xc6sY9d,binary,iclr_metareview,0.0,reviewertoo_metareviewer,0,0.0
iclr_metareview_jJskRGo4N5,binary,iclr_metareview,0.0,reviewertoo_metareviewer,0,0.0
iclr_metareview_jKk7cbedHA,binary,iclr_metareview,0.0,reviewertoo_metareviewer,0,0.0
iclr_metareview_jL5XhAS9pf,binary,iclr_metareview,0.0,reviewertoo_metareviewer,0,0.0
iclr_metareview_jLO4pSi5Pt,binary,iclr_metareview,1.0,reviewertoo_metareviewer,0,0.0
iclr_metareview_jLdx3kmsrs,binary,iclr_metareview,0.0,reviewertoo_metareviewer,0,1.0
iclr_metareview_jMZpXvDDbB,binary,iclr_metareview,0.0,reviewertoo_metareviewer,0,0.0
iclr_metareview_jOxfpsnDFo,binary,iclr_metareview,0.0,reviewertoo_metareviewer,0,1.0
iclr_metareview_jPFjUehx4i,binary,iclr_metareview,0.0,reviewertoo_metareviewer,0,0.0
iclr_metareview_jPNg2Yytaf,binary,iclr_metareview,0.0,reviewertoo_metareviewer,0,0.0
iclr_metareview_jPOecVdGG7,binary,iclr_metareview,0.0,reviewertoo_metareviewer,0,0.0
iclr_metareview_jPmsbtdDHw,binary,iclr_metareview,0.0,reviewertoo_metareviewer,0,1.0
iclr_metareview_jPqGHu174f,binary,iclr_metareview,0.0,reviewertoo_metareviewer,0,1.0
iclr_metareview_jQrafTCmUI,binary,iclr_metareview,0.0,reviewertoo_metareviewer,0,1.0
iclr_metareview_jRWxvQnqUt,binary,iclr_metareview,1.0,reviewertoo_metareviewer,0,1.0
iclr_metareview_jS3EKPSaAR,binary,iclr_metareview,0.0,reviewertoo_metareviewer,0,1.0
iclr_metareview_jXZGgxTjiK,binary,iclr_metareview,0.0,reviewertoo_metareviewer,0,0.0
iclr_metareview_jXfDwmcA1U,binary,iclr_metareview,0.0,reviewertoo_metareviewer,0,1.0
iclr_metareview_jY21fwcrjr,binary,iclr_metareview,1.0,reviewertoo_metareviewer,0,1.0
iclr_metareview_jY7fAo9rfK,binary,iclr_metareview,1.0,reviewertoo_metareviewer,0,1.0
iclr_metareview_jZDhM6IJNq,binary,iclr_metareview,0.0,reviewertoo_metareviewer,0,1.0
iclr_metareview_jZplmg7Ad9,binary,iclr_metareview,1.0,reviewertoo_metareviewer,0,0.0
iclr_metareview_jZrjHDqTBo,binary,iclr_metareview,0.0,reviewertoo_metareviewer,0,1.0
iclr_metareview_jdL6WB5jHZ,binary,iclr_metareview,1.0,reviewertoo_metareviewer,0,1.0
iclr_metareview_je3ezjX4LD,binary,iclr_metareview,0.0,reviewertoo_metareviewer,0,1.0
iclr_metareview_jfhIbJ3K8e,binary,iclr_metareview,0.0,reviewertoo_metareviewer,0,0.0
iclr_metareview_jfhSUOs7l1,binary,iclr_metareview,0.0,reviewertoo_metareviewer,0,0.0
iclr_metareview_jgvJV5jDb1,binary,iclr_metareview,0.0,reviewertoo_metareviewer,0,1.0
iclr_metareview_jhan3NJ5x1,binary,iclr_metareview,0.0,reviewertoo_metareviewer,0,1.0
iclr_metareview_jiFcyj5VLe,binary,iclr_metareview,0.0,reviewertoo_metareviewer,0,0.0
iclr_metareview_jik0oNrrfB,binary,iclr_metareview,0.0,reviewertoo_metareviewer,0,0.0
iclr_metareview_jimY7NF6aJ,binary,iclr_metareview,0.0,reviewertoo_metareviewer,0,0.0
iclr_metareview_jj0ShBGykp,binary,iclr_metareview,0.0,reviewertoo_metareviewer,0,1.0
iclr_metareview_jk7PL8GAV8,binary,iclr_metareview,0.0,reviewertoo_metareviewer,0,1.0
iclr_metareview_jl4OtPVjYU,binary,iclr_metareview,0.0,reviewertoo_metareviewer,0,0.0
iclr_metareview_jm4oRKjB3u,binary,iclr_metareview,0.0,reviewertoo_metareviewer,0,0.0
iclr_metareview_jpz7e3jhRq,binary,iclr_metareview,1.0,reviewertoo_metareviewer,0,1.0
iclr_metareview_jq4eExSrjI,binary,iclr_metareview,0.0,reviewertoo_metareviewer,0,1.0
iclr_metareview_jqGWLxbghD,binary,iclr_metareview,1.0,reviewertoo_metareviewer,0,1.0
iclr_metareview_jrSc4RJXy1,binary,iclr_metareview,1.0,reviewertoo_metareviewer,0,1.0
iclr_metareview_jsWT4iclYU,binary,iclr_metareview,0.0,reviewertoo_metareviewer,0,0.0
iclr_metareview_jsoCCOseOb,binary,iclr_metareview,0.0,reviewertoo_metareviewer,0,1.0
iclr_metareview_jtRYvazBWv,binary,iclr_metareview,1.0,reviewertoo_metareviewer,0,0.0
iclr_metareview_juM14y0caI,binary,iclr_metareview,1.0,reviewertoo_metareviewer,0,1.0
iclr_metareview_jugY302BAh,binary,iclr_metareview,1.0,reviewertoo_metareviewer,0,0.0
iclr_metareview_jwJkPowRTl,binary,iclr_metareview,0.0,reviewertoo_metareviewer,0,0.0
iclr_metareview_jwkdKpioHJ,binary,iclr_metareview,1.0,reviewertoo_metareviewer,0,1.0
iclr_metareview_jwv2Lsh8Wo,binary,iclr_metareview,0.0,reviewertoo_metareviewer,0,1.0
iclr_metareview_jyYE06FL8G,binary,iclr_metareview,1.0,reviewertoo_metareviewer,0,0.0
iclr_metareview_jz41Oh9eV1,binary,iclr_metareview,1.0,reviewertoo_metareviewer,0,1.0
iclr_metareview_jzWNHWmwWy,binary,iclr_metareview,0.0,reviewertoo_metareviewer,0,1.0
iclr_metareview_k0dRk527dD,binary,iclr_metareview,0.0,reviewertoo_metareviewer,0,0.0
iclr_metareview_k1RzJZPDeD,binary,iclr_metareview,0.0,reviewertoo_metareviewer,0,0.0
iclr_metareview_k3Lnh6jp0w,binary,iclr_metareview,0.0,reviewertoo_metareviewer,0,0.0
iclr_metareview_k4F68J4v0F,binary,iclr_metareview,0.0,reviewertoo_metareviewer,0,0.0
iclr_metareview_k57oZGbdJ9,binary,iclr_metareview,0.0,reviewertoo_metareviewer,0,0.0
iclr_metareview_k5Sc3ageMW,binary,iclr_metareview,0.0,reviewertoo_metareviewer,0,1.0
iclr_metareview_k5WNNChYkH,binary,iclr_metareview,0.0,reviewertoo_metareviewer,0,0.0
iclr_metareview_k5Z1tSidYY,binary,iclr_metareview,0.0,reviewertoo_metareviewer,0,0.0
iclr_metareview_k60jAxVSv7,binary,iclr_metareview,0.0,reviewertoo_metareviewer,0,1.0
iclr_metareview_k6nTUFoqeT,binary,iclr_metareview,1.0,reviewertoo_metareviewer,0,1.0
iclr_metareview_k7ytptAaDN,binary,iclr_metareview,1.0,reviewertoo_metareviewer,0,0.0
iclr_metareview_k96511V36j,binary,iclr_metareview,0.0,reviewertoo_metareviewer,0,0.0
iclr_metareview_k9Fl07O6yH,binary,iclr_metareview,0.0,reviewertoo_metareviewer,0,0.0
iclr_metareview_kBnvzwO5pN,binary,iclr_metareview,1.0,reviewertoo_metareviewer,0,1.0
iclr_metareview_kDhAiaGzrn,binary,iclr_metareview,1.0,reviewertoo_metareviewer,0,0.0
iclr_metareview_kE5jJUHl9i,binary,iclr_metareview,1.0,reviewertoo_metareviewer,0,1.0
iclr_metareview_kEt2QQlWUl,binary,iclr_metareview,0.0,reviewertoo_metareviewer,0,0.0
iclr_metareview_kHqt0ZSbKT,binary,iclr_metareview,1.0,reviewertoo_metareviewer,0,0.0
iclr_metareview_kI7kCgcY8Y,binary,iclr_metareview,0.0,reviewertoo_metareviewer,0,0.0
iclr_metareview_kIT1aA8SbY,binary,iclr_metareview,0.0,reviewertoo_metareviewer,0,0.0
iclr_metareview_kITJl37ULw,binary,iclr_metareview,0.0,reviewertoo_metareviewer,0,0.0
iclr_metareview_kJmLmOvwLC,binary,iclr_metareview,1.0,reviewertoo_metareviewer,0,1.0
iclr_metareview_kMIvwXCRKt,binary,iclr_metareview,0.0,reviewertoo_metareviewer,0,0.0
iclr_metareview_kMLfUshPwo,binary,iclr_metareview,0.0,reviewertoo_metareviewer,0,0.0
iclr_metareview_kNrpyaF4mn,binary,iclr_metareview,0.0,reviewertoo_metareviewer,0,0.0
iclr_metareview_kQee8MObMc,binary,iclr_metareview,1.0,reviewertoo_metareviewer,0,1.0
iclr_metareview_kRaAi8LjdD,binary,iclr_metareview,0.0,reviewertoo_metareviewer,0,0.0
iclr_metareview_kSClcvnubH,binary,iclr_metareview,0.0,reviewertoo_metareviewer,0,1.0
iclr_metareview_kW0SudrQEQ,binary,iclr_metareview,1.0,reviewertoo_metareviewer,0,0.0
iclr_metareview_kY6dgzvJYY,binary,iclr_metareview,0.0,reviewertoo_metareviewer,0,1.0
iclr_metareview_kZ5sWPK2p8,binary,iclr_metareview,0.0,reviewertoo_metareviewer,0,0.0
iclr_metareview_kZHSvETWdi,binary,iclr_metareview,1.0,reviewertoo_metareviewer,0,1.0
iclr_metareview_kZabPVFfIM,binary,iclr_metareview,0.0,reviewertoo_metareviewer,0,0.0
iclr_metareview_kZcMgjhThv,binary,iclr_metareview,0.0,reviewertoo_metareviewer,0,1.0
iclr_metareview_ka82fvJ5f1,binary,iclr_metareview,1.0,reviewertoo_metareviewer,0,1.0
iclr_metareview_kafDVPibi8,binary,iclr_metareview,0.0,reviewertoo_metareviewer,0,0.0
iclr_metareview_kasbbmwk3s,binary,iclr_metareview,1.0,reviewertoo_metareviewer,0,1.0
iclr_metareview_kboK7ad4Cn,binary,iclr_metareview,0.0,reviewertoo_metareviewer,0,1.0
iclr_metareview_kc5jbYHedw,binary,iclr_metareview,1.0,reviewertoo_metareviewer,0,1.0
iclr_metareview_kdJsB0J4Ic,binary,iclr_metareview,1.0,reviewertoo_metareviewer,0,1.0
iclr_metareview_kdT0kmfRaA,binary,iclr_metareview,0.0,reviewertoo_metareviewer,0,0.0
iclr_metareview_kdXIBcWW7m,binary,iclr_metareview,0.0,reviewertoo_metareviewer,0,0.0
iclr_metareview_kdu3zj4GuM,binary,iclr_metareview,0.0,reviewertoo_metareviewer,0,0.0
iclr_metareview_keCXNHOe4W,binary,iclr_metareview,1.0,reviewertoo_metareviewer,0,0.0
iclr_metareview_kf2mzS6xfk,binary,iclr_metareview,0.0,reviewertoo_metareviewer,0,1.0
iclr_metareview_khjGuuYg8j,binary,iclr_metareview,0.0,reviewertoo_metareviewer,0,0.0
iclr_metareview_ki4pPq66KR,binary,iclr_metareview,0.0,reviewertoo_metareviewer,0,0.0
iclr_metareview_kipQYpoZf1,binary,iclr_metareview,0.0,reviewertoo_metareviewer,0,1.0
iclr_metareview_kjZEdwqhtU,binary,iclr_metareview,0.0,reviewertoo_metareviewer,0,1.0
iclr_metareview_kl8CrfUvw3,binary,iclr_metareview,0.0,reviewertoo_metareviewer,0,0.0
iclr_metareview_klIoMva78S,binary,iclr_metareview,0.0,reviewertoo_metareviewer,0,0.0
iclr_metareview_klRdsrja2h,binary,iclr_metareview,0.0,reviewertoo_metareviewer,0,1.0
iclr_metareview_kmNqnwA4aV,binary,iclr_metareview,0.0,reviewertoo_metareviewer,0,0.0
iclr_metareview_knHHCx1prj,binary,iclr_metareview,0.0,reviewertoo_metareviewer,0,0.0
iclr_metareview_kokgg2qqUU,binary,iclr_metareview,0.0,reviewertoo_metareviewer,0,0.0
iclr_metareview_kpwGlSY1He,binary,iclr_metareview,0.0,reviewertoo_metareviewer,0,0.0
iclr_metareview_ktHj6YazEE,binary,iclr_metareview,0.0,reviewertoo_metareviewer,0,0.0
iclr_metareview_ktXW9g2i8r,binary,iclr_metareview,0.0,reviewertoo_metareviewer,0,0.0
iclr_metareview_ktcq26hMCH,binary,iclr_metareview,1.0,reviewertoo_metareviewer,0,0.0
iclr_metareview_kwy0cKmTm3,binary,iclr_metareview,1.0,reviewertoo_metareviewer,0,1.0
iclr_metareview_kxVHb58g3J,binary,iclr_metareview,0.0,reviewertoo_metareviewer,0,0.0
iclr_metareview_kylhUNRXyt,binary,iclr_metareview,0.0,reviewertoo_metareviewer,0,1.0
iclr_metareview_kzGkXpW4FT,binary,iclr_metareview,1.0,reviewertoo_metareviewer,0,1.0
iclr_metareview_l0nFd8U0EP,binary,iclr_metareview,0.0,reviewertoo_metareviewer,0,1.0
iclr_metareview_l3KtyVZde3,binary,iclr_metareview,1.0,reviewertoo_metareviewer,0,1.0
iclr_metareview_l3Mxas1Bkj,binary,iclr_metareview,0.0,reviewertoo_metareviewer,0,0.0
iclr_metareview_l3ZwWmZ5Ht,binary,iclr_metareview,0.0,reviewertoo_metareviewer,0,0.0
iclr_metareview_l3wtT8URwb,binary,iclr_metareview,0.0,reviewertoo_metareviewer,0,0.0
iclr_metareview_l4KbvGkQSw,binary,iclr_metareview,0.0,reviewertoo_metareviewer,0,0.0
iclr_metareview_l54TZ88nFD,binary,iclr_metareview,0.0,reviewertoo_metareviewer,0,0.0
iclr_metareview_lAd8vjQhQG,binary,iclr_metareview,0.0,reviewertoo_metareviewer,0,1.0
iclr_metareview_lAhvPvxBZj,binary,iclr_metareview,0.0,reviewertoo_metareviewer,0,0.0
iclr_metareview_lBBtmSu5Q2,binary,iclr_metareview,0.0,reviewertoo_metareviewer,0,1.0
iclr_metareview_lBukeEkL6B,binary,iclr_metareview,0.0,reviewertoo_metareviewer,0,0.0
iclr_metareview_lDA2C9nJg6,binary,iclr_metareview,0.0,reviewertoo_metareviewer,0,1.0
iclr_metareview_lDyS4Qg5Ww,binary,iclr_metareview,1.0,reviewertoo_metareviewer,0,1.0
iclr_metareview_lHw9TvC3bq,binary,iclr_metareview,0.0,reviewertoo_metareviewer,0,1.0
iclr_metareview_lIr8kHs8gI,binary,iclr_metareview,0.0,reviewertoo_metareviewer,0,0.0
iclr_metareview_lJxRCW0UOI,binary,iclr_metareview,0.0,reviewertoo_metareviewer,0,1.0
iclr_metareview_lK4z181Hax,binary,iclr_metareview,0.0,reviewertoo_metareviewer,0,0.0
iclr_metareview_lK82jpa8jr,binary,iclr_metareview,1.0,reviewertoo_metareviewer,0,0.0
iclr_metareview_lMjxyHLL2R,binary,iclr_metareview,0.0,reviewertoo_metareviewer,0,1.0
iclr_metareview_lP4RsdfF6y,binary,iclr_metareview,1.0,reviewertoo_metareviewer,0,0.0
iclr_metareview_lPQOPD1tcm,binary,iclr_metareview,0.0,reviewertoo_metareviewer,0,1.0
iclr_metareview_lR8GufFQMb,binary,iclr_metareview,0.0,reviewertoo_metareviewer,0,0.0
iclr_metareview_lSSGmgIPNO,binary,iclr_metareview,0.0,reviewertoo_metareviewer,0,1.0
iclr_metareview_lSWIzMX2Ie,binary,iclr_metareview,1.0,reviewertoo_metareviewer,0,0.0
iclr_metareview_lSlXOD2v40,binary,iclr_metareview,0.0,reviewertoo_metareviewer,0,1.0
iclr_metareview_lTaPtGiUUc,binary,iclr_metareview,1.0,reviewertoo_metareviewer,0,1.0
iclr_metareview_lU4LPHfvaF,binary,iclr_metareview,0.0,reviewertoo_metareviewer,0,0.0
iclr_metareview_lUdkSdCJYy,binary,iclr_metareview,0.0,reviewertoo_metareviewer,0,0.0
iclr_metareview_lVmeipqOXV,binary,iclr_metareview,0.0,reviewertoo_metareviewer,0,0.0
iclr_metareview_lVpWNivXEU,binary,iclr_metareview,0.0,reviewertoo_metareviewer,0,0.0
iclr_metareview_lXP4t20mR4,binary,iclr_metareview,0.0,reviewertoo_metareviewer,0,1.0
iclr_metareview_lXqUiRr9V0,binary,iclr_metareview,0.0,reviewertoo_metareviewer,0,0.0
iclr_metareview_lZY0uluCzl,binary,iclr_metareview,1.0,reviewertoo_metareviewer,0,1.0
iclr_metareview_lad1MdaAlc,binary,iclr_metareview,0.0,reviewertoo_metareviewer,0,0.0
iclr_metareview_lbEUvx1ILN,binary,iclr_metareview,0.0,reviewertoo_metareviewer,0,1.0
iclr_metareview_lbh62QBt01,binary,iclr_metareview,0.0,reviewertoo_metareviewer,0,1.0
iclr_metareview_lbnPkTlwyR,binary,iclr_metareview,0.0,reviewertoo_metareviewer,0,0.0
iclr_metareview_lcrFXKWzF7,binary,iclr_metareview,0.0,reviewertoo_metareviewer,0,1.0
iclr_metareview_lejOV6j3cj,binary,iclr_metareview,1.0,reviewertoo_metareviewer,0,1.0
iclr_metareview_lgBnP4agDK,binary,iclr_metareview,1.0,reviewertoo_metareviewer,0,1.0
iclr_metareview_lgLbn3TC6A,binary,iclr_metareview,0.0,reviewertoo_metareviewer,0,1.0
iclr_metareview_lhY8Pa0u8d,binary,iclr_metareview,0.0,reviewertoo_metareviewer,0,1.0
iclr_metareview_ljaMSMEYBI,binary,iclr_metareview,0.0,reviewertoo_metareviewer,0,1.0
iclr_metareview_lk3j87oquF,binary,iclr_metareview,0.0,reviewertoo_metareviewer,0,0.0
iclr_metareview_lle0aGQyQb,binary,iclr_metareview,1.0,reviewertoo_metareviewer,0,0.0
iclr_metareview_lmeXa6aaoR,binary,iclr_metareview,0.0,reviewertoo_metareviewer,0,0.0
iclr_metareview_lnIlH0hfek,binary,iclr_metareview,0.0,reviewertoo_metareviewer,0,1.0
iclr_metareview_lnTrBYewkG,binary,iclr_metareview,0.0,reviewertoo_metareviewer,0,1.0
iclr_metareview_lnZwKQDhsh,binary,iclr_metareview,0.0,reviewertoo_metareviewer,0,1.0
iclr_metareview_lqCvR0BDss,binary,iclr_metareview,0.0,reviewertoo_metareviewer,0,1.0
iclr_metareview_lqhUcL7mqZ,binary,iclr_metareview,0.0,reviewertoo_metareviewer,0,1.0
iclr_metareview_lrCVJmOgAP,binary,iclr_metareview,0.0,reviewertoo_metareviewer,0,0.0
iclr_metareview_lrDr6dmXOX,binary,iclr_metareview,0.0,reviewertoo_metareviewer,0,0.0
iclr_metareview_ls77Bxw47n,binary,iclr_metareview,0.0,reviewertoo_metareviewer,0,1.0
iclr_metareview_lsLb0WvlqA,binary,iclr_metareview,0.0,reviewertoo_metareviewer,0,0.0
iclr_metareview_ltYXDRLDGW,binary,iclr_metareview,1.0,reviewertoo_metareviewer,0,1.0
iclr_metareview_lxPe6S5E7k,binary,iclr_metareview,0.0,reviewertoo_metareviewer,0,0.0
iclr_metareview_ly2FvcG4PT,binary,iclr_metareview,0.0,reviewertoo_metareviewer,0,1.0
iclr_metareview_lycAfkgTQI,binary,iclr_metareview,0.0,reviewertoo_metareviewer,0,0.0
iclr_metareview_lyjXZd9rNQ,binary,iclr_metareview,0.0,reviewertoo_metareviewer,0,1.0
iclr_metareview_lytfpSh21t,binary,iclr_metareview,0.0,reviewertoo_metareviewer,0,0.0
iclr_metareview_lyxHZSCX6o,binary,iclr_metareview,0.0,reviewertoo_metareviewer,0,0.0
iclr_metareview_m35gwg11mT,binary,iclr_metareview,0.0,reviewertoo_metareviewer,0,0.0
iclr_metareview_m4VAwxLMqt,binary,iclr_metareview,0.0,reviewertoo_metareviewer,0,0.0
iclr_metareview_m5zdEywl57,binary,iclr_metareview,0.0,reviewertoo_metareviewer,0,1.0
iclr_metareview_m6mRGNO7Yj,binary,iclr_metareview,0.0,reviewertoo_metareviewer,0,0.0
iclr_metareview_m7AQM9H6wa,binary,iclr_metareview,1.0,reviewertoo_metareviewer,0,1.0
iclr_metareview_m9RFvTGh2t,binary,iclr_metareview,0.0,reviewertoo_metareviewer,0,0.0
iclr_metareview_m9oP8W9MLX,binary,iclr_metareview,0.0,reviewertoo_metareviewer,0,1.0
iclr_metareview_mA1kdpQejk,binary,iclr_metareview,0.0,reviewertoo_metareviewer,0,1.0
iclr_metareview_mAutPdnHIN,binary,iclr_metareview,0.0,reviewertoo_metareviewer,0,1.0
iclr_metareview_mBBVfsRiHN,binary,iclr_metareview,0.0,reviewertoo_metareviewer,0,1.0
iclr_metareview_mCoz3t0Mft,binary,iclr_metareview,0.0,reviewertoo_metareviewer,0,0.0
iclr_metareview_mCpq1GCKxA,binary,iclr_metareview,1.0,reviewertoo_metareviewer,0,1.0
iclr_metareview_mCzFs924Kh,binary,iclr_metareview,0.0,reviewertoo_metareviewer,0,1.0
iclr_metareview_mDE6W9pDdO,binary,iclr_metareview,0.0,reviewertoo_metareviewer,0,1.0
iclr_metareview_mDYLZLMxQn,binary,iclr_metareview,0.0,reviewertoo_metareviewer,0,0.0
iclr_metareview_mGeeRFToaW,binary,iclr_metareview,1.0,reviewertoo_metareviewer,0,1.0
iclr_metareview_mGqG9Q93KH,binary,iclr_metareview,0.0,reviewertoo_metareviewer,0,0.0
iclr_metareview_mHgaCF2qI5,binary,iclr_metareview,0.0,reviewertoo_metareviewer,0,1.0
iclr_metareview_mKPpS6n3cZ,binary,iclr_metareview,0.0,reviewertoo_metareviewer,0,1.0
iclr_metareview_mKUL3sOebH,binary,iclr_metareview,0.0,reviewertoo_metareviewer,0,1.0
iclr_metareview_mLL1AQeNsE,binary,iclr_metareview,0.0,reviewertoo_metareviewer,0,0.0
iclr_metareview_mMK9pvQJxf,binary,iclr_metareview,1.0,reviewertoo_metareviewer,0,1.0
iclr_metareview_mNQJ9odBvy,binary,iclr_metareview,0.0,reviewertoo_metareviewer,0,1.0
iclr_metareview_mRLnS8jQWt,binary,iclr_metareview,1.0,reviewertoo_metareviewer,0,1.0
iclr_metareview_mRZOayQL1i,binary,iclr_metareview,1.0,reviewertoo_metareviewer,0,0.0
iclr_metareview_mRjzWksbGR,binary,iclr_metareview,0.0,reviewertoo_metareviewer,0,1.0
iclr_metareview_mTOBSI4bAH,binary,iclr_metareview,0.0,reviewertoo_metareviewer,0,1.0
iclr_metareview_mTWBMdTuav,binary,iclr_metareview,0.0,reviewertoo_metareviewer,0,1.0
iclr_metareview_mTnQkDOh3b,binary,iclr_metareview,0.0,reviewertoo_metareviewer,0,1.0
iclr_metareview_mTsWEVhcZM,binary,iclr_metareview,1.0,reviewertoo_metareviewer,0,1.0
iclr_metareview_mUB2N8L0vD,binary,iclr_metareview,0.0,reviewertoo_metareviewer,0,1.0
iclr_metareview_mUIGdUTtk2,binary,iclr_metareview,1.0,reviewertoo_metareviewer,0,1.0
iclr_metareview_mVo6cyFR6C,binary,iclr_metareview,1.0,reviewertoo_metareviewer,0,0.0
iclr_metareview_mWKvHBINSl,binary,iclr_metareview,1.0,reviewertoo_metareviewer,0,1.0
iclr_metareview_mWoMyDEfbM,binary,iclr_metareview,1.0,reviewertoo_metareviewer,0,0.0
iclr_metareview_mXTeKJpuFv,binary,iclr_metareview,0.0,reviewertoo_metareviewer,0,0.0
iclr_metareview_mXXLliOV20,binary,iclr_metareview,0.0,reviewertoo_metareviewer,0,0.0
iclr_metareview_mZJM8hXmVg,binary,iclr_metareview,0.0,reviewertoo_metareviewer,0,0.0
iclr_metareview_mcITTf5FXA,binary,iclr_metareview,0.0,reviewertoo_metareviewer,0,0.0
iclr_metareview_mcdcvKpwEo,binary,iclr_metareview,0.0,reviewertoo_metareviewer,0,1.0
iclr_metareview_md9nBwwmEh,binary,iclr_metareview,0.0,reviewertoo_metareviewer,0,1.0
iclr_metareview_mdunHhVDPz,binary,iclr_metareview,1.0,reviewertoo_metareviewer,0,0.0
iclr_metareview_meDMftHUlX,binary,iclr_metareview,1.0,reviewertoo_metareviewer,0,0.0
iclr_metareview_meRHki4HwQ,binary,iclr_metareview,0.0,reviewertoo_metareviewer,0,0.0
iclr_metareview_mesI72n7m1,binary,iclr_metareview,0.0,reviewertoo_metareviewer,0,0.0
iclr_metareview_mf35JXqWHS,binary,iclr_metareview,1.0,reviewertoo_metareviewer,0,0.0
iclr_metareview_mgDoHyj4YL,binary,iclr_metareview,0.0,reviewertoo_metareviewer,0,0.0
iclr_metareview_mgfNowaxYu,binary,iclr_metareview,0.0,reviewertoo_metareviewer,0,0.0
iclr_metareview_mh5388TZJ4,binary,iclr_metareview,0.0,reviewertoo_metareviewer,0,0.0
iclr_metareview_mjkGXdgm4T,binary,iclr_metareview,1.0,reviewertoo_metareviewer,0,1.0
iclr_metareview_mlRWnMN6vE,binary,iclr_metareview,0.0,reviewertoo_metareviewer,0,0.0
iclr_metareview_mlgRKaosrj,binary,iclr_metareview,0.0,reviewertoo_metareviewer,0,0.0
iclr_metareview_moeOrHkDg2,binary,iclr_metareview,1.0,reviewertoo_metareviewer,0,0.0
iclr_metareview_mpwnjHxtBP,binary,iclr_metareview,0.0,reviewertoo_metareviewer,0,0.0
iclr_metareview_mq6GMkoGjh,binary,iclr_metareview,0.0,reviewertoo_metareviewer,0,1.0
iclr_metareview_mrViXFfrsU,binary,iclr_metareview,1.0,reviewertoo_metareviewer,0,0.0
iclr_metareview_mruL1LDjzV,binary,iclr_metareview,1.0,reviewertoo_metareviewer,0,1.0
iclr_metareview_msoXUX5xvy,binary,iclr_metareview,0.0,reviewertoo_metareviewer,0,0.0
iclr_metareview_mvKM40zDyn,binary,iclr_metareview,1.0,reviewertoo_metareviewer,0,1.0
iclr_metareview_mvLhN0veUd,binary,iclr_metareview,1.0,reviewertoo_metareviewer,0,1.0
iclr_metareview_mykx5jwKc8,binary,iclr_metareview,0.0,reviewertoo_metareviewer,0,0.0
iclr_metareview_mzc36hvPSI,binary,iclr_metareview,0.0,reviewertoo_metareviewer,0,1.0
iclr_metareview_mzlScdrryB,binary,iclr_metareview,0.0,reviewertoo_metareviewer,0,0.0
iclr_metareview_n0CiqI3Rz2,binary,iclr_metareview,0.0,reviewertoo_metareviewer,0,1.0
iclr_metareview_n1HBsszaY6,binary,iclr_metareview,1.0,reviewertoo_metareviewer,0,1.0
iclr_metareview_n20ml5nGEo,binary,iclr_metareview,1.0,reviewertoo_metareviewer,0,1.0
iclr_metareview_n2RM4uVFSM,binary,iclr_metareview,0.0,reviewertoo_metareviewer,0,1.0
iclr_metareview_n3vCciJEze,binary,iclr_metareview,0.0,reviewertoo_metareviewer,0,0.0
iclr_metareview_n4Er2o4BFB,binary,iclr_metareview,0.0,reviewertoo_metareviewer,0,1.0
iclr_metareview_n8lAJLVdVN,binary,iclr_metareview,0.0,reviewertoo_metareviewer,0,0.0
iclr_metareview_n9vRRei8ux,binary,iclr_metareview,0.0,reviewertoo_metareviewer,0,1.0
iclr_metareview_n9wS0Hdvri,binary,iclr_metareview,1.0,reviewertoo_metareviewer,0,0.0
iclr_metareview_nBCApflsHM,binary,iclr_metareview,0.0,reviewertoo_metareviewer,0,0.0
iclr_metareview_nBiBapJ9iy,binary,iclr_metareview,0.0,reviewertoo_metareviewer,0,1.0
iclr_metareview_nCgMpMDgR2,binary,iclr_metareview,0.0,reviewertoo_metareviewer,0,1.0
iclr_metareview_nCsF3Bsn2n,binary,iclr_metareview,1.0,reviewertoo_metareviewer,0,1.0
iclr_metareview_nDrZow7fCF,binary,iclr_metareview,1.0,reviewertoo_metareviewer,0,1.0
iclr_metareview_nEF9q1UmEZ,binary,iclr_metareview,0.0,reviewertoo_metareviewer,0,0.0
iclr_metareview_nFgNBT8AiQ,binary,iclr_metareview,0.0,reviewertoo_metareviewer,0,0.0
iclr_metareview_nIOIfHHYzk,binary,iclr_metareview,1.0,reviewertoo_metareviewer,0,1.0
iclr_metareview_nMSQjbA2fU,binary,iclr_metareview,0.0,reviewertoo_metareviewer,0,1.0
iclr_metareview_nNmd4pPSck,binary,iclr_metareview,0.0,reviewertoo_metareviewer,0,1.0
iclr_metareview_nPgpc4WzcB,binary,iclr_metareview,0.0,reviewertoo_metareviewer,0,0.0
iclr_metareview_nPvEFTxoHw,binary,iclr_metareview,0.0,reviewertoo_metareviewer,0,1.0
iclr_metareview_nQRPHjucHJ,binary,iclr_metareview,0.0,reviewertoo_metareviewer,0,1.0
iclr_metareview_nQuhfvgnkb,binary,iclr_metareview,0.0,reviewertoo_metareviewer,0,1.0
iclr_metareview_nU4Fv2yXN1,binary,iclr_metareview,0.0,reviewertoo_metareviewer,0,0.0
iclr_metareview_nVJ43d0g1g,binary,iclr_metareview,0.0,reviewertoo_metareviewer,0,1.0
iclr_metareview_nVnPqLtO8r,binary,iclr_metareview,0.0,reviewertoo_metareviewer,0,0.0
iclr_metareview_nY91ZOfB5M,binary,iclr_metareview,0.0,reviewertoo_metareviewer,0,0.0
iclr_metareview_nZ7fUX1cHa,binary,iclr_metareview,0.0,reviewertoo_metareviewer,0,0.0
iclr_metareview_nc28mSbyVG,binary,iclr_metareview,1.0,reviewertoo_metareviewer,0,1.0
iclr_metareview_ndGovrIZ1G,binary,iclr_metareview,0.0,reviewertoo_metareviewer,0,1.0
iclr_metareview_ndHE6IfOnw,binary,iclr_metareview,0.0,reviewertoo_metareviewer,0,0.0
iclr_metareview_nfMzqKhobR,binary,iclr_metareview,0.0,reviewertoo_metareviewer,0,0.0
iclr_metareview_nfVKTJ1MJ3,binary,iclr_metareview,1.0,reviewertoo_metareviewer,0,1.0
iclr_metareview_ngOOlatCK6,binary,iclr_metareview,0.0,reviewertoo_metareviewer,0,1.0
iclr_metareview_ngwbYGykrW,binary,iclr_metareview,0.0,reviewertoo_metareviewer,0,1.0
iclr_metareview_ni3BIqhCzw,binary,iclr_metareview,0.0,reviewertoo_metareviewer,0,0.0
iclr_metareview_niUroX9EOd,binary,iclr_metareview,1.0,reviewertoo_metareviewer,0,0.0
iclr_metareview_njCHRX4b58,binary,iclr_metareview,0.0,reviewertoo_metareviewer,0,0.0
iclr_metareview_nkp4LdWDOr,binary,iclr_metareview,1.0,reviewertoo_metareviewer,0,0.0
iclr_metareview_nl6m20dzM6,binary,iclr_metareview,0.0,reviewertoo_metareviewer,0,0.0
iclr_metareview_nlJX6Hwyl0,binary,iclr_metareview,0.0,reviewertoo_metareviewer,0,0.0
iclr_metareview_nlgQsugmGw,binary,iclr_metareview,0.0,reviewertoo_metareviewer,0,0.0
iclr_metareview_nm7nOFm5Tl,binary,iclr_metareview,0.0,reviewertoo_metareviewer,0,0.0
iclr_metareview_noNpK9Vt8l,binary,iclr_metareview,0.0,reviewertoo_metareviewer,0,1.0
iclr_metareview_nqRQAGEOxP,binary,iclr_metareview,0.0,reviewertoo_metareviewer,0,1.0
iclr_metareview_nsUVWQiboS,binary,iclr_metareview,0.0,reviewertoo_metareviewer,0,0.0
iclr_metareview_nsqu9ug4Kp,binary,iclr_metareview,0.0,reviewertoo_metareviewer,0,1.0
iclr_metareview_ntkYaHqlAX,binary,iclr_metareview,0.0,reviewertoo_metareviewer,0,1.0
iclr_metareview_nukmGP904w,binary,iclr_metareview,0.0,reviewertoo_metareviewer,0,0.0
iclr_metareview_nvNSyX5uV6,binary,iclr_metareview,0.0,reviewertoo_metareviewer,0,0.0
iclr_metareview_nw0pePP5qd,binary,iclr_metareview,0.0,reviewertoo_metareviewer,0,0.0
iclr_metareview_nwVvzEvhfd,binary,iclr_metareview,0.0,reviewertoo_metareviewer,0,0.0
iclr_metareview_nxcevynv08,binary,iclr_metareview,1.0,reviewertoo_metareviewer,0,1.0
iclr_metareview_nxtIIt0dCF,binary,iclr_metareview,0.0,reviewertoo_metareviewer,0,0.0
iclr_metareview_nxzgr96uyV,binary,iclr_metareview,0.0,reviewertoo_metareviewer,0,1.0
iclr_metareview_nz4ZqbrBEi,binary,iclr_metareview,1.0,reviewertoo_metareviewer,0,1.0
iclr_metareview_nzodtGccEM,binary,iclr_metareview,1.0,reviewertoo_metareviewer,0,0.0
iclr_metareview_o04FuYtHiZ,binary,iclr_metareview,0.0,reviewertoo_metareviewer,0,1.0
iclr_metareview_o0KxK77INE,binary,iclr_metareview,0.0,reviewertoo_metareviewer,0,0.0
iclr_metareview_o0k034W6vx,binary,iclr_metareview,0.0,reviewertoo_metareviewer,0,1.0
iclr_metareview_o10i4HzZ0U,binary,iclr_metareview,0.0,reviewertoo_metareviewer,0,0.0
iclr_metareview_o1OEzcafwi,binary,iclr_metareview,0.0,reviewertoo_metareviewer,0,1.0
iclr_metareview_o6L4LbeTeQ,binary,iclr_metareview,0.0,reviewertoo_metareviewer,0,0.0
iclr_metareview_o6Msp3XZGz,binary,iclr_metareview,0.0,reviewertoo_metareviewer,0,1.0
iclr_metareview_o8kbAXPu7P,binary,iclr_metareview,1.0,reviewertoo_metareviewer,0,1.0
iclr_metareview_oB7TpUvmUt,binary,iclr_metareview,0.0,reviewertoo_metareviewer,0,1.0
iclr_metareview_oCkPzCR4f4,binary,iclr_metareview,0.0,reviewertoo_metareviewer,0,1.0
iclr_metareview_oEMJzGB5du,binary,iclr_metareview,0.0,reviewertoo_metareviewer,0,0.0
iclr_metareview_oEjqJEMMyi,binary,iclr_metareview,0.0,reviewertoo_metareviewer,0,0.0
iclr_metareview_oFC7fUsGje,binary,iclr_metareview,0.0,reviewertoo_metareviewer,0,1.0
iclr_metareview_oGZZVPunf2,binary,iclr_metareview,0.0,reviewertoo_metareviewer,0,0.0
iclr_metareview_oGbtnFrcLH,binary,iclr_metareview,0.0,reviewertoo_metareviewer,0,1.0
iclr_metareview_oIdzliJAeA,binary,iclr_metareview,1.0,reviewertoo_metareviewer,0,0.0
iclr_metareview_oIfTyGmks3,binary,iclr_metareview,0.0,reviewertoo_metareviewer,0,0.0
iclr_metareview_oIjxs733Kp,binary,iclr_metareview,0.0,reviewertoo_metareviewer,0,1.0
iclr_metareview_oJP8Geymcr,binary,iclr_metareview,0.0,reviewertoo_metareviewer,0,1.0
iclr_metareview_oKMomThD6n,binary,iclr_metareview,1.0,reviewertoo_metareviewer,0,1.0
iclr_metareview_oKmnyMNLGT,binary,iclr_metareview,0.0,reviewertoo_metareviewer,0,0.0
iclr_metareview_oKyDZabG0I,binary,iclr_metareview,0.0,reviewertoo_metareviewer,0,0.0
iclr_metareview_oMhnapQInD,binary,iclr_metareview,0.0,reviewertoo_metareviewer,0,1.0
iclr_metareview_oN7szRflpe,binary,iclr_metareview,0.0,reviewertoo_metareviewer,0,1.0
iclr_metareview_oODFyykHF5,binary,iclr_metareview,1.0,reviewertoo_metareviewer,0,1.0
iclr_metareview_oOSEF3TVb3,binary,iclr_metareview,0.0,reviewertoo_metareviewer,0,1.0
iclr_metareview_oOf83pSxUP,binary,iclr_metareview,0.0,reviewertoo_metareviewer,0,1.0
iclr_metareview_oOrd3XZaqg,binary,iclr_metareview,0.0,reviewertoo_metareviewer,0,0.0
iclr_metareview_oP99JQiDYp,binary,iclr_metareview,1.0,reviewertoo_metareviewer,0,1.0
iclr_metareview_oPMZQyHvfb,binary,iclr_metareview,0.0,reviewertoo_metareviewer,0,0.0
iclr_metareview_oRSo2XCibQ,binary,iclr_metareview,0.0,reviewertoo_metareviewer,0,1.0
iclr_metareview_oRVf9Uayf6,binary,iclr_metareview,0.0,reviewertoo_metareviewer,0,1.0
iclr_metareview_oRYzpI3cmJ,binary,iclr_metareview,1.0,reviewertoo_metareviewer,0,1.0
iclr_metareview_oSBHt98To6,binary,iclr_metareview,0.0,reviewertoo_metareviewer,0,1.0
iclr_metareview_oUBdqPNSiM,binary,iclr_metareview,0.0,reviewertoo_metareviewer,0,1.0
iclr_metareview_oWFtI0cNsE,binary,iclr_metareview,0.0,reviewertoo_metareviewer,0,0.0
iclr_metareview_oWKJursYpW,binary,iclr_metareview,1.0,reviewertoo_metareviewer,0,0.0
iclr_metareview_oXHwVlumXx,binary,iclr_metareview,0.0,reviewertoo_metareviewer,0,1.0
iclr_metareview_oXYZHg7HiZ,binary,iclr_metareview,0.0,reviewertoo_metareviewer,0,1.0
iclr_metareview_oXgxHVTqcm,binary,iclr_metareview,0.0,reviewertoo_metareviewer,0,1.0
iclr_metareview_oYuESHFzDj,binary,iclr_metareview,0.0,reviewertoo_metareviewer,0,1.0
iclr_metareview_oZ9f1pwXEM,binary,iclr_metareview,0.0,reviewertoo_metareviewer,0,1.0
iclr_metareview_oZJFY2BQt2,binary,iclr_metareview,1.0,reviewertoo_metareviewer,0,0.0
iclr_metareview_oa7L4vcJ77,binary,iclr_metareview,1.0,reviewertoo_metareviewer,0,1.0
iclr_metareview_oaKd1fVgWc,binary,iclr_metareview,0.0,reviewertoo_metareviewer,0,1.0
iclr_metareview_obapzpANpf,binary,iclr_metareview,0.0,reviewertoo_metareviewer,0,0.0
iclr_metareview_odmeUlWta8,binary,iclr_metareview,1.0,reviewertoo_metareviewer,0,1.0
iclr_metareview_oeQO4aEVDn,binary,iclr_metareview,0.0,reviewertoo_metareviewer,0,1.0
iclr_metareview_ofgxkMLqic,binary,iclr_metareview,1.0,reviewertoo_metareviewer,0,1.0
iclr_metareview_ogMTEtHO6M,binary,iclr_metareview,1.0,reviewertoo_metareviewer,0,1.0
iclr_metareview_ogMxCjdCCq,binary,iclr_metareview,1.0,reviewertoo_metareviewer,0,1.0
iclr_metareview_oj0OhhqAGN,binary,iclr_metareview,0.0,reviewertoo_metareviewer,0,1.0
iclr_metareview_oj6A9hrNdL,binary,iclr_metareview,0.0,reviewertoo_metareviewer,0,0.0
iclr_metareview_ojeBrAwJLj,binary,iclr_metareview,0.0,reviewertoo_metareviewer,0,1.0
iclr_metareview_ojvo3uYVjM,binary,iclr_metareview,0.0,reviewertoo_metareviewer,0,0.0
iclr_metareview_okFtlQxTLJ,binary,iclr_metareview,0.0,reviewertoo_metareviewer,0,0.0
iclr_metareview_okjogxO1Fu,binary,iclr_metareview,1.0,reviewertoo_metareviewer,0,1.0
iclr_metareview_on6cb46OhD,binary,iclr_metareview,1.0,reviewertoo_metareviewer,0,1.0
iclr_metareview_on9jR4Dx2L,binary,iclr_metareview,0.0,reviewertoo_metareviewer,0,0.0
iclr_metareview_ooROvpmxMV,binary,iclr_metareview,1.0,reviewertoo_metareviewer,0,0.0
iclr_metareview_ooyex91L7X,binary,iclr_metareview,0.0,reviewertoo_metareviewer,0,1.0
iclr_metareview_op8GfkUMYI,binary,iclr_metareview,0.0,reviewertoo_metareviewer,0,1.0
iclr_metareview_opG4m2U0Oo,binary,iclr_metareview,1.0,reviewertoo_metareviewer,0,1.0
iclr_metareview_opU91paIvZ,binary,iclr_metareview,0.0,reviewertoo_metareviewer,0,0.0
iclr_metareview_orO5727bSh,binary,iclr_metareview,1.0,reviewertoo_metareviewer,0,1.0
iclr_metareview_osnAy1yTHu,binary,iclr_metareview,0.0,reviewertoo_metareviewer,0,0.0
iclr_metareview_osnZzbnIWY,binary,iclr_metareview,0.0,reviewertoo_metareviewer,0,0.0
iclr_metareview_ovJBVWMEwi,binary,iclr_metareview,0.0,reviewertoo_metareviewer,0,0.0
iclr_metareview_ovaI8QU0gS,binary,iclr_metareview,0.0,reviewertoo_metareviewer,0,0.0
iclr_metareview_owpU8gxnkM,binary,iclr_metareview,0.0,reviewertoo_metareviewer,0,0.0
iclr_metareview_oy4fc9h9oT,binary,iclr_metareview,0.0,reviewertoo_metareviewer,0,1.0
iclr_metareview_oysNtFbrBO,binary,iclr_metareview,0.0,reviewertoo_metareviewer,0,0.0
iclr_metareview_p0gxvlUoZM,binary,iclr_metareview,0.0,reviewertoo_metareviewer,0,1.0
iclr_metareview_p17En1bhCY,binary,iclr_metareview,0.0,reviewertoo_metareviewer,0,0.0
iclr_metareview_p2rmqkkrOn,binary,iclr_metareview,0.0,reviewertoo_metareviewer,0,1.0
iclr_metareview_p3dHX9eG1a,binary,iclr_metareview,0.0,reviewertoo_metareviewer,0,0.0
iclr_metareview_p6665QoG4B,binary,iclr_metareview,0.0,reviewertoo_metareviewer,0,0.0
iclr_metareview_p66qXIp5jv,binary,iclr_metareview,1.0,reviewertoo_metareviewer,0,0.0
iclr_metareview_p6Ek7Qg577,binary,iclr_metareview,1.0,reviewertoo_metareviewer,0,1.0
iclr_metareview_p7YBRutxdS,binary,iclr_metareview,0.0,reviewertoo_metareviewer,0,1.0
iclr_metareview_p7wDMVUJ0b,binary,iclr_metareview,0.0,reviewertoo_metareviewer,0,0.0
iclr_metareview_p8sBNCqQUY,binary,iclr_metareview,0.0,reviewertoo_metareviewer,0,1.0
iclr_metareview_p9azaewKgh,binary,iclr_metareview,0.0,reviewertoo_metareviewer,0,0.0
iclr_metareview_pAIB6Odtsu,binary,iclr_metareview,0.0,reviewertoo_metareviewer,0,1.0
iclr_metareview_pAeEzS4LwS,binary,iclr_metareview,0.0,reviewertoo_metareviewer,0,1.0
iclr_metareview_pBySAuS5H5,binary,iclr_metareview,0.0,reviewertoo_metareviewer,0,0.0
iclr_metareview_pD2xQxYMhE,binary,iclr_metareview,0.0,reviewertoo_metareviewer,0,0.0
iclr_metareview_pFTfTJitMb,binary,iclr_metareview,0.0,reviewertoo_metareviewer,0,0.0
iclr_metareview_pHCetk0F8m,binary,iclr_metareview,0.0,reviewertoo_metareviewer,0,1.0
iclr_metareview_pHscguBJS7,binary,iclr_metareview,0.0,reviewertoo_metareviewer,0,0.0
iclr_metareview_pHyMt2zWFY,binary,iclr_metareview,0.0,reviewertoo_metareviewer,0,1.0
iclr_metareview_pI9n8wAR80,binary,iclr_metareview,1.0,reviewertoo_metareviewer,0,1.0
iclr_metareview_pIyADlhQsp,binary,iclr_metareview,0.0,reviewertoo_metareviewer,0,1.0
iclr_metareview_pJgSBfExDn,binary,iclr_metareview,0.0,reviewertoo_metareviewer,0,1.0
iclr_metareview_pKKtSi88fH,binary,iclr_metareview,0.0,reviewertoo_metareviewer,0,1.0
iclr_metareview_pKTNBrnwpF,binary,iclr_metareview,0.0,reviewertoo_metareviewer,0,1.0
iclr_metareview_pKqt8psClA,binary,iclr_metareview,0.0,reviewertoo_metareviewer,0,0.0
iclr_metareview_pLvGIKeZtJ,binary,iclr_metareview,0.0,reviewertoo_metareviewer,0,0.0
iclr_metareview_pN261iTKvr,binary,iclr_metareview,1.0,reviewertoo_metareviewer,0,1.0
iclr_metareview_pNpnqsn0Si,binary,iclr_metareview,0.0,reviewertoo_metareviewer,0,0.0
iclr_metareview_pNvm002gkE,binary,iclr_metareview,0.0,reviewertoo_metareviewer,0,0.0
iclr_metareview_pNwCWIBHBC,binary,iclr_metareview,1.0,reviewertoo_metareviewer,0,1.0
iclr_metareview_pNzgwJqLg1,binary,iclr_metareview,0.0,reviewertoo_metareviewer,0,1.0
iclr_metareview_pObX7pIjF1,binary,iclr_metareview,0.0,reviewertoo_metareviewer,0,0.0
iclr_metareview_pP8XVJX3cI,binary,iclr_metareview,1.0,reviewertoo_metareviewer,0,0.0
iclr_metareview_pPwfDyVHSQ,binary,iclr_metareview,0.0,reviewertoo_metareviewer,0,1.0
iclr_metareview_pQ99fITIlF,binary,iclr_metareview,0.0,reviewertoo_metareviewer,0,0.0
iclr_metareview_pS9jc2zxQz,binary,iclr_metareview,0.0,reviewertoo_metareviewer,0,1.0
iclr_metareview_pVVDN6dgLv,binary,iclr_metareview,0.0,reviewertoo_metareviewer,0,0.0
iclr_metareview_pW7ORPqwzG,binary,iclr_metareview,0.0,reviewertoo_metareviewer,0,1.0
iclr_metareview_pWi3tvhhmx,binary,iclr_metareview,0.0,reviewertoo_metareviewer,0,1.0
iclr_metareview_pX6B28ynNh,binary,iclr_metareview,1.0,reviewertoo_metareviewer,0,0.0
iclr_metareview_pXYwksqDyE,binary,iclr_metareview,0.0,reviewertoo_metareviewer,0,0.0
iclr_metareview_pZFYu2U1pt,binary,iclr_metareview,0.0,reviewertoo_metareviewer,0,0.0
iclr_metareview_pZQpoxvqdS,binary,iclr_metareview,0.0,reviewertoo_metareviewer,0,1.0
iclr_metareview_pZfkXlyTK8,binary,iclr_metareview,0.0,reviewertoo_metareviewer,0,1.0
iclr_metareview_pZj2DhfaVD,binary,iclr_metareview,1.0,reviewertoo_metareviewer,0,1.0
iclr_metareview_pcmgEGVaZH,binary,iclr_metareview,1.0,reviewertoo_metareviewer,0,1.0
iclr_metareview_pcqyhDvG0i,binary,iclr_metareview,0.0,reviewertoo_metareviewer,0,0.0
iclr_metareview_pdEUDwGn7h,binary,iclr_metareview,0.0,reviewertoo_metareviewer,0,1.0
iclr_metareview_pdxJXBtLDT,binary,iclr_metareview,0.0,reviewertoo_metareviewer,0,0.0
iclr_metareview_pe3Fx0awUx,binary,iclr_metareview,0.0,reviewertoo_metareviewer,0,0.0
iclr_metareview_pglOZvHNVR,binary,iclr_metareview,0.0,reviewertoo_metareviewer,0,1.0
iclr_metareview_phXKOiXC4x,binary,iclr_metareview,0.0,reviewertoo_metareviewer,0,1.0
iclr_metareview_ppQWp8yrm7,binary,iclr_metareview,1.0,reviewertoo_metareviewer,0,0.0
iclr_metareview_ppiyUHtAMQ,binary,iclr_metareview,0.0,reviewertoo_metareviewer,0,0.0
iclr_metareview_psmrKQ5lJe,binary,iclr_metareview,1.0,reviewertoo_metareviewer,0,1.0
iclr_metareview_ptFP9yT9DK,binary,iclr_metareview,1.0,reviewertoo_metareviewer,0,0.0
iclr_metareview_ptGmMFGWmk,binary,iclr_metareview,1.0,reviewertoo_metareviewer,0,1.0
iclr_metareview_pwBxnCcptN,binary,iclr_metareview,0.0,reviewertoo_metareviewer,0,1.0
iclr_metareview_py2NPbAdvH,binary,iclr_metareview,1.0,reviewertoo_metareviewer,0,1.0
iclr_metareview_pym3JRajmW,binary,iclr_metareview,0.0,reviewertoo_metareviewer,0,1.0
iclr_metareview_pz3WCd3HtG,binary,iclr_metareview,0.0,reviewertoo_metareviewer,0,1.0
iclr_metareview_q0TTxW6vEe,binary,iclr_metareview,0.0,reviewertoo_metareviewer,0,0.0
iclr_metareview_q1TpQ6guwX,binary,iclr_metareview,0.0,reviewertoo_metareviewer,0,1.0
iclr_metareview_q5TSIEE7WM,binary,iclr_metareview,0.0,reviewertoo_metareviewer,0,1.0
iclr_metareview_q5ePtZc9N7,binary,iclr_metareview,1.0,reviewertoo_metareviewer,0,1.0
iclr_metareview_q62POvqTLb,binary,iclr_metareview,0.0,reviewertoo_metareviewer,0,1.0
iclr_metareview_q7Nhu2Fw11,binary,iclr_metareview,0.0,reviewertoo_metareviewer,0,0.0
iclr_metareview_qBORZkk28r,binary,iclr_metareview,1.0,reviewertoo_metareviewer,0,1.0
iclr_metareview_qGhFl1SiPX,binary,iclr_metareview,0.0,reviewertoo_metareviewer,0,1.0
iclr_metareview_qJn4HtTzhH,binary,iclr_metareview,1.0,reviewertoo_metareviewer,0,1.0
iclr_metareview_qJsShqQgWw,binary,iclr_metareview,1.0,reviewertoo_metareviewer,0,0.0
iclr_metareview_qN6PvwwgJA,binary,iclr_metareview,0.0,reviewertoo_metareviewer,0,1.0
iclr_metareview_qP7ryQmenw,binary,iclr_metareview,0.0,reviewertoo_metareviewer,0,1.0
iclr_metareview_qQzY7SLpEV,binary,iclr_metareview,0.0,reviewertoo_metareviewer,0,0.0
iclr_metareview_qUo6yqYNHQ,binary,iclr_metareview,0.0,reviewertoo_metareviewer,0,0.0
iclr_metareview_qVFbnfVmuu,binary,iclr_metareview,1.0,reviewertoo_metareviewer,0,0.0
iclr_metareview_qVMYlK6Joc,binary,iclr_metareview,0.0,reviewertoo_metareviewer,0,1.0
iclr_metareview_qW05yhm3Zo,binary,iclr_metareview,1.0,reviewertoo_metareviewer,0,1.0
iclr_metareview_qW0hWsQOxD,binary,iclr_metareview,0.0,reviewertoo_metareviewer,0,1.0
iclr_metareview_qXYAVXiOcr,binary,iclr_metareview,0.0,reviewertoo_metareviewer,0,1.0
iclr_metareview_qYcZVezPW7,binary,iclr_metareview,1.0,reviewertoo_metareviewer,0,1.0
iclr_metareview_qYu4wj7O3z,binary,iclr_metareview,1.0,reviewertoo_metareviewer,0,1.0
iclr_metareview_qcFbW8bstj,binary,iclr_metareview,0.0,reviewertoo_metareviewer,0,0.0
iclr_metareview_qccGDaGCtz,binary,iclr_metareview,0.0,reviewertoo_metareviewer,0,1.0
iclr_metareview_qdNHwMInri,binary,iclr_metareview,0.0,reviewertoo_metareviewer,0,1.0
iclr_metareview_qeziG97WUZ,binary,iclr_metareview,1.0,reviewertoo_metareviewer,0,1.0
iclr_metareview_qfeSpu5FBE,binary,iclr_metareview,0.0,reviewertoo_metareviewer,0,0.0
iclr_metareview_qgMvotqkXd,binary,iclr_metareview,0.0,reviewertoo_metareviewer,0,0.0
iclr_metareview_qgyDao3n8E,binary,iclr_metareview,0.0,reviewertoo_metareviewer,0,1.0
iclr_metareview_qioDi3afqm,binary,iclr_metareview,0.0,reviewertoo_metareviewer,0,0.0
iclr_metareview_qirGds1BmK,binary,iclr_metareview,1.0,reviewertoo_metareviewer,0,1.0
iclr_metareview_qiyZOtsTe0,binary,iclr_metareview,0.0,reviewertoo_metareviewer,0,0.0
iclr_metareview_qj1EL0oT1n,binary,iclr_metareview,0.0,reviewertoo_metareviewer,0,1.0
iclr_metareview_qjIq4JWFVs,binary,iclr_metareview,0.0,reviewertoo_metareviewer,0,1.0
iclr_metareview_qjvaOmg4f6,binary,iclr_metareview,0.0,reviewertoo_metareviewer,0,0.0
iclr_metareview_qkWP6phrvZ,binary,iclr_metareview,1.0,reviewertoo_metareviewer,0,1.0
iclr_metareview_qlw6nC3BqP,binary,iclr_metareview,0.0,reviewertoo_metareviewer,0,0.0
iclr_metareview_qpHDnFUsJo,binary,iclr_metareview,0.0,reviewertoo_metareviewer,0,0.0
iclr_metareview_qqwx1hGwSE,binary,iclr_metareview,0.0,reviewertoo_metareviewer,0,1.0
iclr_metareview_qr2ADtjaGp,binary,iclr_metareview,0.0,reviewertoo_metareviewer,0,0.0
iclr_metareview_qraf0Pp4IP,binary,iclr_metareview,0.0,reviewertoo_metareviewer,0,0.0
iclr_metareview_qsLpaAhvzb,binary,iclr_metareview,0.0,reviewertoo_metareviewer,0,1.0
iclr_metareview_qtjLwGTvGR,binary,iclr_metareview,0.0,reviewertoo_metareviewer,0,0.0
iclr_metareview_qum7m6TmLL,binary,iclr_metareview,0.0,reviewertoo_metareviewer,0,1.0
iclr_metareview_qvqtSIhhFt,binary,iclr_metareview,0.0,reviewertoo_metareviewer,0,1.0
iclr_metareview_qwxSBnEPEc,binary,iclr_metareview,0.0,reviewertoo_metareviewer,0,1.0
iclr_metareview_qxDTe8fIyA,binary,iclr_metareview,1.0,reviewertoo_metareviewer,0,1.0
iclr_metareview_qyVzZsrsnS,binary,iclr_metareview,1.0,reviewertoo_metareviewer,0,0.0
iclr_metareview_qyjaVda7t2,binary,iclr_metareview,1.0,reviewertoo_metareviewer,0,1.0
iclr_metareview_qz3BkyyHWJ,binary,iclr_metareview,1.0,reviewertoo_metareviewer,0,1.0
iclr_metareview_qz7g2MC32U,binary,iclr_metareview,0.0,reviewertoo_metareviewer,0,0.0
iclr_metareview_r0RGJ1j9on,binary,iclr_metareview,1.0,reviewertoo_metareviewer,0,0.0
iclr_metareview_r0eVHZcEDs,binary,iclr_metareview,0.0,reviewertoo_metareviewer,0,1.0
iclr_metareview_r35clVtGzw,binary,iclr_metareview,1.0,reviewertoo_metareviewer,0,1.0
iclr_metareview_r4FVyCSeXN,binary,iclr_metareview,0.0,reviewertoo_metareviewer,0,1.0
iclr_metareview_r5I3AnVAjE,binary,iclr_metareview,0.0,reviewertoo_metareviewer,0,0.0
iclr_metareview_r5YbXV5jtS,binary,iclr_metareview,0.0,reviewertoo_metareviewer,0,0.0
iclr_metareview_r7VOtKbGH3,binary,iclr_metareview,0.0,reviewertoo_metareviewer,0,0.0
iclr_metareview_r9Uw9kKjUy,binary,iclr_metareview,0.0,reviewertoo_metareviewer,0,0.0
iclr_metareview_rArZ9eXuA7,binary,iclr_metareview,0.0,reviewertoo_metareviewer,0,0.0
iclr_metareview_rBdGw9PDiD,binary,iclr_metareview,0.0,reviewertoo_metareviewer,0,1.0
iclr_metareview_rBqp3TtEHY,binary,iclr_metareview,0.0,reviewertoo_metareviewer,0,0.0
iclr_metareview_rD6nZS86c2,binary,iclr_metareview,0.0,reviewertoo_metareviewer,0,1.0
iclr_metareview_rE1ggCutRz,binary,iclr_metareview,0.0,reviewertoo_metareviewer,0,0.0
iclr_metareview_rEEV4Bfjxn,binary,iclr_metareview,0.0,reviewertoo_metareviewer,0,0.0
iclr_metareview_rEqTcxRU2s,binary,iclr_metareview,0.0,reviewertoo_metareviewer,0,1.0
iclr_metareview_rFAQRmjVMf,binary,iclr_metareview,0.0,reviewertoo_metareviewer,0,1.0
iclr_metareview_rG3rXSdzl1,binary,iclr_metareview,0.0,reviewertoo_metareviewer,0,1.0
iclr_metareview_rGnzZe10fq,binary,iclr_metareview,0.0,reviewertoo_metareviewer,0,0.0
iclr_metareview_rGoJxYibgj,binary,iclr_metareview,1.0,reviewertoo_metareviewer,0,1.0
iclr_metareview_rIIpKdKzkC,binary,iclr_metareview,0.0,reviewertoo_metareviewer,0,1.0
iclr_metareview_rIv5ftmR3v,binary,iclr_metareview,0.0,reviewertoo_metareviewer,0,1.0
iclr_metareview_rJGNGwQCeV,binary,iclr_metareview,0.0,reviewertoo_metareviewer,0,1.0
iclr_metareview_rLyEQeolUO,binary,iclr_metareview,0.0,reviewertoo_metareviewer,0,1.0
iclr_metareview_rNNSuV4ZP9,binary,iclr_metareview,0.0,reviewertoo_metareviewer,0,0.0
iclr_metareview_rNl8XiSHiJ,binary,iclr_metareview,1.0,reviewertoo_metareviewer,0,0.0
iclr_metareview_rPVEIAJ0cC,binary,iclr_metareview,0.0,reviewertoo_metareviewer,0,1.0
iclr_metareview_rPrNaDJrLx,binary,iclr_metareview,1.0,reviewertoo_metareviewer,0,1.0
iclr_metareview_rR0MyCGoyU,binary,iclr_metareview,0.0,reviewertoo_metareviewer,0,1.0
iclr_metareview_rR0NJ0AUKZ,binary,iclr_metareview,0.0,reviewertoo_metareviewer,0,1.0
iclr_metareview_rRB1bYErbL,binary,iclr_metareview,1.0,reviewertoo_metareviewer,0,0.0
iclr_metareview_rSSJV3Dt8P,binary,iclr_metareview,0.0,reviewertoo_metareviewer,0,1.0
iclr_metareview_rSTE827Y1p,binary,iclr_metareview,0.0,reviewertoo_metareviewer,0,1.0
iclr_metareview_rSetFgvtfH,binary,iclr_metareview,0.0,reviewertoo_metareviewer,0,1.0
iclr_metareview_rSv6zRyfQf,binary,iclr_metareview,0.0,reviewertoo_metareviewer,0,0.0
iclr_metareview_rUjjlGBwLb,binary,iclr_metareview,0.0,reviewertoo_metareviewer,0,1.0
iclr_metareview_rXai4fyJbE,binary,iclr_metareview,0.0,reviewertoo_metareviewer,0,1.0
iclr_metareview_rXpTZyucal,binary,iclr_metareview,1.0,reviewertoo_metareviewer,0,0.0
iclr_metareview_raJNosW0o3,binary,iclr_metareview,0.0,reviewertoo_metareviewer,0,1.0
iclr_metareview_rb5eTktqbc,binary,iclr_metareview,1.0,reviewertoo_metareviewer,0,1.0
iclr_metareview_rbJWsCoGm4,binary,iclr_metareview,0.0,reviewertoo_metareviewer,0,1.0
iclr_metareview_rbNOhbdQ0v,binary,iclr_metareview,0.0,reviewertoo_metareviewer,0,1.0
iclr_metareview_rbl8fHjLuF,binary,iclr_metareview,0.0,reviewertoo_metareviewer,0,0.0
iclr_metareview_rc6LgDMlPW,binary,iclr_metareview,0.0,reviewertoo_metareviewer,0,1.0
iclr_metareview_rcb20pHmT1,binary,iclr_metareview,1.0,reviewertoo_metareviewer,0,1.0
iclr_metareview_rcsZNV9A5j,binary,iclr_metareview,0.0,reviewertoo_metareviewer,0,1.0
iclr_metareview_rdE9qxGfIv,binary,iclr_metareview,1.0,reviewertoo_metareviewer,0,0.0
iclr_metareview_rdKL5Uxyim,binary,iclr_metareview,1.0,reviewertoo_metareviewer,0,1.0
iclr_metareview_rdmiNHjYMq,binary,iclr_metareview,0.0,reviewertoo_metareviewer,0,0.0
iclr_metareview_reLSTmQg5G,binary,iclr_metareview,0.0,reviewertoo_metareviewer,0,0.0
iclr_metareview_reOA4r0FGL,binary,iclr_metareview,0.0,reviewertoo_metareviewer,0,0.0
iclr_metareview_rhD7ZuFAjU,binary,iclr_metareview,1.0,reviewertoo_metareviewer,0,1.0
iclr_metareview_rl2dPJEk8b,binary,iclr_metareview,1.0,reviewertoo_metareviewer,0,0.0
iclr_metareview_rlZeILv3fm,binary,iclr_metareview,1.0,reviewertoo_metareviewer,0,1.0
iclr_metareview_rpcnvW33EG,binary,iclr_metareview,1.0,reviewertoo_metareviewer,0,1.0
iclr_metareview_rpfJ21NUiu,binary,iclr_metareview,0.0,reviewertoo_metareviewer,0,1.0
iclr_metareview_rpiM6ail99,binary,iclr_metareview,0.0,reviewertoo_metareviewer,0,0.0
iclr_metareview_rrD1U0Izt5,binary,iclr_metareview,1.0,reviewertoo_metareviewer,0,1.0
iclr_metareview_rsfugpdMko,binary,iclr_metareview,0.0,reviewertoo_metareviewer,0,0.0
iclr_metareview_rssPS1bagp,binary,iclr_metareview,0.0,reviewertoo_metareviewer,0,1.0
iclr_metareview_rtcX9qOBaz,binary,iclr_metareview,1.0,reviewertoo_metareviewer,0,0.0
iclr_metareview_ruWfr6DJeE,binary,iclr_metareview,0.0,reviewertoo_metareviewer,0,1.0
iclr_metareview_rwmUsy4ClE,binary,iclr_metareview,0.0,reviewertoo_metareviewer,0,0.0
iclr_metareview_rwo7bVlnzo,binary,iclr_metareview,1.0,reviewertoo_metareviewer,0,1.0
iclr_metareview_rxZdaKhu2I,binary,iclr_metareview,1.0,reviewertoo_metareviewer,0,1.0
iclr_metareview_rxcbZb7fVC,binary,iclr_metareview,0.0,reviewertoo_metareviewer,0,0.0
iclr_metareview_rxwwncarWj,binary,iclr_metareview,1.0,reviewertoo_metareviewer,0,0.0
iclr_metareview_ry0pzTX87l,binary,iclr_metareview,0.0,reviewertoo_metareviewer,0,0.0
iclr_metareview_ryc6WtvwDQ,binary,iclr_metareview,0.0,reviewertoo_metareviewer,0,0.0
iclr_metareview_s00SNXREV6,binary,iclr_metareview,1.0,reviewertoo_metareviewer,0,0.0
iclr_metareview_s0zLtkY7iu,binary,iclr_metareview,1.0,reviewertoo_metareviewer,0,0.0
iclr_metareview_s1ea8y8VUL,binary,iclr_metareview,1.0,reviewertoo_metareviewer,0,1.0
iclr_metareview_s3Fqy0BeVY,binary,iclr_metareview,0.0,reviewertoo_metareviewer,0,1.0
iclr_metareview_s4jpvJv6I8,binary,iclr_metareview,0.0,reviewertoo_metareviewer,0,1.0
iclr_metareview_s5bYgQwUJo,binary,iclr_metareview,0.0,reviewertoo_metareviewer,0,1.0
iclr_metareview_s7oURFZTQD,binary,iclr_metareview,0.0,reviewertoo_metareviewer,0,0.0
iclr_metareview_s9ZvRk1pUX,binary,iclr_metareview,0.0,reviewertoo_metareviewer,0,1.0
iclr_metareview_s9cqFuiD2v,binary,iclr_metareview,0.0,reviewertoo_metareviewer,0,0.0
iclr_metareview_s9t2FJVsBH,binary,iclr_metareview,1.0,reviewertoo_metareviewer,0,0.0
iclr_metareview_sC6A1bFDUt,binary,iclr_metareview,1.0,reviewertoo_metareviewer,0,1.0
iclr_metareview_sDlIWuHaRt,binary,iclr_metareview,0.0,reviewertoo_metareviewer,0,1.0
iclr_metareview_sEdGLzgf6s,binary,iclr_metareview,1.0,reviewertoo_metareviewer,0,1.0
iclr_metareview_sFO9d6XSlf,binary,iclr_metareview,1.0,reviewertoo_metareviewer,0,0.0
iclr_metareview_sGURqRcPx7,binary,iclr_metareview,0.0,reviewertoo_metareviewer,0,0.0
iclr_metareview_sHOpjCILyz,binary,iclr_metareview,0.0,reviewertoo_metareviewer,0,0.0
iclr_metareview_sIBwirjYlY,binary,iclr_metareview,1.0,reviewertoo_metareviewer,0,0.0
iclr_metareview_sJHf6crz89,binary,iclr_metareview,0.0,reviewertoo_metareviewer,0,0.0
iclr_metareview_sJI2JCggyD,binary,iclr_metareview,0.0,reviewertoo_metareviewer,0,1.0
iclr_metareview_sJxBWDc8SM,binary,iclr_metareview,0.0,reviewertoo_metareviewer,0,1.0
iclr_metareview_sKMgGQQy7g,binary,iclr_metareview,1.0,reviewertoo_metareviewer,0,1.0
iclr_metareview_sLkis6UGKk,binary,iclr_metareview,0.0,reviewertoo_metareviewer,0,0.0
iclr_metareview_sMvDwYNSa4,binary,iclr_metareview,0.0,reviewertoo_metareviewer,0,1.0
iclr_metareview_sPRK6XefjY,binary,iclr_metareview,1.0,reviewertoo_metareviewer,0,1.0
iclr_metareview_sR0rrWg1vl,binary,iclr_metareview,0.0,reviewertoo_metareviewer,0,0.0
iclr_metareview_sRDCzh6gVw,binary,iclr_metareview,0.0,reviewertoo_metareviewer,0,0.0
iclr_metareview_sTkJdbVxsI,binary,iclr_metareview,1.0,reviewertoo_metareviewer,0,0.0
iclr_metareview_sTwMHXReLc,binary,iclr_metareview,1.0,reviewertoo_metareviewer,0,0.0
iclr_metareview_sUEdpZCHdp,binary,iclr_metareview,1.0,reviewertoo_metareviewer,0,0.0
iclr_metareview_sV2qR9QIEo,binary,iclr_metareview,0.0,reviewertoo_metareviewer,0,0.0
iclr_metareview_sW7yGAAnGq,binary,iclr_metareview,0.0,reviewertoo_metareviewer,0,0.0
iclr_metareview_sZ3tjtN8AW,binary,iclr_metareview,0.0,reviewertoo_metareviewer,0,0.0
iclr_metareview_sZs6MS9yv0,binary,iclr_metareview,0.0,reviewertoo_metareviewer,0,0.0
iclr_metareview_sa1a53cE6E,binary,iclr_metareview,0.0,reviewertoo_metareviewer,0,1.0
iclr_metareview_scgtQSpROE,binary,iclr_metareview,1.0,reviewertoo_metareviewer,0,1.0
iclr_metareview_sdbvTqONk4,binary,iclr_metareview,0.0,reviewertoo_metareviewer,0,1.0
iclr_metareview_seM2ixNp6W,binary,iclr_metareview,0.0,reviewertoo_metareviewer,0,1.0
iclr_metareview_setRMvmjDt,binary,iclr_metareview,0.0,reviewertoo_metareviewer,0,0.0
iclr_metareview_seyWxIzcAn,binary,iclr_metareview,0.0,reviewertoo_metareviewer,0,1.0
iclr_metareview_sieYp1CpYk,binary,iclr_metareview,0.0,reviewertoo_metareviewer,0,1.0
iclr_metareview_sj9jmrBjMf,binary,iclr_metareview,0.0,reviewertoo_metareviewer,0,0.0
iclr_metareview_sjxx6ZuQh9,binary,iclr_metareview,0.0,reviewertoo_metareviewer,0,0.0
iclr_metareview_slNz3N216N,binary,iclr_metareview,0.0,reviewertoo_metareviewer,0,0.0
iclr_metareview_snbY9Uj0Gx,binary,iclr_metareview,0.0,reviewertoo_metareviewer,0,0.0
iclr_metareview_sncc2E4jSy,binary,iclr_metareview,0.0,reviewertoo_metareviewer,0,1.0
iclr_metareview_soE7uW7HMq,binary,iclr_metareview,0.0,reviewertoo_metareviewer,0,1.0
iclr_metareview_soeWR3TyfK,binary,iclr_metareview,0.0,reviewertoo_metareviewer,0,0.0
iclr_metareview_sokbAEcsJM,binary,iclr_metareview,0.0,reviewertoo_metareviewer,0,0.0
iclr_metareview_sokvfawAYu,binary,iclr_metareview,0.0,reviewertoo_metareviewer,0,0.0
iclr_metareview_sq6Lc4v80W,binary,iclr_metareview,0.0,reviewertoo_metareviewer,0,0.0
iclr_metareview_st1hrLTP14,binary,iclr_metareview,1.0,reviewertoo_metareviewer,0,0.0
iclr_metareview_suB4wYViDt,binary,iclr_metareview,1.0,reviewertoo_metareviewer,0,0.0
iclr_metareview_svxlmwLGEc,binary,iclr_metareview,0.0,reviewertoo_metareviewer,0,1.0
iclr_metareview_swMl2frgUM,binary,iclr_metareview,0.0,reviewertoo_metareviewer,0,0.0
iclr_metareview_sx5gHfjnFQ,binary,iclr_metareview,0.0,reviewertoo_metareviewer,0,1.0
iclr_metareview_sy3xeNQ5qU,binary,iclr_metareview,0.0,reviewertoo_metareviewer,0,0.0
iclr_metareview_t11DNWQatJ,binary,iclr_metareview,0.0,reviewertoo_metareviewer,0,1.0
iclr_metareview_t1vMYl1yhe,binary,iclr_metareview,1.0,reviewertoo_metareviewer,0,1.0
iclr_metareview_t33kMzEAg8,binary,iclr_metareview,1.0,reviewertoo_metareviewer,0,0.0
iclr_metareview_t38nZqqi3Z,binary,iclr_metareview,1.0,reviewertoo_metareviewer,0,1.0
iclr_metareview_t3ZMiHhqXm,binary,iclr_metareview,1.0,reviewertoo_metareviewer,0,1.0
iclr_metareview_t59aU6sg1u,binary,iclr_metareview,0.0,reviewertoo_metareviewer,0,1.0
iclr_metareview_t5BFYQLCby,binary,iclr_metareview,0.0,reviewertoo_metareviewer,0,1.0
iclr_metareview_t5GUEuIsxR,binary,iclr_metareview,1.0,reviewertoo_metareviewer,0,1.0
iclr_metareview_t5sOF2WmY5,binary,iclr_metareview,0.0,reviewertoo_metareviewer,0,0.0
iclr_metareview_t5uLZSRjhF,binary,iclr_metareview,1.0,reviewertoo_metareviewer,0,0.0
iclr_metareview_t6xiPRvynD,binary,iclr_metareview,1.0,reviewertoo_metareviewer,0,1.0
iclr_metareview_t7wIerUT2E,binary,iclr_metareview,1.0,reviewertoo_metareviewer,0,1.0
iclr_metareview_t85Ni0LwjC,binary,iclr_metareview,0.0,reviewertoo_metareviewer,0,1.0
iclr_metareview_t8d39X78vR,binary,iclr_metareview,0.0,reviewertoo_metareviewer,0,0.0
iclr_metareview_t9WaqL1V1u,binary,iclr_metareview,0.0,reviewertoo_metareviewer,0,1.0
iclr_metareview_t9Wx3W2B0x,binary,iclr_metareview,0.0,reviewertoo_metareviewer,0,0.0
iclr_metareview_t9cOXsdpKg,binary,iclr_metareview,0.0,reviewertoo_metareviewer,0,1.0
iclr_metareview_tAHDPnuYr5,binary,iclr_metareview,0.0,reviewertoo_metareviewer,0,1.0
iclr_metareview_tAJiFOx8YF,binary,iclr_metareview,0.0,reviewertoo_metareviewer,0,0.0
iclr_metareview_tCv1D3M7Lb,binary,iclr_metareview,1.0,reviewertoo_metareviewer,0,1.0
iclr_metareview_tD4kTBNE20,binary,iclr_metareview,0.0,reviewertoo_metareviewer,0,0.0
iclr_metareview_tEN1M2YZfI,binary,iclr_metareview,0.0,reviewertoo_metareviewer,0,0.0
iclr_metareview_tG6301ORHd,binary,iclr_metareview,1.0,reviewertoo_metareviewer,0,0.0
iclr_metareview_tIVCfVnIHo,binary,iclr_metareview,1.0,reviewertoo_metareviewer,0,1.0
iclr_metareview_tJgVC9UyeW,binary,iclr_metareview,0.0,reviewertoo_metareviewer,0,1.0
iclr_metareview_tKz0XEaZXw,binary,iclr_metareview,0.0,reviewertoo_metareviewer,0,0.0
iclr_metareview_tNWZVoVPzZ,binary,iclr_metareview,1.0,reviewertoo_metareviewer,0,0.0
iclr_metareview_tNsrshOGDa,binary,iclr_metareview,0.0,reviewertoo_metareviewer,0,1.0
iclr_metareview_tOxPaWiA18,binary,iclr_metareview,0.0,reviewertoo_metareviewer,0,1.0
iclr_metareview_tPHwl3iUlG,binary,iclr_metareview,0.0,reviewertoo_metareviewer,0,0.0
iclr_metareview_tSRJ28Gisv,binary,iclr_metareview,0.0,reviewertoo_metareviewer,0,1.0
iclr_metareview_tSy7OtONsg,binary,iclr_metareview,1.0,reviewertoo_metareviewer,0,0.0
iclr_metareview_tWa7Xhtwk0,binary,iclr_metareview,0.0,reviewertoo_metareviewer,0,0.0
iclr_metareview_tX0cSOvBnS,binary,iclr_metareview,1.0,reviewertoo_metareviewer,0,1.0
iclr_metareview_tX24AtTHyg,binary,iclr_metareview,0.0,reviewertoo_metareviewer,0,1.0
iclr_metareview_tXsE2wKPvx,binary,iclr_metareview,1.0,reviewertoo_metareviewer,0,0.0
iclr_metareview_tZ8cgf8X4T,binary,iclr_metareview,0.0,reviewertoo_metareviewer,0,0.0
iclr_metareview_tZXWWpVmbk,binary,iclr_metareview,0.0,reviewertoo_metareviewer,0,0.0
iclr_metareview_ta8BKRa1bl,binary,iclr_metareview,1.0,reviewertoo_metareviewer,0,0.0
iclr_metareview_taOzU6e5hf,binary,iclr_metareview,0.0,reviewertoo_metareviewer,0,1.0
iclr_metareview_tcbh5eKGPr,binary,iclr_metareview,0.0,reviewertoo_metareviewer,0,1.0
iclr_metareview_tcuaVzKm3e,binary,iclr_metareview,0.0,reviewertoo_metareviewer,0,1.0
iclr_metareview_tdF9DjCMjd,binary,iclr_metareview,0.0,reviewertoo_metareviewer,0,0.0
iclr_metareview_teFnaEdG2j,binary,iclr_metareview,0.0,reviewertoo_metareviewer,0,1.0
iclr_metareview_tg19FVh3p1,binary,iclr_metareview,1.0,reviewertoo_metareviewer,0,0.0
iclr_metareview_thoPskdIcE,binary,iclr_metareview,1.0,reviewertoo_metareviewer,0,0.0
iclr_metareview_ti7Lxjv3Ol,binary,iclr_metareview,0.0,reviewertoo_metareviewer,0,0.0
iclr_metareview_tjZHVvgmZt,binary,iclr_metareview,0.0,reviewertoo_metareviewer,0,0.0
iclr_metareview_tkzwm6q1oT,binary,iclr_metareview,0.0,reviewertoo_metareviewer,0,1.0
iclr_metareview_tl4tD9IB0o,binary,iclr_metareview,0.0,reviewertoo_metareviewer,0,0.0
iclr_metareview_tlHwfavblS,binary,iclr_metareview,0.0,reviewertoo_metareviewer,0,0.0
iclr_metareview_tldWaQEOfC,binary,iclr_metareview,0.0,reviewertoo_metareviewer,0,1.0
iclr_metareview_tmReo37kl2,binary,iclr_metareview,0.0,reviewertoo_metareviewer,0,0.0
iclr_metareview_tmTpi5swZ7,binary,iclr_metareview,0.0,reviewertoo_metareviewer,0,1.0
iclr_metareview_tn2VAi1KIO,binary,iclr_metareview,1.0,reviewertoo_metareviewer,0,0.0
iclr_metareview_tr6vRn2aPg,binary,iclr_metareview,1.0,reviewertoo_metareviewer,0,1.0
iclr_metareview_trBEiQFkxw,binary,iclr_metareview,0.0,reviewertoo_metareviewer,0,0.0
iclr_metareview_tswBfpkwHn,binary,iclr_metareview,0.0,reviewertoo_metareviewer,0,0.0
iclr_metareview_tuFRx6Ww2n,binary,iclr_metareview,0.0,reviewertoo_metareviewer,0,0.0
iclr_metareview_tuLF84azND,binary,iclr_metareview,1.0,reviewertoo_metareviewer,0,1.0
iclr_metareview_tucuU4sQ3s,binary,iclr_metareview,1.0,reviewertoo_metareviewer,0,0.0
iclr_metareview_twbMFL0DMp,binary,iclr_metareview,1.0,reviewertoo_metareviewer,0,0.0
iclr_metareview_twq5A3zdrH,binary,iclr_metareview,0.0,reviewertoo_metareviewer,0,1.0
iclr_metareview_twwqhMjWdk,binary,iclr_metareview,0.0,reviewertoo_metareviewer,0,0.0
iclr_metareview_tzHI7fvsw0,binary,iclr_metareview,0.0,reviewertoo_metareviewer,0,0.0
iclr_metareview_tzJMLU2yRC,binary,iclr_metareview,1.0,reviewertoo_metareviewer,0,1.0
iclr_metareview_tzS9roOTdj,binary,iclr_metareview,1.0,reviewertoo_metareviewer,0,0.0
iclr_metareview_u02Tgg4UYg,binary,iclr_metareview,1.0,reviewertoo_metareviewer,0,0.0
iclr_metareview_u0Luxn1MYM,binary,iclr_metareview,0.0,reviewertoo_metareviewer,0,1.0
iclr_metareview_u1hR5eP98V,binary,iclr_metareview,0.0,reviewertoo_metareviewer,0,1.0
iclr_metareview_u1tsgXPh2o,binary,iclr_metareview,1.0,reviewertoo_metareviewer,0,0.0
iclr_metareview_u6XIzTeDx3,binary,iclr_metareview,0.0,reviewertoo_metareviewer,0,0.0
iclr_metareview_u8lN11Gqbx,binary,iclr_metareview,0.0,reviewertoo_metareviewer,0,0.0
iclr_metareview_uDQiyW5C1X,binary,iclr_metareview,0.0,reviewertoo_metareviewer,0,1.0
iclr_metareview_uEND0LWlc8,binary,iclr_metareview,0.0,reviewertoo_metareviewer,0,0.0
iclr_metareview_uHDkm6bU04,binary,iclr_metareview,0.0,reviewertoo_metareviewer,0,0.0
iclr_metareview_uIW1z0cA4Y,binary,iclr_metareview,0.0,reviewertoo_metareviewer,0,0.0
iclr_metareview_uJCGMBO6Qx,binary,iclr_metareview,1.0,reviewertoo_metareviewer,0,1.0
iclr_metareview_uKPdSZuvUJ,binary,iclr_metareview,0.0,reviewertoo_metareviewer,0,0.0
iclr_metareview_uLdGZhxlxV,binary,iclr_metareview,0.0,reviewertoo_metareviewer,0,1.0
iclr_metareview_uLwuPbVegY,binary,iclr_metareview,0.0,reviewertoo_metareviewer,0,1.0
iclr_metareview_uMcI7jAe8Q,binary,iclr_metareview,0.0,reviewertoo_metareviewer,0,1.0
iclr_metareview_uN5cHI3kpt,binary,iclr_metareview,0.0,reviewertoo_metareviewer,0,1.0
iclr_metareview_uP6RDWHcs7,binary,iclr_metareview,0.0,reviewertoo_metareviewer,0,1.0
iclr_metareview_uQKtwdJN0o,binary,iclr_metareview,1.0,reviewertoo_metareviewer,0,0.0
iclr_metareview_uSIjOhmKtX,binary,iclr_metareview,0.0,reviewertoo_metareviewer,0,0.0
iclr_metareview_uTPQhBGQ89,binary,iclr_metareview,0.0,reviewertoo_metareviewer,0,1.0
iclr_metareview_uU9V4hszeU,binary,iclr_metareview,0.0,reviewertoo_metareviewer,0,0.0
iclr_metareview_uUYcKsPNgM,binary,iclr_metareview,0.0,reviewertoo_metareviewer,0,1.0
iclr_metareview_uUq0gemhnv,binary,iclr_metareview,0.0,reviewertoo_metareviewer,0,1.0
iclr_metareview_uXecy0nKiJ,binary,iclr_metareview,0.0,reviewertoo_metareviewer,0,0.0
iclr_metareview_uXmbrTlko7,binary,iclr_metareview,1.0,reviewertoo_metareviewer,0,1.0
iclr_metareview_ubAlIOmDoy,binary,iclr_metareview,0.0,reviewertoo_metareviewer,0,0.0
iclr_metareview_udTDFAshNM,binary,iclr_metareview,1.0,reviewertoo_metareviewer,0,1.0
iclr_metareview_ueh4YWLX4n,binary,iclr_metareview,0.0,reviewertoo_metareviewer,0,1.0
iclr_metareview_ueknOG1wXL,binary,iclr_metareview,1.0,reviewertoo_metareviewer,0,0.0
iclr_metareview_ufOWYDn9mB,binary,iclr_metareview,0.0,reviewertoo_metareviewer,0,0.0
iclr_metareview_ugGIpVfGE6,binary,iclr_metareview,1.0,reviewertoo_metareviewer,0,0.0
iclr_metareview_ugZKZ8vufv,binary,iclr_metareview,1.0,reviewertoo_metareviewer,0,0.0
iclr_metareview_uh97fTFeqn,binary,iclr_metareview,0.0,reviewertoo_metareviewer,0,1.0
iclr_metareview_uhB3pbJpRm,binary,iclr_metareview,0.0,reviewertoo_metareviewer,0,0.0
iclr_metareview_uhRqFNMSHz,binary,iclr_metareview,0.0,reviewertoo_metareviewer,0,1.0
iclr_metareview_uhg3rl2Wi2,binary,iclr_metareview,0.0,reviewertoo_metareviewer,0,0.0
iclr_metareview_uimQnHP3mt,binary,iclr_metareview,0.0,reviewertoo_metareviewer,0,0.0
iclr_metareview_ulOwQZdSbT,binary,iclr_metareview,0.0,reviewertoo_metareviewer,0,0.0
iclr_metareview_unCCafTmpn,binary,iclr_metareview,0.0,reviewertoo_metareviewer,0,1.0
iclr_metareview_up2LD7vVdW,binary,iclr_metareview,0.0,reviewertoo_metareviewer,0,1.0
iclr_metareview_upMIVpe467,binary,iclr_metareview,1.0,reviewertoo_metareviewer,0,1.0
iclr_metareview_uq5XvfLLGG,binary,iclr_metareview,0.0,reviewertoo_metareviewer,0,1.0
iclr_metareview_urElUkCUXq,binary,iclr_metareview,0.0,reviewertoo_metareviewer,0,1.0
iclr_metareview_urGk2mIJc3,binary,iclr_metareview,0.0,reviewertoo_metareviewer,0,1.0
iclr_metareview_usWILm9KEL,binary,iclr_metareview,0.0,reviewertoo_metareviewer,0,1.0
iclr_metareview_uuMMdEfFXR,binary,iclr_metareview,0.0,reviewertoo_metareviewer,0,0.0
iclr_metareview_uvc5qrD3R2,binary,iclr_metareview,0.0,reviewertoo_metareviewer,0,0.0
iclr_metareview_v2rYV1G6tO,binary,iclr_metareview,0.0,reviewertoo_metareviewer,0,0.0
iclr_metareview_v3SzGCfAXN,binary,iclr_metareview,1.0,reviewertoo_metareviewer,0,1.0
iclr_metareview_v3ejhJxT1W,binary,iclr_metareview,1.0,reviewertoo_metareviewer,0,1.0
iclr_metareview_v4VSoKwU5w,binary,iclr_metareview,0.0,reviewertoo_metareviewer,0,0.0
iclr_metareview_v4bQPw4aTW,binary,iclr_metareview,0.0,reviewertoo_metareviewer,0,1.0
iclr_metareview_v5rV5Y1IZv,binary,iclr_metareview,0.0,reviewertoo_metareviewer,0,1.0
iclr_metareview_v5wPrRd2Qo,binary,iclr_metareview,0.0,reviewertoo_metareviewer,0,1.0
iclr_metareview_v6WrkzScHC,binary,iclr_metareview,0.0,reviewertoo_metareviewer,0,1.0
iclr_metareview_v6XIxJzVWF,binary,iclr_metareview,0.0,reviewertoo_metareviewer,0,0.0
iclr_metareview_v6ppFkj1e9,binary,iclr_metareview,0.0,reviewertoo_metareviewer,0,1.0
iclr_metareview_v7k84w4Rq5,binary,iclr_metareview,0.0,reviewertoo_metareviewer,0,1.0
iclr_metareview_v9CIPqun2Z,binary,iclr_metareview,0.0,reviewertoo_metareviewer,0,0.0
iclr_metareview_vAPIIscwc7,binary,iclr_metareview,0.0,reviewertoo_metareviewer,0,1.0
iclr_metareview_vBJKZ19XGY,binary,iclr_metareview,1.0,reviewertoo_metareviewer,0,1.0
iclr_metareview_vF6nYMH8Zx,binary,iclr_metareview,0.0,reviewertoo_metareviewer,0,0.0
iclr_metareview_vH7OAPZ2dR,binary,iclr_metareview,1.0,reviewertoo_metareviewer,0,1.0
iclr_metareview_vHKUXkrpVs,binary,iclr_metareview,0.0,reviewertoo_metareviewer,0,0.0
iclr_metareview_vHQ1QJ5TIS,binary,iclr_metareview,0.0,reviewertoo_metareviewer,0,1.0
iclr_metareview_vHWC0vIMFJ,binary,iclr_metareview,0.0,reviewertoo_metareviewer,0,0.0
iclr_metareview_vKHCM9O25U,binary,iclr_metareview,0.0,reviewertoo_metareviewer,0,0.0
iclr_metareview_vN7rILXgcE,binary,iclr_metareview,0.0,reviewertoo_metareviewer,0,1.0
iclr_metareview_vNEY32I8Y8,binary,iclr_metareview,1.0,reviewertoo_metareviewer,0,1.0
iclr_metareview_vNIfmUPPfw,binary,iclr_metareview,0.0,reviewertoo_metareviewer,0,0.0
iclr_metareview_vQGHTyL0Jw,binary,iclr_metareview,1.0,reviewertoo_metareviewer,0,0.0
iclr_metareview_vQXnPpi74f,binary,iclr_metareview,0.0,reviewertoo_metareviewer,0,0.0
iclr_metareview_vR3wRYaucr,binary,iclr_metareview,0.0,reviewertoo_metareviewer,0,1.0
iclr_metareview_vRgEutPE4m,binary,iclr_metareview,1.0,reviewertoo_metareviewer,0,0.0
iclr_metareview_vRwuBOxbsJ,binary,iclr_metareview,1.0,reviewertoo_metareviewer,0,1.0
iclr_metareview_vSAWV43kvs,binary,iclr_metareview,0.0,reviewertoo_metareviewer,0,0.0
iclr_metareview_vT2511wojJ,binary,iclr_metareview,0.0,reviewertoo_metareviewer,0,1.0
iclr_metareview_vUK9lF2A51,binary,iclr_metareview,0.0,reviewertoo_metareviewer,0,1.0
iclr_metareview_vVGU6qgzC6,binary,iclr_metareview,0.0,reviewertoo_metareviewer,0,0.0
iclr_metareview_vc6pSwumm6,binary,iclr_metareview,0.0,reviewertoo_metareviewer,0,0.0
iclr_metareview_veHx4mmc9K,binary,iclr_metareview,0.0,reviewertoo_metareviewer,0,0.0
iclr_metareview_veL6ZAMFmb,binary,iclr_metareview,0.0,reviewertoo_metareviewer,0,1.0
iclr_metareview_vfCAJkBbwN,binary,iclr_metareview,0.0,reviewertoo_metareviewer,0,0.0
iclr_metareview_vff4htYMrO,binary,iclr_metareview,0.0,reviewertoo_metareviewer,0,0.0
iclr_metareview_vg8RDsCZbJ,binary,iclr_metareview,0.0,reviewertoo_metareviewer,0,0.0
iclr_metareview_vhfgC7QG4r,binary,iclr_metareview,0.0,reviewertoo_metareviewer,0,0.0
iclr_metareview_vhv48Bxpud,binary,iclr_metareview,0.0,reviewertoo_metareviewer,0,0.0
iclr_metareview_viBAbg9ihM,binary,iclr_metareview,1.0,reviewertoo_metareviewer,0,1.0
iclr_metareview_vizM7B7vuW,binary,iclr_metareview,1.0,reviewertoo_metareviewer,0,1.0
iclr_metareview_vjdteya8oa,binary,iclr_metareview,0.0,reviewertoo_metareviewer,0,0.0
iclr_metareview_vnEuxLVFmN,binary,iclr_metareview,0.0,reviewertoo_metareviewer,0,0.0
iclr_metareview_voLoLHms2K,binary,iclr_metareview,0.0,reviewertoo_metareviewer,0,0.0
iclr_metareview_vokqMIUEaz,binary,iclr_metareview,0.0,reviewertoo_metareviewer,0,1.0
iclr_metareview_vpKXTmMtBQ,binary,iclr_metareview,0.0,reviewertoo_metareviewer,0,0.0
iclr_metareview_vrUqxxnU9A,binary,iclr_metareview,0.0,reviewertoo_metareviewer,0,1.0
iclr_metareview_vrXAFcqUro,binary,iclr_metareview,0.0,reviewertoo_metareviewer,0,1.0
iclr_metareview_vrwTC598H0,binary,iclr_metareview,0.0,reviewertoo_metareviewer,0,1.0
iclr_metareview_vsLZPkKCAB,binary,iclr_metareview,0.0,reviewertoo_metareviewer,0,1.0
iclr_metareview_vsqQ1Gnf0V,binary,iclr_metareview,0.0,reviewertoo_metareviewer,0,0.0
iclr_metareview_vu1IEpdUQh,binary,iclr_metareview,1.0,reviewertoo_metareviewer,0,1.0
iclr_metareview_vuyk1fSaE4,binary,iclr_metareview,1.0,reviewertoo_metareviewer,0,1.0
iclr_metareview_vwVp5y2Ovg,binary,iclr_metareview,0.0,reviewertoo_metareviewer,0,1.0
iclr_metareview_vwgrHsmKuH,binary,iclr_metareview,0.0,reviewertoo_metareviewer,0,0.0
iclr_metareview_vx0luAhOGl,binary,iclr_metareview,0.0,reviewertoo_metareviewer,0,0.0
iclr_metareview_vxHuIehryA,binary,iclr_metareview,0.0,reviewertoo_metareviewer,0,0.0
iclr_metareview_vyb4S7dbSx,binary,iclr_metareview,0.0,reviewertoo_metareviewer,0,1.0
iclr_metareview_vzHe5d5ZQu,binary,iclr_metareview,0.0,reviewertoo_metareviewer,0,0.0
iclr_metareview_vzkEX2SwFD,binary,iclr_metareview,1.0,reviewertoo_metareviewer,0,1.0
iclr_metareview_vzlDdOzXAh,binary,iclr_metareview,1.0,reviewertoo_metareviewer,0,1.0
iclr_metareview_w0XhHcXfKv,binary,iclr_metareview,1.0,reviewertoo_metareviewer,0,1.0
iclr_metareview_w12WVeZN0z,binary,iclr_metareview,0.0,reviewertoo_metareviewer,0,1.0
iclr_metareview_w27mNVSvLr,binary,iclr_metareview,0.0,reviewertoo_metareviewer,0,1.0
iclr_metareview_w2tnhhMbXv,binary,iclr_metareview,1.0,reviewertoo_metareviewer,0,1.0
iclr_metareview_w5dplNdl3x,binary,iclr_metareview,0.0,reviewertoo_metareviewer,0,0.0
iclr_metareview_w696Vhv5B2,binary,iclr_metareview,0.0,reviewertoo_metareviewer,0,0.0
iclr_metareview_w8VvosbQax,binary,iclr_metareview,0.0,reviewertoo_metareviewer,0,1.0
iclr_metareview_w8rZ2Jd6Jo,binary,iclr_metareview,1.0,reviewertoo_metareviewer,0,0.0
iclr_metareview_wAnUkvaOKQ,binary,iclr_metareview,0.0,reviewertoo_metareviewer,0,0.0
iclr_metareview_wBKXuuLZbc,binary,iclr_metareview,1.0,reviewertoo_metareviewer,0,1.0
iclr_metareview_wCNF496jeg,binary,iclr_metareview,0.0,reviewertoo_metareviewer,0,0.0
iclr_metareview_wCX6rH8hHf,binary,iclr_metareview,0.0,reviewertoo_metareviewer,0,1.0
iclr_metareview_wDHaTrs8UT,binary,iclr_metareview,0.0,reviewertoo_metareviewer,0,1.0
iclr_metareview_wED9O48qmH,binary,iclr_metareview,1.0,reviewertoo_metareviewer,0,1.0
iclr_metareview_wEuWyQnLY5,binary,iclr_metareview,1.0,reviewertoo_metareviewer,0,0.0
iclr_metareview_wGFD7ITicm,binary,iclr_metareview,1.0,reviewertoo_metareviewer,0,0.0
iclr_metareview_wHMuQ9HgUo,binary,iclr_metareview,1.0,reviewertoo_metareviewer,0,0.0
iclr_metareview_wIGG5HVGd8,binary,iclr_metareview,0.0,reviewertoo_metareviewer,0,0.0
iclr_metareview_wIHaIruGMN,binary,iclr_metareview,0.0,reviewertoo_metareviewer,0,0.0
iclr_metareview_wJn4WbvSpK,binary,iclr_metareview,1.0,reviewertoo_metareviewer,0,1.0
iclr_metareview_wKHYMUDaWO,binary,iclr_metareview,0.0,reviewertoo_metareviewer,0,1.0
iclr_metareview_wKTwm7ZzDK,binary,iclr_metareview,0.0,reviewertoo_metareviewer,0,0.0
iclr_metareview_wL3LrVW0by,binary,iclr_metareview,0.0,reviewertoo_metareviewer,0,1.0
iclr_metareview_wLcTAJ7DF9,binary,iclr_metareview,1.0,reviewertoo_metareviewer,0,0.0
iclr_metareview_wPr54hJYuF,binary,iclr_metareview,0.0,reviewertoo_metareviewer,0,1.0
iclr_metareview_wU4Tjlzg3h,binary,iclr_metareview,0.0,reviewertoo_metareviewer,0,0.0
iclr_metareview_wUkAwglpzD,binary,iclr_metareview,0.0,reviewertoo_metareviewer,0,0.0
iclr_metareview_wVBVa09JVV,binary,iclr_metareview,0.0,reviewertoo_metareviewer,0,1.0
iclr_metareview_wXan3GYeHL,binary,iclr_metareview,0.0,reviewertoo_metareviewer,0,0.0
iclr_metareview_wZ9KCmV6a4,binary,iclr_metareview,0.0,reviewertoo_metareviewer,0,0.0
iclr_metareview_wZN8debH4W,binary,iclr_metareview,1.0,reviewertoo_metareviewer,0,1.0
iclr_metareview_wbnGAHI4Ev,binary,iclr_metareview,0.0,reviewertoo_metareviewer,0,0.0
iclr_metareview_wcTuZG9P2o,binary,iclr_metareview,1.0,reviewertoo_metareviewer,0,0.0
iclr_metareview_wd3nWzmE7i,binary,iclr_metareview,0.0,reviewertoo_metareviewer,0,0.0
iclr_metareview_wdFdObhQnG,binary,iclr_metareview,0.0,reviewertoo_metareviewer,0,0.0
iclr_metareview_wdiyHGoswX,binary,iclr_metareview,0.0,reviewertoo_metareviewer,0,0.0
iclr_metareview_wdodgzllZw,binary,iclr_metareview,1.0,reviewertoo_metareviewer,0,1.0
iclr_metareview_weUP6H5Ko9,binary,iclr_metareview,1.0,reviewertoo_metareviewer,0,1.0
iclr_metareview_weWUOuLTdj,binary,iclr_metareview,0.0,reviewertoo_metareviewer,0,0.0
iclr_metareview_wexchCpI9C,binary,iclr_metareview,0.0,reviewertoo_metareviewer,0,1.0
iclr_metareview_wfrut2E7Tm,binary,iclr_metareview,0.0,reviewertoo_metareviewer,0,1.0
iclr_metareview_wfxSlw1udI,binary,iclr_metareview,0.0,reviewertoo_metareviewer,0,1.0
iclr_metareview_wgGJE6Z1B3,binary,iclr_metareview,1.0,reviewertoo_metareviewer,0,1.0
iclr_metareview_whkb7c1GAV,binary,iclr_metareview,0.0,reviewertoo_metareviewer,0,0.0
iclr_metareview_wiPldcWBPp,binary,iclr_metareview,0.0,reviewertoo_metareviewer,0,1.0
iclr_metareview_wkWwXiw4Vb,binary,iclr_metareview,0.0,reviewertoo_metareviewer,0,0.0
iclr_metareview_wmQoigkqUt,binary,iclr_metareview,1.0,reviewertoo_metareviewer,0,0.0
iclr_metareview_wmiEXNEXPs,binary,iclr_metareview,1.0,reviewertoo_metareviewer,0,1.0
iclr_metareview_wnCJLnRBtb,binary,iclr_metareview,0.0,reviewertoo_metareviewer,0,1.0
iclr_metareview_wonSO0gOan,binary,iclr_metareview,0.0,reviewertoo_metareviewer,0,0.0
iclr_metareview_wpQCA4yMkq,binary,iclr_metareview,0.0,reviewertoo_metareviewer,0,0.0
iclr_metareview_wpVOjl3KDV,binary,iclr_metareview,0.0,reviewertoo_metareviewer,0,1.0
iclr_metareview_wqwtDpPeEf,binary,iclr_metareview,0.0,reviewertoo_metareviewer,0,1.0
iclr_metareview_wt0PcLpP2p,binary,iclr_metareview,0.0,reviewertoo_metareviewer,0,0.0
iclr_metareview_wue4blBoAx,binary,iclr_metareview,0.0,reviewertoo_metareviewer,0,0.0
iclr_metareview_wunWpzNKfl,binary,iclr_metareview,0.0,reviewertoo_metareviewer,0,0.0
iclr_metareview_wviOOX5JVn,binary,iclr_metareview,1.0,reviewertoo_metareviewer,0,1.0
iclr_metareview_wy41I8a3Mr,binary,iclr_metareview,0.0,reviewertoo_metareviewer,0,1.0
iclr_metareview_wyIlqIMMnZ,binary,iclr_metareview,0.0,reviewertoo_metareviewer,0,1.0
iclr_metareview_wyucYNGPiW,binary,iclr_metareview,1.0,reviewertoo_metareviewer,0,1.0
iclr_metareview_x0GZfCYatn,binary,iclr_metareview,0.0,reviewertoo_metareviewer,0,0.0
iclr_metareview_x0xBJxrVTy,binary,iclr_metareview,1.0,reviewertoo_metareviewer,0,1.0
iclr_metareview_x3WyBB7Fma,binary,iclr_metareview,0.0,reviewertoo_metareviewer,0,0.0
iclr_metareview_x446ASYlCt,binary,iclr_metareview,1.0,reviewertoo_metareviewer,0,0.0
iclr_metareview_x4m8cHULGI,binary,iclr_metareview,0.0,reviewertoo_metareviewer,0,0.0
iclr_metareview_x66u6TEDUw,binary,iclr_metareview,1.0,reviewertoo_metareviewer,0,0.0
iclr_metareview_x6bG2Hoqdf,binary,iclr_metareview,1.0,reviewertoo_metareviewer,0,1.0
iclr_metareview_x79tGDQd7Z,binary,iclr_metareview,0.0,reviewertoo_metareviewer,0,0.0
iclr_metareview_x7C9A4Y9cF,binary,iclr_metareview,0.0,reviewertoo_metareviewer,0,1.0
iclr_metareview_xAPoscV2Bw,binary,iclr_metareview,1.0,reviewertoo_metareviewer,0,1.0
iclr_metareview_xBQvvkg4Wc,binary,iclr_metareview,1.0,reviewertoo_metareviewer,0,1.0
iclr_metareview_xBlHiHdXap,binary,iclr_metareview,1.0,reviewertoo_metareviewer,0,1.0
iclr_metareview_xD0ivsbBf6,binary,iclr_metareview,0.0,reviewertoo_metareviewer,0,1.0
iclr_metareview_xDLE5n3x9Y,binary,iclr_metareview,1.0,reviewertoo_metareviewer,0,1.0
iclr_metareview_xDO0239YOm,binary,iclr_metareview,0.0,reviewertoo_metareviewer,0,0.0
iclr_metareview_xEWooSOgaz,binary,iclr_metareview,1.0,reviewertoo_metareviewer,0,0.0
iclr_metareview_xEsJW4xqQC,binary,iclr_metareview,0.0,reviewertoo_metareviewer,0,0.0
iclr_metareview_xG0mQ4Xsfm,binary,iclr_metareview,1.0,reviewertoo_metareviewer,0,1.0
iclr_metareview_xGmWHCpVoM,binary,iclr_metareview,0.0,reviewertoo_metareviewer,0,1.0
iclr_metareview_xH0pSRWbFi,binary,iclr_metareview,1.0,reviewertoo_metareviewer,0,0.0
iclr_metareview_xIycolc5Xw,binary,iclr_metareview,1.0,reviewertoo_metareviewer,0,1.0
iclr_metareview_xKJ0lVQEv7,binary,iclr_metareview,0.0,reviewertoo_metareviewer,0,1.0
iclr_metareview_xNUgwvJ115,binary,iclr_metareview,0.0,reviewertoo_metareviewer,0,0.0
iclr_metareview_xPEsxcO7F7,binary,iclr_metareview,1.0,reviewertoo_metareviewer,0,1.0
iclr_metareview_xPxoZuosIe,binary,iclr_metareview,0.0,reviewertoo_metareviewer,0,0.0
iclr_metareview_xTVKObXd5r,binary,iclr_metareview,0.0,reviewertoo_metareviewer,0,1.0
iclr_metareview_xTbFeDhdRG,binary,iclr_metareview,1.0,reviewertoo_metareviewer,0,0.0
iclr_metareview_xU8DPbrglA,binary,iclr_metareview,0.0,reviewertoo_metareviewer,0,1.0
iclr_metareview_xVO4BqmzVD,binary,iclr_metareview,0.0,reviewertoo_metareviewer,0,1.0
iclr_metareview_xWOTN66DQm,binary,iclr_metareview,0.0,reviewertoo_metareviewer,0,1.0
iclr_metareview_xaKwnFpBxq,binary,iclr_metareview,0.0,reviewertoo_metareviewer,0,0.0
iclr_metareview_xdvlzO7LZ0,binary,iclr_metareview,0.0,reviewertoo_metareviewer,0,1.0
iclr_metareview_xf0pldrWcz,binary,iclr_metareview,0.0,reviewertoo_metareviewer,0,1.0
iclr_metareview_xf2JC4531b,binary,iclr_metareview,0.0,reviewertoo_metareviewer,0,0.0
iclr_metareview_xfUu6qhKcv,binary,iclr_metareview,0.0,reviewertoo_metareviewer,0,0.0
iclr_metareview_xk8EqWDPQw,binary,iclr_metareview,1.0,reviewertoo_metareviewer,0,0.0
iclr_metareview_xkbjNJi0eb,binary,iclr_metareview,0.0,reviewertoo_metareviewer,0,1.0
iclr_metareview_xm5MELPxTv,binary,iclr_metareview,0.0,reviewertoo_metareviewer,0,0.0
iclr_metareview_xn6oYdeDw8,binary,iclr_metareview,0.0,reviewertoo_metareviewer,0,0.0
iclr_metareview_xn9fS09Yir,binary,iclr_metareview,0.0,reviewertoo_metareviewer,0,0.0
iclr_metareview_xniQIl8oTw,binary,iclr_metareview,0.0,reviewertoo_metareviewer,0,1.0
iclr_metareview_xoiJ1FOqHr,binary,iclr_metareview,0.0,reviewertoo_metareviewer,0,1.0
iclr_metareview_xpE2UhIILB,binary,iclr_metareview,0.0,reviewertoo_metareviewer,0,1.0
iclr_metareview_xpvQ8vUtwW,binary,iclr_metareview,0.0,reviewertoo_metareviewer,0,0.0
iclr_metareview_xrAOvoTfJq,binary,iclr_metareview,0.0,reviewertoo_metareviewer,0,0.0
iclr_metareview_xsPWWSod4M,binary,iclr_metareview,1.0,reviewertoo_metareviewer,0,1.0
iclr_metareview_xu1XwVZtDi,binary,iclr_metareview,1.0,reviewertoo_metareviewer,0,1.0
iclr_metareview_xuT6MSjLS1,binary,iclr_metareview,0.0,reviewertoo_metareviewer,0,1.0
iclr_metareview_xvRpSz6rr6,binary,iclr_metareview,0.0,reviewertoo_metareviewer,0,1.0
iclr_metareview_xvcqXxw4Le,binary,iclr_metareview,0.0,reviewertoo_metareviewer,0,1.0
iclr_metareview_xvzwLMgX3U,binary,iclr_metareview,0.0,reviewertoo_metareviewer,0,1.0
iclr_metareview_xwOxp1kwiO,binary,iclr_metareview,0.0,reviewertoo_metareviewer,0,0.0
iclr_metareview_xx3DCKbt1T,binary,iclr_metareview,0.0,reviewertoo_metareviewer,0,0.0
iclr_metareview_xz3hPommuG,binary,iclr_metareview,1.0,reviewertoo_metareviewer,0,1.0
iclr_metareview_y1EQ5EH5zF,binary,iclr_metareview,0.0,reviewertoo_metareviewer,0,0.0
iclr_metareview_y1N4v2v5Xz,binary,iclr_metareview,0.0,reviewertoo_metareviewer,0,1.0
iclr_metareview_y1tPw4Uuzg,binary,iclr_metareview,1.0,reviewertoo_metareviewer,0,1.0
iclr_metareview_y2QHVETUqJ,binary,iclr_metareview,0.0,reviewertoo_metareviewer,0,1.0
iclr_metareview_y3073f59bH,binary,iclr_metareview,0.0,reviewertoo_metareviewer,0,0.0
iclr_metareview_y33YQtryuH,binary,iclr_metareview,0.0,reviewertoo_metareviewer,0,1.0
iclr_metareview_y3UkklvoW9,binary,iclr_metareview,1.0,reviewertoo_metareviewer,0,1.0
iclr_metareview_y5GYHWCmco,binary,iclr_metareview,0.0,reviewertoo_metareviewer,0,0.0
iclr_metareview_y5zEWTT1O0,binary,iclr_metareview,0.0,reviewertoo_metareviewer,0,1.0
iclr_metareview_y7xF1bQ0C5,binary,iclr_metareview,0.0,reviewertoo_metareviewer,0,0.0
iclr_metareview_y8jS7mDurI,binary,iclr_metareview,0.0,reviewertoo_metareviewer,0,1.0
iclr_metareview_y8sZUQPYXC,binary,iclr_metareview,1.0,reviewertoo_metareviewer,0,1.0
iclr_metareview_y9SV71G8fP,binary,iclr_metareview,0.0,reviewertoo_metareviewer,0,0.0
iclr_metareview_yAApKP1j0E,binary,iclr_metareview,0.0,reviewertoo_metareviewer,0,1.0
iclr_metareview_yB4imIAR0J,binary,iclr_metareview,0.0,reviewertoo_metareviewer,0,0.0
iclr_metareview_yBi1por8ke,binary,iclr_metareview,0.0,reviewertoo_metareviewer,0,0.0
iclr_metareview_yBpzF8hp3J,binary,iclr_metareview,1.0,reviewertoo_metareviewer,0,1.0
iclr_metareview_yCTpYe3UOL,binary,iclr_metareview,1.0,reviewertoo_metareviewer,0,0.0
iclr_metareview_yDbJHQlrbf,binary,iclr_metareview,1.0,reviewertoo_metareviewer,0,0.0
iclr_metareview_yDqrGP4w2E,binary,iclr_metareview,0.0,reviewertoo_metareviewer,0,1.0
iclr_metareview_yFq9L5pTHY,binary,iclr_metareview,0.0,reviewertoo_metareviewer,0,0.0
iclr_metareview_yFv7Hg1Ydo,binary,iclr_metareview,0.0,reviewertoo_metareviewer,0,1.0
iclr_metareview_yGJrvSU6wK,binary,iclr_metareview,1.0,reviewertoo_metareviewer,0,0.0
iclr_metareview_yI5APXuepL,binary,iclr_metareview,0.0,reviewertoo_metareviewer,0,0.0
iclr_metareview_yJoHTqUNry,binary,iclr_metareview,1.0,reviewertoo_metareviewer,0,1.0
iclr_metareview_yMIU4Sfkn6,binary,iclr_metareview,0.0,reviewertoo_metareviewer,0,0.0
iclr_metareview_yOY8iCLwCS,binary,iclr_metareview,0.0,reviewertoo_metareviewer,0,0.0
iclr_metareview_yQlTgHo1um,binary,iclr_metareview,1.0,reviewertoo_metareviewer,0,1.0
iclr_metareview_yResLmrVO1,binary,iclr_metareview,1.0,reviewertoo_metareviewer,0,1.0
iclr_metareview_yTUNl6jYGU,binary,iclr_metareview,1.0,reviewertoo_metareviewer,0,1.0
iclr_metareview_yTWKqbCKyZ,binary,iclr_metareview,0.0,reviewertoo_metareviewer,0,0.0
iclr_metareview_yV1Cqypc1A,binary,iclr_metareview,0.0,reviewertoo_metareviewer,0,0.0
iclr_metareview_yWwrgcBoK3,binary,iclr_metareview,1.0,reviewertoo_metareviewer,0,1.0
iclr_metareview_yXDjrFpBtp,binary,iclr_metareview,0.0,reviewertoo_metareviewer,0,0.0
iclr_metareview_yZuJwu4s3T,binary,iclr_metareview,0.0,reviewertoo_metareviewer,0,1.0
iclr_metareview_ybQCL0dmuB,binary,iclr_metareview,0.0,reviewertoo_metareviewer,0,1.0
iclr_metareview_ycZSujtyz4,binary,iclr_metareview,0.0,reviewertoo_metareviewer,0,0.0
iclr_metareview_yd55HULWM1,binary,iclr_metareview,0.0,reviewertoo_metareviewer,0,0.0
iclr_metareview_yezWGJmODg,binary,iclr_metareview,1.0,reviewertoo_metareviewer,0,1.0
iclr_metareview_yhEi1aeWCQ,binary,iclr_metareview,0.0,reviewertoo_metareviewer,0,1.0
iclr_metareview_yiNVIcAfg9,binary,iclr_metareview,0.0,reviewertoo_metareviewer,0,0.0
iclr_metareview_ykSmkVqzn4,binary,iclr_metareview,1.0,reviewertoo_metareviewer,0,1.0
iclr_metareview_yli4zJhJB0,binary,iclr_metareview,1.0,reviewertoo_metareviewer,0,1.0
iclr_metareview_ymidNjoH4V,binary,iclr_metareview,0.0,reviewertoo_metareviewer,0,0.0
iclr_metareview_yn0Wu7NsTa,binary,iclr_metareview,1.0,reviewertoo_metareviewer,0,0.0
iclr_metareview_ynT6rqo4Lp,binary,iclr_metareview,1.0,reviewertoo_metareviewer,0,0.0
iclr_metareview_yngvAamNQi,binary,iclr_metareview,1.0,reviewertoo_metareviewer,0,0.0
iclr_metareview_ypFvQSXFNC,binary,iclr_metareview,1.0,reviewertoo_metareviewer,0,1.0
iclr_metareview_ys2psnXTJL,binary,iclr_metareview,0.0,reviewertoo_metareviewer,0,0.0
iclr_metareview_yt9TW2WtpG,binary,iclr_metareview,1.0,reviewertoo_metareviewer,0,0.0
iclr_metareview_ytIwlWzo0M,binary,iclr_metareview,0.0,reviewertoo_metareviewer,0,0.0
iclr_metareview_ytowjGMISZ,binary,iclr_metareview,0.0,reviewertoo_metareviewer,0,0.0
iclr_metareview_yu148f4aXm,binary,iclr_metareview,0.0,reviewertoo_metareviewer,0,1.0
iclr_metareview_yv0wfPYvey,binary,iclr_metareview,0.0,reviewertoo_metareviewer,0,1.0
iclr_metareview_yvXtCn2zfz,binary,iclr_metareview,1.0,reviewertoo_metareviewer,0,1.0
iclr_metareview_ywMGBtTi4z,binary,iclr_metareview,0.0,reviewertoo_metareviewer,0,0.0
iclr_metareview_ywPINvcN95,binary,iclr_metareview,0.0,reviewertoo_metareviewer,0,1.0
iclr_metareview_ywXgFYs44d,binary,iclr_metareview,0.0,reviewertoo_metareviewer,0,0.0
iclr_metareview_yx3g4sF70y,binary,iclr_metareview,1.0,reviewertoo_metareviewer,0,1.0
iclr_metareview_yx65dQBUsH,binary,iclr_metareview,0.0,reviewertoo_metareviewer,0,0.0
iclr_metareview_yxGPF62JUz,binary,iclr_metareview,0.0,reviewertoo_metareviewer,0,0.0
iclr_metareview_yyqbLqLhGl,binary,iclr_metareview,0.0,reviewertoo_metareviewer,0,0.0
iclr_metareview_yz29QCGVzC,binary,iclr_metareview,1.0,reviewertoo_metareviewer,0,0.0
iclr_metareview_yz7fL5vfpn,binary,iclr_metareview,1.0,reviewertoo_metareviewer,0,0.0
iclr_metareview_z0yJLFueGC,binary,iclr_metareview,0.0,reviewertoo_metareviewer,0,1.0
iclr_metareview_z28PLIEj6l,binary,iclr_metareview,1.0,reviewertoo_metareviewer,0,0.0
iclr_metareview_z3bntsNwG0,binary,iclr_metareview,0.0,reviewertoo_metareviewer,0,0.0
iclr_metareview_z3cFADf6zZ,binary,iclr_metareview,1.0,reviewertoo_metareviewer,0,1.0
iclr_metareview_z4PeAwPNon,binary,iclr_metareview,0.0,reviewertoo_metareviewer,0,0.0
iclr_metareview_z5A8jZ5vWE,binary,iclr_metareview,0.0,reviewertoo_metareviewer,0,0.0
iclr_metareview_z5CwjJgw3i,binary,iclr_metareview,0.0,reviewertoo_metareviewer,0,1.0
iclr_metareview_z5Mn8Rxi3l,binary,iclr_metareview,1.0,reviewertoo_metareviewer,0,1.0
iclr_metareview_z6uPONc8h1,binary,iclr_metareview,0.0,reviewertoo_metareviewer,0,0.0
iclr_metareview_z7UCqS5ufq,binary,iclr_metareview,0.0,reviewertoo_metareviewer,0,0.0
iclr_metareview_z7ilspv4uH,binary,iclr_metareview,0.0,reviewertoo_metareviewer,0,0.0
iclr_metareview_z8Smdfn8FF,binary,iclr_metareview,0.0,reviewertoo_metareviewer,0,1.0
iclr_metareview_zB84FcNK2m,binary,iclr_metareview,0.0,reviewertoo_metareviewer,0,1.0
iclr_metareview_zBPZeRjfgu,binary,iclr_metareview,1.0,reviewertoo_metareviewer,0,0.0
iclr_metareview_zBPzxhso8M,binary,iclr_metareview,1.0,reviewertoo_metareviewer,0,0.0
iclr_metareview_zBvSFeZRL8,binary,iclr_metareview,0.0,reviewertoo_metareviewer,0,0.0
iclr_metareview_zCBGe9AqJZ,binary,iclr_metareview,1.0,reviewertoo_metareviewer,0,1.0
iclr_metareview_zCpVdWaIEp,binary,iclr_metareview,0.0,reviewertoo_metareviewer,0,0.0
iclr_metareview_zF0A0xw3HZ,binary,iclr_metareview,1.0,reviewertoo_metareviewer,0,1.0
iclr_metareview_zF7GyVXVw6,binary,iclr_metareview,1.0,reviewertoo_metareviewer,0,1.0
iclr_metareview_zFF0WRMjlp,binary,iclr_metareview,1.0,reviewertoo_metareviewer,0,0.0
iclr_metareview_zGXHQsE8pL,binary,iclr_metareview,0.0,reviewertoo_metareviewer,0,0.0
iclr_metareview_zGr73fcSsB,binary,iclr_metareview,0.0,reviewertoo_metareviewer,0,0.0
iclr_metareview_zHexNab8uH,binary,iclr_metareview,0.0,reviewertoo_metareviewer,0,0.0
iclr_metareview_zHuV3Vatov,binary,iclr_metareview,1.0,reviewertoo_metareviewer,0,1.0
iclr_metareview_zJaqyxO7K7,binary,iclr_metareview,0.0,reviewertoo_metareviewer,0,1.0
iclr_metareview_zJm9nmoahk,binary,iclr_metareview,1.0,reviewertoo_metareviewer,0,0.0
iclr_metareview_zJnPyb2xrp,binary,iclr_metareview,1.0,reviewertoo_metareviewer,0,1.0
iclr_metareview_zKScZv52iL,binary,iclr_metareview,0.0,reviewertoo_metareviewer,0,1.0
iclr_metareview_zM23kMEt5q,binary,iclr_metareview,1.0,reviewertoo_metareviewer,0,1.0
iclr_metareview_zMQT22aG23,binary,iclr_metareview,0.0,reviewertoo_metareviewer,0,0.0
iclr_metareview_zOaKaSMwdn,binary,iclr_metareview,0.0,reviewertoo_metareviewer,0,0.0
iclr_metareview_zPvdG1Va5Q,binary,iclr_metareview,1.0,reviewertoo_metareviewer,0,0.0
iclr_metareview_zUbBaWAM1Q,binary,iclr_metareview,1.0,reviewertoo_metareviewer,0,1.0
iclr_metareview_zV5QoVWr05,binary,iclr_metareview,0.0,reviewertoo_metareviewer,0,0.0
iclr_metareview_zVOgqaR261,binary,iclr_metareview,0.0,reviewertoo_metareviewer,0,1.0
iclr_metareview_zVmS7G6Dyi,binary,iclr_metareview,1.0,reviewertoo_metareviewer,0,0.0
iclr_metareview_zWQFfMfKYp,binary,iclr_metareview,0.0,reviewertoo_metareviewer,0,1.0
iclr_metareview_zWRmev5IQ4,binary,iclr_metareview,0.0,reviewertoo_metareviewer,0,1.0
iclr_metareview_zWdJIhl4Bw,binary,iclr_metareview,0.0,reviewertoo_metareviewer,0,1.0
iclr_metareview_zXHiyA8OGq,binary,iclr_metareview,0.0,reviewertoo_metareviewer,0,0.0
iclr_metareview_zZL7HdfKuU,binary,iclr_metareview,0.0,reviewertoo_metareviewer,0,0.0
iclr_metareview_zZniBwnUyd,binary,iclr_metareview,0.0,reviewertoo_metareviewer,0,1.0
iclr_metareview_zZvrFzDkwF,binary,iclr_metareview,0.0,reviewertoo_metareviewer,0,1.0
iclr_metareview_zbHpRwzrq5,binary,iclr_metareview,1.0,reviewertoo_metareviewer,0,1.0
iclr_metareview_zbRh0eSl7Q,binary,iclr_metareview,0.0,reviewertoo_metareviewer,0,1.0
iclr_metareview_zc1ezBrr5m,binary,iclr_metareview,1.0,reviewertoo_metareviewer,0,1.0
iclr_metareview_zd9R2T4HiX,binary,iclr_metareview,1.0,reviewertoo_metareviewer,0,1.0
iclr_metareview_zeBKTZEiCv,binary,iclr_metareview,0.0,reviewertoo_metareviewer,0,0.0
iclr_metareview_zfAGgLRWXJ,binary,iclr_metareview,0.0,reviewertoo_metareviewer,0,1.0
iclr_metareview_zfuGXx4059,binary,iclr_metareview,0.0,reviewertoo_metareviewer,0,1.0
iclr_metareview_zgKHfTXG92,binary,iclr_metareview,0.0,reviewertoo_metareviewer,0,1.0
iclr_metareview_ziP9zetlLp,binary,iclr_metareview,1.0,reviewertoo_metareviewer,0,1.0
iclr_metareview_zifQaLogHV,binary,iclr_metareview,0.0,reviewertoo_metareviewer,0,0.0
iclr_metareview_zj9Mm4bCAo,binary,iclr_metareview,0.0,reviewertoo_metareviewer,0,1.0
iclr_metareview_zkCZDdeS9s,binary,iclr_metareview,1.0,reviewertoo_metareviewer,0,0.0
iclr_metareview_zm35dmBdok,binary,iclr_metareview,0.0,reviewertoo_metareviewer,0,0.0
iclr_metareview_zmYx32SSOR,binary,iclr_metareview,0.0,reviewertoo_metareviewer,0,0.0
iclr_metareview_znDmHZbvY6,binary,iclr_metareview,0.0,reviewertoo_metareviewer,0,1.0
iclr_metareview_znsrpkKqrp,binary,iclr_metareview,0.0,reviewertoo_metareviewer,0,1.0
iclr_metareview_zqOCacBD3P,binary,iclr_metareview,1.0,reviewertoo_metareviewer,0,1.0
iclr_metareview_zrGcuTNwu1,binary,iclr_metareview,0.0,reviewertoo_metareviewer,0,0.0
iclr_metareview_zrQkWSecMR,binary,iclr_metareview,1.0,reviewertoo_metareviewer,0,0.0
iclr_metareview_zsNUc2iMzp,binary,iclr_metareview,1.0,reviewertoo_metareviewer,0,1.0
iclr_metareview_zt7IPzsXrT,binary,iclr_metareview,1.0,reviewertoo_metareviewer,0,0.0
iclr_metareview_ztIFs5nZJr,binary,iclr_metareview,0.0,reviewertoo_metareviewer,0,1.0
iclr_metareview_ztu1yY0KHD,binary,iclr_metareview,0.0,reviewertoo_metareviewer,0,1.0
iclr_metareview_zu02kGyZsw,binary,iclr_metareview,0.0,reviewertoo_metareviewer,0,0.0
iclr_metareview_zueIXg5FP5,binary,iclr_metareview,1.0,reviewertoo_metareviewer,0,1.0
iclr_metareview_zvvZl0N3Sm,binary,iclr_metareview,0.0,reviewertoo_metareviewer,0,1.0
iclr_metareview_zvw9Hiwa0i,binary,iclr_metareview,1.0,reviewertoo_metareviewer,0,1.0
iclr_metareview_zvyeR1YBVC,binary,iclr_metareview,0.0,reviewertoo_metareviewer,0,1.0
iclr_metareview_zvzrDQTk1n,binary,iclr_metareview,0.0,reviewertoo_metareviewer,0,0.0
iclr_metareview_zy06mHNoO2,binary,iclr_metareview,0.0,reviewertoo_metareviewer,0,0.0
iclr_metareview_zyCjizqOxB,binary,iclr_metareview,1.0,reviewertoo_metareviewer,0,1.0
iclr_metareview_zyRmy0Ch9a,binary,iclr_metareview,1.0,reviewertoo_metareviewer,0,1.0
iclr_metareview_zz06hwkH37,binary,iclr_metareview,0.0,reviewertoo_metareviewer,0,1.0
iclr_metareview_zzJTo7ujql,binary,iclr_metareview,0.0,reviewertoo_metareviewer,0,1.0
